id,datestamp,timestamp,tweet
1268525611150163969,2020-06-04,14:50:48,A Presidè! Dopo che avete scassato la minchia per ls festa della Madonna del Soccorso del 16 maggio ieri ho letto il bollettino cov19 della Puglia e lo sai quani attualmente positivi ci sono a San Severo? Zero spaccato Presidè: i poditivi e a te!
1268519623873396736,2020-06-04,14:27:00,Il nulla in assoluto come sempre promesse .... scuse .... i fatto mancano sempre . Confindustria ha fatto bene !!! L’unica infelicita’ è questo governo !!!!!!
1268515436695560192,2020-06-04,14:10:22,Conferenza stampa da dittatura sudamericana
1268495445132746753,2020-06-04,12:50:56,Per aver unitacaro presidente mai votato da nessunoservirebbe meno protagonismo e rancorosita da parte sua...poi basta fare ciò che le chiedono gli italiani ovvero che salga al quirinale
1268494188611547138,2020-06-04,12:45:56,i 600 agli amministratori di srl.... SUBITO
1268493454595801089,2020-06-04,12:43:01,Serve un cambio di passo ...... si dimetta e lasci il posto a Draghi ...... lui si che ci risolleva ...... politica scarsa ..... affosserà L Italia
1268491743814733824,2020-06-04,12:36:13,Applicata. Presidente Conte ci aiuti. Intervenga lei. Non è possibile che noi Disabili siamo trattati come immondizie. Grazie Presidente confido nel suo aiuto.
1268491423764144129,2020-06-04,12:34:57,Presso Via Poli 72 Portici con ingresso da Via Aldo Moro e Via Poli. Così potremmo fare il Cohausing in un contesto compatibile con le esigenze del Disabile. Noi Disabili siamo Esseri Umani. Purtroppo a Portici ci sono negati tutti i Diritti Umani. La Convenzione ONU 2006 non è
1268490889866903553,2020-06-04,12:32:50,Manager Campania in Architettura che vive sul mio pianerottolo. Sempre in prima linea nelle offese e minacce. Presidente Conte faccia qualcosa. Siamo soli. Sono disponibile a convertire casa mia in un Centro di Accoglienza per i Profughi essendo casa situata in zona centrale
1268490649722028032,2020-06-04,12:31:52,Stavo calando con i consensi ecco perché hai fatto la conferenza stampa ....... calerai ancora specialmente con Casalino ....... non ti credono più gli italiani
1268490537897734144,2020-06-04,12:31:26,Nostra nel Parco Cirillo non ci sono le modalità per poter fare il Cohausing legge 112 2016 perché siamo sotto minacce di morte vessazioni insulti lista di PROSCRIZIONE. Ho denunciato però sembra che questi condomini abbiano protezioni. Tra questi soggetti c'è anche la Disability
1268490125253783553,2020-06-04,12:29:47,Presidente buongiorno. Sono affetta da una malattia rara la CFS e mia sorella Maria è affetta da grave Sindrome dello Spettro Autistico. Viviamo a Portici Parco Cirillo . Condominio DISABILEFOBICO e OMOFOBO. Poiché abbiamo fatto la Domanda legge 112 2016 per il Cohausing. A casa
1268487330337304576,2020-06-04,12:18:41,Finita la televendita di pentole?
1268485898284552195,2020-06-04,12:13:00,Bla bla bla.. solo  promesse
1268485649822343174,2020-06-04,12:12:00,Sig.Presidente da umile cittadino con buon senso Le dice che è finito il momento del dire ma ci aspettiamo tutti quanti noi italiani che sia giunto il momento del fare e sono certo che da persona perbene quale lei ènon possa non concordare su questo e agire di conseguenza 🙏🙏
1268484921552777216,2020-06-04,12:09:07,Anche oggi supercazzola prematurata come fosse antani con scappellamento a destra?🤡🤡🤡🤡
1268482361127243776,2020-06-04,11:58:56,La Germania per abbassare l'iva dal 19 al 16% le ha chiesto il permesso? Glielo chiedo visto che per fare qualsiasi cosa dobbiamo chiedere il permesso alla Germania. #iva #germania
1268479120352083969,2020-06-04,11:46:04,Lasciate perdere recovery fund Mes aiutiamoci da soli questa erobanche sottospecie di usura
1268477676068757504,2020-06-04,11:40:19,Non cercate di nascondere la vostra incapacità ...... spaventandoci con il virus ...... solo per quello state ancora al governo ....... ci convivremo con il virus ..... ma spero non con questo governo ...... altrimenti L Italia farà una brutta fine ...... elezioni subito!!!
1268470166326837249,2020-06-04,11:10:29,Egr.Sig.PresidenteAssuma i disoccupati Nell'ESERCiTO saranno d'aiuto alle Forze dell'ordine eseguiranno le direttive governative soddisfacendo i parametri di missioni giornaliere così Risolverà il problema del Lavoro garantendo la sicurezza su tutto il territorio nazionale!
1268468009728909312,2020-06-04,11:01:55,Con i tuoi amici bill Gates e Soros 😡
1268467920960618497,2020-06-04,11:01:34,Non vedo L ora che te ne vai😡😡😡😡😡😡😡😡😡😡😡😡😡😡
1268466630541152260,2020-06-04,10:56:26,Ora ho capito visto quanto ha guadagnato rispetto all anno precedente il perché è sempre lì nonostante tutto. A casa mia si chiama Accattone. #Conte
1268462683856220161,2020-06-04,10:40:45,Lei dovrebbe solo vergognarsi🙄
1268462214639431681,2020-06-04,10:38:53,Opposizione ridicola  ma può starci! Il Governo invece non può solo raccontare .... Ha la forza Istituzionale per obbligare Banche ed Istituzioni a dare soldi ai Cittadini! Che tante categorie erano  in difficoltà ed ora alla fame!!!
1268462152668655619,2020-06-04,10:38:38,Il decreto rilancio che fine ha fatto? Il 7 giugno scade o sbaglio???
1268460994151550977,2020-06-04,10:34:02,Volevo ringraziarla per i 400.000 posti di lavoro persi in 2 mesi e per i milioni di miliardi che ci avete dato ormai siamo ricchissimi non sappiamo più dove metterli! #GovernodellaVergogna
1268460109652467712,2020-06-04,10:30:31,Signor Conte  ma non si vergogna  di quello che avete fatto? avete escluso  gli invalidi civili dai bonus  avete dato ordine all'Inps di declinare i bonus a chi ha P.Iva e invalido  con pensione minima ma lei non si vergogna come mai non ha detto anche  questo nelle sue dirette
1268448587794591744,2020-06-04,09:44:44,dimissioni subito di tutto il non #governo che l'italia non vuolenon siete degni! andate a lavorare incompetenti!
1268447424772812801,2020-06-04,09:40:07,Ma vattene presidente fallito
1268447368833359873,2020-06-04,09:39:53,Immenso Presidente 🔝🇮🇹👏
1268445575814565888,2020-06-04,09:32:46,Un buon avvocato del popolo ascolta quando non è competente ...... mi sembra che lei è l avvocato della sua poltrona ..... come se la tiene stretta .....
1268444644230250496,2020-06-04,09:29:04,Oggi ufficio postale di Catanzaro pensionati in fila per ritirare i soldi vengono rimandati a casa perché non ci sono soldi. Preoccupante molto preoccupante.
1268442472377716737,2020-06-04,09:20:26,Giusè..ma nn te conviene..soddisfare prima le promesse già fatte..e poi forse pensare ad altro.. La gente sta in crisi..nn ha soldi..lo capisci?????
1268439397529247745,2020-06-04,09:08:13,Sto organizzando una raccolta firme per chiedervi di smettere di darci soldi. Non sappiamo più dove metterli. Basta vi prego.
1268436848835256322,2020-06-04,08:58:05,Ahahahahahaahahahaha...ho preferito portare il cane a sporcare piuttosto che ascoltare per l’ennesima volta le minghiate di questo pupazzo incravattato
1268434361055150082,2020-06-04,08:48:12,Il premier  @GiuseppeConteIT  ha tracciato un percorso da seguire per attuare un progetto di rinascita dell'Italia. Questo è il momento di guardare tutti insieme al futuro con coraggio e con una visione di Paese più veloce interconnesso sostenibile ed ecologico. #ItaliaRiparte
1268432666707349505,2020-06-04,08:41:28,Speriamo bene 🤞🤞
1268427972316409857,2020-06-04,08:22:49,Buffone
1268427893056647170,2020-06-04,08:22:30,Ah ok non ho capito un cazzo quindi tutto rego raga.
1268423812955230208,2020-06-04,08:06:17,Detta  à parole sembrerebbe credibile. Certo è ora di smetterla di finanziare grandi imprese.Hanno gia in passato avuto. Serve aiuti alle piccole imprese fra le quali agricole. Serve una buona volta combattere radicalmente l'evasione fiscale e ridurre tasse. Aiutare i giovani.
1268423574840360961,2020-06-04,08:05:21,Smettila di dire faremo e prendi l'abitudine di dire ho fatto o abbiamo fatto ma con fatti non parole
1268420066011492355,2020-06-04,07:51:24,Bandito infame maledetto!!!
1268419232464809984,2020-06-04,07:48:05,solite balle  solite promesse per niente
1268418724547231744,2020-06-04,07:46:04,Il nulla unito all'inutile in una sola persona.
1268416701135282177,2020-06-04,07:38:02,Complimenti Presidente per il lavoro fin qui svolto non ascolti le critiche insulse
1268416349103161344,2020-06-04,07:36:38,In sostanza i miliardi dell’Europa quando arriveranno (date precise) dove andranno (beneficiari ed ammontare) in che modo e con che interesse dovremmo restituirli (tempi e percentuali). Il resto sono chiacchiere da imbonitore.
1268415499303628801,2020-06-04,07:33:15,Ci avete rovinato! Ancora con queste regole! Museruola plexiglass e distanziamento. Il risultato? Niente lavoro per chi come me lavorava nel turismo.  #GovernodellaVergogna #coronavirus #covid19
1268407753413988353,2020-06-04,07:02:28,Le consuete promesse a vuoto  da campagna elettorale. DIMISSIONI.
1268403890568953856,2020-06-04,06:47:07,Buffone vattene a casa.
1268403772851716096,2020-06-04,06:46:39,Ma Casalino ti ha dato anche il permesso di andare a cena dopo la conferenza? Troppo bello vedere che uno di tale levatura come te si fa dettare le regole delle inquadrature da un altro pagliaccio
1268393480033898496,2020-06-04,06:05:45,Adesso che avete distrutto l'Italia e non sapete più che pesci pigliare chiedete l'unità di tutti andate a fare in culo maledetti parassiti
1268391358223581184,2020-06-04,05:57:20,Conte è il miglior Presidente del consiglio che l'italia poteva avere❤️
1268391178745061376,2020-06-04,05:56:37,CARI AVVERSARI POLITICI-SOCIALI-IDEOLOGICI NON CI ARRENDEREMO MAI!
1268346352397889536,2020-06-04,02:58:29,Buffone cialtrone un altro fiume di promesse e parole vuote fatti ZERO. La gente sta aspettando da mesi criminali!
1268323364160049152,2020-06-04,01:27:08,Come le ho scritto più volte oramai regolarizzando insensatamente i #migranti che hanno simulato di essere naufraghi per costringerci ad accoglierli senza dare alcuna giustificazione plausibile lei ha tradito gli italiani.  Purché non dimostra che non è vero?
1268320066296320004,2020-06-04,01:14:02,Il popolo italiano non vuole massoni al governo... Fuori dalle balle abusivi .... E se non ve andate vi cacceremo visto che avete TRADITO anche la costituzione. Avrete ciò che meritate uscirete ammanettati tutti
1268313194876956673,2020-06-04,00:46:44,Premier Conte l'ho seguita molto volentieri 👏👏👏grazie 🌹
1268312815778934785,2020-06-04,00:45:14,Sei finito! Non ti si caga neanche di striscio! Da quando hai aperto la ristorazione le persone preferiscono lo spritz a te! Nesduno ti sente figurati se qualcuno ti ascolta!
1268305524434575361,2020-06-04,00:16:15,Mi sono perso la conferenza quanti miliardi arrivano stasera così domani avviso la banca
1268301882642108417,2020-06-04,00:01:47,Se il virus non esiste più il governo muore
1268299738891399179,2020-06-03,23:53:16,Complimenti  PRESIDENTE  ottimo  discorso  pieno di  fiducia e  di  prospettiva  di  rinascita  da  meridionale le  dico  grazie per  quello  che  ha intenzione di  fare  per  il  sud  e  credo che  questa  sia la  volta  buona  Buon lavoro presidente CONTE 🇮🇹👏👏👏👏👏👏👏
1268294752950259713,2020-06-03,23:33:27,Quanti MLN oggi?
1268294674000891908,2020-06-03,23:33:08,Grazie.
1268293752386355200,2020-06-03,23:29:28,Il picco del ridicolo si raggiunge alla fine quando dice: "questo non è un #governo collettivista". Questo governo è marcatamente socialista collettivista statalista e autoritario e lo dimostra ogni giorno.
1268293409938255872,2020-06-03,23:28:07,Non so cosa dire se non grazie per aver ridato dignità alle istituzioni italiane e all'italia. Da troppo tempo aspettavamo un presidente come Lei
1268292676417396737,2020-06-03,23:25:12,🤔Incendio a Roma sette autobus distrutti dalle fiamme nel deposito Atac di Magliana🤬MAFIA CAPITALE DI NUOVO ALL’ATTACCO DI VIRGINIA RAGGI E DEL MOVIMENTO5STELLE!!!!😡😡😡😡
1268292369742540801,2020-06-03,23:23:59,Presidente sono sempre più spaventato. Lei fa paura veramente. Ogni sua conferenza stampa e’ un susseguirsi di frasi fatte. Il problema è la sua assoluta impreparazione e lo dimostra nelle sue sparate in dir. TV. Non c’è stato ancora un provvedimento economico andato a buon fine
1268291531707990016,2020-06-03,23:20:39,Si vergogni....mi chiedo ma non ha un minimo di coerenza per riconoscere la sua incapacità e il suo totale fallimento ?
1268290952696860673,2020-06-03,23:18:21,Sei un coglione
1268288440770191360,2020-06-03,23:08:22,Ma c'è ancora chi ti ascolta?
1268283989586063362,2020-06-03,22:50:41,Manco la ascolto più...
1268282748579516416,2020-06-03,22:45:45,E anche oggi ci siamo scusati e non abbiamo combinato una mazza vero Giuseppe? Se punta ai voti anche di chi produce oltre che a quelli delle "bimbe di Conte" meglio cambi registro..
1268282439551668225,2020-06-03,22:44:31,Grazie presidente...io mi fido di lei. Gli altri li conosco bene...ladri...ignoranti...bugiardi...
1268279134997958657,2020-06-03,22:31:23,Ma dalla conferenza non ho capito una cosa.. Ma piripicchio è figlio di uragano e apocalisse?
1268278634663591937,2020-06-03,22:29:24,Finalmente un presidente che ama il nostro paese e crede in un Italia migliore! Avanti tutta!
1268278565772111875,2020-06-03,22:29:08,Boicottiamolo nessuno lo ha mai votato !
1268277864157380608,2020-06-03,22:26:20,TENEDEVIANDARE SQUALLIDO POLTRONARO
1268274087278841869,2020-06-03,22:11:20,VERGOGNATE!!!!! voi politici siete pieni di soldi senza fare un emerito cazzo annate a lavora!!!
1268272747555229696,2020-06-03,22:06:01,Grazie Presidente! Siamo con Lei!
1268269710057103361,2020-06-03,21:53:56,Lo spostamento tra regioni? Una pagliacciata... Ognuno ha le proprie regole: cosa che trovo pessima e confonde. Solo per fare multe. In più mi devo registrare sui vari siti e poi? Cioè a che serve? Basta con ste farse.
1268269585469497347,2020-06-03,21:53:27,Er minchione nun se conosce quanno nasce se conosce quanno cresce...l'Italia muore e lui parla di opere faraoniche...
1268269336751472641,2020-06-03,21:52:27,Un bellissimo programma elettorale c’è un minuscolo problema: la gente ORA sta alla fame. Che fai?
1268269263745363968,2020-06-03,21:52:10,Preferisco le prugne per andare di corpo
1268269085948862465,2020-06-03,21:51:28,Sparisci mediocre ! #GovernodellaVergogna
1268268777310912513,2020-06-03,21:50:14,Se aspettiamo qst incapaci del governo e' la fine i soldi nn arrivano e nn arriveranno. L'unico sistema x far ripartire l'Italia è creare una moneta parallela fatta da noi cittadini ke sarà accettata da ogni cittadino x vendite e acquisti saltando a piè pari qst cialtroni PD m5s
1268267451529166851,2020-06-03,21:44:58,Grazie presidente per essersi dimenticato degli operatori del gioco legale lo sa che abbiamo figli da mantenere??? Soldi pochi e arrivati in ritardo e incertezze sul futuro lo sa che comprese le nostre famiglie siamo milioni di persone?non credo lo sappia
1268266333759778816,2020-06-03,21:40:31,Non ho ben capito quanti saranno stavolta i miliardi che ci pioveranno in testa. E poi saranno in banconote o in monetine? Così tanto per organizzarsi
1268266190012592135,2020-06-03,21:39:57,Di al tuo dj che abbiamo letto che conosce palamara! Sai qualcosa? O devo chiedere al ex grande fratello...? Italiani svegliatevi...siamo Governati da incompetenti!!!!
1268265723949875201,2020-06-03,21:38:06,Mister Faremo farebbe bene a trovare il lavoro a più di quattrocentomila persone che hanno perso la loro occupazione tra marzo ed aprile (dati ISTAT) invece di incantare gli italiani con le sue chiacchiere. Incanti soltanto gli scemi!
1268265029494886402,2020-06-03,21:35:20,Il vomito.per costui non basta più. Negli USA si è quasi alla guerra civile volete portarci in piazza a fare la rivoluzione? Non ha un minimo di dignità per togliersi dai coglioni per sempre?
1268264874175578114,2020-06-03,21:34:43,Guarda che abbiamo capito I tuoi discorsi enigmatici x far capire hai tuoi padroni.. Hai fretta!!!? Hai paura che il popolo viene a prenderti....!!? Un consiglio Scapppaaaaaaaaaaa traditore
1268264123567149059,2020-06-03,21:31:44,Risposte per i ritardi della cassa integrazione avute chiuso i ristoranti e i dipendenti che dobbiamo fare?
1268263499144196097,2020-06-03,21:29:16,Immensoooooooo❤️
1268263479972167681,2020-06-03,21:29:11,Ti amo  sei il nostro eroe 😘♥️🌹
1268263450637205507,2020-06-03,21:29:04,In che modo riformulerete il reato di abuso d'ufficio? Sarà mica per salvare Salvini dal processo per la Open Arms... @AlfonsoBonafede @vitocrimi @nzingaretti @dariofrance
1268262197647605760,2020-06-03,21:24:05,... Ma lo "Stekkkkholders" è un nuovo hamburger del McDonalds? 🤣
1268261477141577731,2020-06-03,21:21:13,Dimissioni
1268261315518365698,2020-06-03,21:20:35,Verrei ma ci sono i cartoni su Boing ...
1268257338797981697,2020-06-03,21:04:47,I primi soldi dall Europa arriveranno I primi mesi del 2021 se tutto va bene!! MA DI CHE STAI PARLANDO?? NON SAPETE FARE NEPPURE UN PROGETTO DI QUELLI RICHIESTI DALL'EUROPA PER POTER AVERE RISORSE! DOVE ANDATE!?
1268257178974130176,2020-06-03,21:04:09,Ah buffone...ma non dovevano essere 400+350 i miliardi stanziati? Pagliaccio! 🤣🤣🤣
1268257082459017218,2020-06-03,21:03:46,Bene Evasione Rebibbia richiede sospensione Direttore Carcere. Salvo inchiesta risolutoria è Governo colluso con malavita.
1268256914917425154,2020-06-03,21:03:06,Se L'ITALIA LA RIDISEGNARE VOI! SAREMO PERSI NOI! LASCIATE STARE IN QUESTI 5 MESI AVETE DATO PROVA DEL VOSTRO GRADO DI COMPETENZA E DELLE VOSTRE CAPACITÀ! GRAZIE DAVVERO MA ORA BASTA VA BENE COSÌ! OK
1268256662596485123,2020-06-03,21:02:06,Interventi PODEROSISSIMI 🙌🏼
1268256607634444289,2020-06-03,21:01:52,Presidente risposta giustissima nei confronti del Presidente degli Industrialile sue sono parole non giustificabili....Vada avanti Presidente !!!!
1268256457423818752,2020-06-03,21:01:17,Molto bene Evasione Rebibbia? Un incapace dirige un carcere! Se questo signore non ha attributi per dimissioni  è il Governo che d'ufficio deve prenderle. Poi l'indagine semmai potrà dire la verità.  Diversamente Collusione.
1268256434992689155,2020-06-03,21:01:11,digitalizzazione per eliminare l'economia sommersa modernizzare il Paese... guarda caso VISA ha brevettato già la criptovaluta.. e poi dicono che i complottisti vivono di fantasia! Ma che ci vuole a collegare tutti i puntini! Cmq dubito che ce la farete! "Q"
1268256126476451842,2020-06-03,20:59:58,Prima te ne vai e meglio e' per l'italia via non ti vogliamo più a te e a tutta la banda di cialtroni e abusivi via!!!
1268256078317457411,2020-06-03,20:59:46,Non ti sei mai arreso per mesi hai lottato per l’Italia per noi Italiani. Ne sono convinta “tutti insieme ce la faremo” ma se piano piano stiamo uscendo da questa situazione di crisi questo lo dobbiamo solo a te Presidente. Quindi GRAZIE sempre 🇮🇹❤️
1268255886935576576,2020-06-03,20:59:01,Collegati al INPS e licenziati motivo può mettere" incapace di integrarmi nell'azienda"
1268255769004331010,2020-06-03,20:58:33,sei un fascista attacchi le opposizioni e ora le associazioni di categoria e addirittura i clinici. Vergognati! Attacca l'Austria che chiude le frontiere! siete dei falliti arroganti e antidemocratici. Tutto il mio rispetto per @CarloBonomi_ @ConfindustriaEU che dice la Verità.
1268255751790833664,2020-06-03,20:58:28,Si legga l' Inno di Mameli... TUTTO... Tiri le somme state a ZERO #CONTEDIMETTITI #governodimettetevitutti #Governodellavergogna
1268255699819266050,2020-06-03,20:58:16,Quanti Mila mille migliardi???  🤡✊a⭐️⭐️⭐️⭐️⭐️
1268255350542778369,2020-06-03,20:56:53,Forse si è ancora una volta dimenticato di 160000 persone ancora a casa??? Abbiamo bisogno di mangiare anche noiabbiamo famiglia e figli
1268254543965544448,2020-06-03,20:53:40,Spero che tu abbia la partita Iva per poter vendere tutta questa aria fritta.. INCAPACE CRONICO
1268253972890103808,2020-06-03,20:51:24,... quello #maivotatodanessuno ⁉️ Ho altro da fare grazie 👋👋
1268253960391049218,2020-06-03,20:51:21,Farò. Stiamo lavorando. Arriveranno. Ci saranno. Stiamo facendo.  Surreale. Dopo mesi di promesse e chiacchiere. Si vede benissimo che non credi neanche te alle tue parole. Se ti è rimasta un briciolo di dignità è l'ora di togliersi di mezzo e lasciare il posto. Non domani. Oggi
1268253939872514048,2020-06-03,20:51:16,Se mi permette Presidente visto che ha parlato di costa Jonica non dimenticate l'Alto Jonio cosentino che da anni è rimasto senza un ospedale.
1268253919811166209,2020-06-03,20:51:12,Per fortuna state alla frutta e andate avanti per inerzia ma una cosa la dobbiamo ammettere:  siete riusciti nel vostro intento di affossare il paese (ma ci rialzeremo come abbiamo sempre fatto piu' poveri ma mai schiavi.)   #conteDIMETTITI #ITALEXIT
1268252226050539524,2020-06-03,20:44:28,Avvolcatucolo pugliese totalmente ignaro delle dinamiche economiche e politiche che servono per far funzionare un chiosco in spiaggia levati dal cazzo che adesso hai rotto i coglioni  danni ne hai fatti abbastanza.
1268252114016501761,2020-06-03,20:44:01,Grazie Presidente continuano su di Lei per una rinascita italiana onesta ....
1268252088913534981,2020-06-03,20:43:55,Buonasera Proffesor Conte quando potrò usufruire dei miei crediti d’imposta dato che ho pagato l’affitto della mia attiva Commerciale di Aprile  e Maggio e al momento il mio Commercialista mi dice che non si possono utilizzare
1268249441984749579,2020-06-03,20:33:24,Sarò molto felice quando Lei lascerà palazzo Chigi o con le elezioni o con una manovra di palazzo. Lei mi è propio scaduto come persona è attaccato al potere e basta.
1268248934075555851,2020-06-03,20:31:23,E' vergognoso avere un PdC come te!
1268248748116848641,2020-06-03,20:30:39,Buffone dimettiti
1268248420835381251,2020-06-03,20:29:21,Finitela con questa commedia! Ci siamo rotti il cazzo!!!
1268246108205125633,2020-06-03,20:20:09,#contedimettiti grazie
1268244029117997058,2020-06-03,20:11:54,BUFFONE non vali niente sei solo parole al vento conferenze stampa e un mare di frottole. Incapace
1268243667262869505,2020-06-03,20:10:27,Manco Casalino ti dà retta ormai.
1268243471493738497,2020-06-03,20:09:41,Grazie
1268243327444541443,2020-06-03,20:09:06,Giuseppí prima di fare altre promesse dovevi mantenere quelle fatte due mesi fa.  Stasera nei sondaggi hai perso altri punti percentuale.  La prossima volta la conferenza falla dalla casa del Grande Fratello cosí recuperi.
1268243256841773059,2020-06-03,20:08:49,Pagamenti elettronici banda larga per tutti. Vaccino oggi nulla? Ah bello ma vedi di anna' a passi lunghi e ben distesi. Buffone.
1268242848119488514,2020-06-03,20:07:12,Complimenti continuate a favorire banche ed amichetti varii il popolo alla fame senza cassa integrazione zero aiuti alle imprese. La pacchia è finita il popolo ha chiesto la vostra testa !!!
1268242838648750083,2020-06-03,20:07:10,La Svezia rinunciando al lockdown esce dalla crisi covid-19 con un rapporto morti/abitanti migliore del nostro! A prova di quando folle sia stato la chiusura prolungata delle regioni meridionali imposta dal task force a un governo incapace di prendersi le proprio responsabilità!
1268242166335315968,2020-06-03,20:04:29,L'Ue europea ci isolato FISICAMENTE POLITICAMENTE ECONOMICAMENTE E UMANAMENTE. Daje con le pagliacciate !!!
1268241939746500608,2020-06-03,20:03:35,In diretta da casa mia come tutte le sere: Conte vaffanculo!!!
1268241530290044931,2020-06-03,20:01:58,Al posto di stare sempre chiuso al palazzo dovresti farti delle belle passeggiate fra la gente ascoltarla e vedere che c’è un divario fra quello che fai e la vita reale. Promesse e soldi mai arrivati. Questa è la realtà.
1268241407371812865,2020-06-03,20:01:28,Verbi prevalenti: faremo faremo faremo.... Solo chiacchiere.
1268240671594500098,2020-06-03,19:58:33,Tornando a noi quindi stai dicendo che chiedERAI un anticipo (???) del recovery fund non ancora ben deciso (ti ricordo che serve il SI di tutti i Paesi UE) ma che non si sa nemmeno effettivamente con quali termini e condizioni? Hai finito di prendere in giro gli italiani?
1268239075217158146,2020-06-03,19:52:12,La questura non è ancora aperta e non funziona.  stiamo aspettando il permesso di soggiorno.  Come possiamo lavorare senza un permesso di soggiorno
1268238898783752192,2020-06-03,19:51:30,Vergognati colluso assassino
1268238154710028289,2020-06-03,19:48:33,Allora primo volo da Barcellona a Roma 26 giugno. UNO. Poi UN ALTRO il 28 s.m. Poi se non cancellano di nuovo la programmazione i voli dovrebbero riprendere regolarmente il 1/7. Bello schiaffo anche da parte del governo di  sinistra estrema
1268237425874264068,2020-06-03,19:45:39,Mamma mia un bouquet di balle improponibili ed un rimando al futuro che fa capire tutta la pochezza. Andate via!
1268236621910102017,2020-06-03,19:42:28,Siete un governo odiato. Profondamente. Perché non ci fate votare? Così vi confermiamo. Yep.
1268235644167491590,2020-06-03,19:38:34,Il gerundio e il futuro non mancano mai peccato le lacune nella cassa integrazione e nel bonus autonomi. #campacavallo
1268234820951433221,2020-06-03,19:35:18,Per quanto riguarda il tavolo con le menti brillanti #gallera si è reso disponibile h24.
1268234696938356742,2020-06-03,19:34:49,Avete una visione politica? O vi appellate al sentito dire?
1268234444080664576,2020-06-03,19:33:48,Per adesso contiamo i lavori persi l'abbattimento dell' economia del  paese i suicidi le file alla caratis e al monte dei pegnii monopattini e gli sbarchi di nuove risorse poi andremo avanti fino a quando non rimarrà nulla a parte le vostre poltrone 🖕😎
1268233941296787456,2020-06-03,19:31:48,Ringraziamo sempre di avere Lei come Presidente del Consiglio calmo e pacato con idee e obiettivi chiari. Sta lavorando tanto per il bene del nostro Paese e non è un compito facile in un momento  così difficile. Grazie ancora 🙏🏻
1268233327728889856,2020-06-03,19:29:22,Conte peggio di così non potevate fare  la cosa allucinante è che siete pure convinti di fare bene. Capaci solo a creare terrorismo con la scusa di proteggerci dal virus  per i vostri giochi di potere e abilissimi a distruggere l'economia di un paese meraviglioso come l'Italia.
1268232894394359808,2020-06-03,19:27:39,Non credo più ad una sola Parola di ciò che dite. E DICO: UNA!!!!!!!
1268231730848124928,2020-06-03,19:23:01,L' unica cosa arrivata e' il bonus monopattino per il resto siete dei terroristi autorizzati dalla mummia
1268231462924369920,2020-06-03,19:21:58,Ancora la faccia di cazzo di promettere basta sparisci dalla circolazione con tutta la cricca di incapaci e che dio vi fulmini.
1268231412169179137,2020-06-03,19:21:45,Siamo al collasso  il lavoro non  c'è . Aziende lavorano in forma ridotta .. Siamo  stufi del Vostro "faremo " C'è  chi aspetta la cassa integrazione in deroga.  Finitela.. ormai siete Zero credibilità .
1268231075941068800,2020-06-03,19:20:25,La vostra strategia vincente è quella di impoverire il paese come avete fatto gli ultimi sono ancora più ultimi proprio come avevate promesso i soldi non si so visti  le chiacchiere stanno a zero andate affanculo col monopattino che fate prima gli insulti non bastano più🖕
1268231001261604871,2020-06-03,19:20:07,Buon lavoro Presidente..a Lei e a tutto il Governo! Spero che sia veramente l'opportunità per cambiare il nostro bel Paese. Spero anche che cambino un po' gli italiani..che tutti si rendano conto di essere parte attiva del cambiamento senza criticare e polemizzare inutilmente
1268230783434702854,2020-06-03,19:19:16,S'è scordato la #Sardegna e non é la prima volta. Serve solo per i poligoni militari a quanto pare. Una sorta di dependance. Vediamo se i parlamentari #sardi (soprattutto quelli della maggioranza al governo) hanno qualcosa di dire. 😈
1268228485614637056,2020-06-03,19:10:08,26 miliardi in 5 anni dall’Europa altro che 750 miliardi
1268227530911363074,2020-06-03,19:06:20,I soldi l Europa c’è ne da pochi ...... è inutile far sperare gli italiani ...... parole parole parole
1268227197422239747,2020-06-03,19:05:01,Quando scenderai da Marte faccelo sapere che ti verremo ad accogliere in pompa magna rispettando il distanziamento sociale come hai fatto tu per due foto di merda all'arrivo della Vispa Teresa
1268227143281958914,2020-06-03,19:04:48,Presidente sono sempre più tranquilla. Lei infonde serenità e come sempre mi lascia basita la sua capacità di mantenere la signorilità che da sempre la contraddistingue anche quando pure ai Santi verrebbe a mancare la pazienza. Grazie mille volte grazie ❤❤❤
1268226397228675077,2020-06-03,19:01:50,Giustissime le.osservazioni sulla produttività dei funzionari pubblici.
1268225464247746561,2020-06-03,18:58:07,Sono arrivati i soldi delle cig?
1268225128216825857,2020-06-03,18:56:47,A parole 10 fatti 0.per fortuna ci son stati medici dissobidienti che han fatto le autopsie (il governo negava di effettuarle chissà come mai)il Veneto ha fatto di testa propria e tante aziende han pagato le casse integrazioni...Se no sarebbe stata un ecatombe ancor più grave
1268224750876274688,2020-06-03,18:55:17,Un’ora di pippa e non sono venuto...
1268224605443043334,2020-06-03,18:54:43,Sei imbarazzante...
1268224074863575041,2020-06-03,18:52:36,Grande presidente....Le rinnovo la mia stima.....buon lavoro ....grazie perché in questo momento c è Lei e nn altri personaggi....👍💪😊😊❤
1268223912715915264,2020-06-03,18:51:57,Le solite lisciate ma fatti zero......
1268223826502062084,2020-06-03,18:51:37,Elegantissimo come sempre e bellissima cravatta !!!!!!!
1268223825654755331,2020-06-03,18:51:37,oh....ma il decreto per i soldi ai professionisti....bisogna scriverlo noi
1268223342135455744,2020-06-03,18:49:41,.... Probabilmente chi è dalla sua parte è chi ha preso i 4 spiccioli da lei promessi ma è una goccia nel mare e lo sa la tragrande maggioranza delle persone che stanno ancora aspettando da MESI.
1268223306630660098,2020-06-03,18:49:33,Con le scuse non ci faccio la spesa
1268222553966985216,2020-06-03,18:46:33,Ha ragione: facciamo una valutazione complessiva. Avete fatto schifo totale non solo parziale. #CONTEDIMETTITI
1268222221316751361,2020-06-03,18:45:14,Mia suocera: “Ma quello lì vive in Italia ?”
1268221330580746241,2020-06-03,18:41:42,PERSINO I SOLDI TI DANNO BASTA CHE TI FAI BUCARE DA LORO..MA SIAMO MATTI.. NOOOO!!! FATEVI VOI I BUCHI AL CERVELLO CHISSÀ CHE ESCA QUALCOSA DI BUONO..👍🏼🖐️👍🏼🖐️
1268221063021899777,2020-06-03,18:40:38,una domanda "Giuseppi" senza il GF vicino non ce la fai?? parli sempre di lavoriamo lavoriamo lavoriamo ma quando venite a una conclusione!!! fate semplicemente schifo!!!!!!
1268220961385480192,2020-06-03,18:40:14,Non ci fanno fare opposizioneurlavano Salvini e Meloni ieri nella caotica manif fascista #Pappalardo #Salvini #Meloni .Oggi erano  ASSENTI in aula per il decreto SCUOLA .Dormivano il sonno del cojotedopo gli ululati senza mascherina con cui infettavano Roma
1268220597013807117,2020-06-03,18:38:47,Nessun giornalista che lo incalzi tutto addomesticato.
1268220509965225987,2020-06-03,18:38:26,Ma vattene affanculo
1268220483973103617,2020-06-03,18:38:20,Solita solfa metteremo faremo vedremo....
1268220456659824642,2020-06-03,18:38:13,Grazie #Botenzadifuoco sono solo 3 mesi che aspetto la #cig #Pagliaccio
1268220249926746116,2020-06-03,18:37:24,per fortuna noi veri morti di fame non stiamo starnazzando
1268220101117050881,2020-06-03,18:36:49,Nessuno porta la mascherina nemmeno Casalino l'ex cubista del mucca assassina. Prego predisporre che il @viminale e le forze dell'ordine vigili urbani in assetto  antisommossa non torturino per strada i cittadini privi di tale dispositivo che impedisce di respirare aria pulita.
1268220089951760384,2020-06-03,18:36:46,E'il sonno del coyote e della ragione quello della destraassente oggi in aula per decreto SCUOLA  .Ieri senza mascherine - distanziamento #Pappalardo#meloni e #Salvini.a bocca scoperta infettavano Roma tutelata finora da covid grazie a misure di Zingaretti- Spallanzani
1268219139275055107,2020-06-03,18:32:59,E nessuno chiede ho ha il coraggio di chiedere se si vuole fare qualcosa per i circa 8000 asili nidi privati che rischiano il fallimento. La fascia 0-3 anni dimenticata e abbandonata.
1268218897930616832,2020-06-03,18:32:02,Vai via cazzaro! Sei un piazzista di solo chiacchiere piene di promesse non mantenute!
1268218786924158977,2020-06-03,18:31:35,Potenziamento università con aperture nuove sedi distaccate sul territorio basta numeri chiusi...la scrematura verrà fatta in via naturale dalla università stessa.creazione campus universitari con alloggi per toglierci dal caporalato affitti delle città sedi universitarie.
1268218664710520832,2020-06-03,18:31:06,Valutare il ponte sullo stretto senza pregiudizi? Come con lo spreco TAV? Stava scherzando vero? Non c'è niente da valutare perché il progetto non è nemmeno fattibile!
1268218356789923840,2020-06-03,18:29:53,Dimettiti #CONTEDIMETTITI
1268218275164573703,2020-06-03,18:29:33,Di quanti miliardi abbiamo parlato oggi ? Non ho seguito la televendita
1268218227076759552,2020-06-03,18:29:22,vediamo se ci sarà il cretinetti con la domanda da bar sport
1268218081807130625,2020-06-03,18:28:47,Dobbiamo... Dobbiamo... Dobbiamo...la fibra...burocrazia...industria 4.0...bla bla bla bla È da un pezzo che dovete fare. Quando invece comincerete a fare davvero qualcosa voi del #GovernodellaVergogna? Il vostro tempo è scaduto.
1268217879775895552,2020-06-03,18:27:59,Confronto con le forze politiche anche di opposizione.Recovery Plan piano della rinascita. Ci sono gli estremi per la Revoca ad Autostrade.vanno meglio esaminate proposte transattive.
1268217834083094530,2020-06-03,18:27:48,non sei e non sarai mai nessuno vali 0 come uomo e come persona
1268217559263981570,2020-06-03,18:26:43,SINGOLE MENTI BRILLANTI... MI HAI CHIAMATA???
1268217475931549696,2020-06-03,18:26:23,La solita propaganda seguita dal nulla. Non si smentisce mai. #contedimettiti
1268217471451967488,2020-06-03,18:26:22,oggi che lancera' in cielo dopo i bazooka usera' gli incrociatori lanciamissili per lanciare ennesime caxxate?
1268217411439865858,2020-06-03,18:26:07,Questo ci rifila il mes
1268217119180754944,2020-06-03,18:24:58,Alta velocità per tutta l'Italia?Binario unico.Progetto SURE BEIper ora non il MES che va meglio studiato. Ponte sullo stretto ?Grandi progetti e poi anche ponte sullo stretto.
1268217116643262464,2020-06-03,18:24:57,Ottimo discorso tenga forte ma veramente forte auguri
1268216922165960710,2020-06-03,18:24:11,Oggi nel suo briefing serale ha scordato di menzionare la tratta ferroviaria Genova Ventimiglia Nice in Francia. Le ricordo che non è stato ancora ultimato il raddoppio dei binari. Occorrono 45 ore per percorrere 196 km.
1268216850900533248,2020-06-03,18:23:54,Una parola: GRAZIE.
1268216826116407300,2020-06-03,18:23:48,L unica cosa che dovevamo sentire #rassegnoledimissioni non lo ha detto... Solo #millemilaparole come i #millemilamiliardi
1268216825185255427,2020-06-03,18:23:48,I soldi della cassa in deroga? Con oggi fanno 80 giorni senza vedere un euro mentre altre categorie molto più abbienti hanno ricevuto subito il bonus di 600 !!! COMPLIMENTI a questo governo che tutela i ricchi
1268216787792998403,2020-06-03,18:23:39,Il 4 Marzo 2018 la maggioranza degli italiani NON ha votato il programma elettorale di Conte. State uccidendo la Democrazia.
1268216646566641664,2020-06-03,18:23:05,Giuseppi sono partita iva dove sono €2200????????ho preso €600+600 e sono a casa!Riprenditi!!!!
1268216319326990336,2020-06-03,18:21:47,La scuola  la famiglia .. che cavolo di presidente e’l’uomo che evita sempre di approntare argomenti di questa portata lasciato completamente indietro. Delusissima da lei davvero
1268216111503458304,2020-06-03,18:20:57,Fummo costretti ad invocare l'intervento dei tecnici x scongiurare la bancarotta dopo il governo Berlusconi/Meloni/Lega ma se si votasse domani gli elettori ridarebbero fiducia a quelli. Popolo prigioniero di se stesso.
1268216105606295556,2020-06-03,18:20:56,Grandi progetti: digitalizzazione di tutto il Paese.Rilanciare investimenti.Economia sostenibile.Diritto allo studio.Nuovi posti di ricercatori.Riforma organica del Codice civile.Riforma fiscale.Sostenere imprese.Utilizzare somme dell'Europa..Conferenza con  le parti sociali.
1268216094579458057,2020-06-03,18:20:53,L'ALTAAAAAA....VELICITAAAAAAA......SIIIIIIIIIII.....QUESTA E' LA PRIORITAAAAA!!!!!!....... il popolo alla fame e l'altra velocità si rende sempre piu evolutaaaaa!!!!.....SEI ....S C O L L A T O .....DALLA REALTAAAAA.....SVEJIETEEEEEEEE
1268216060500750337,2020-06-03,18:20:45,questa è solo una sequela di promesse  le sua specialità che non verranno attuate  ennesima presa in giro per italiani
1268215928879226881,2020-06-03,18:20:14,State uccidendo le persone migliori che sono rimaste in italia.bravi 🤝🤝🤝
1268215855936081920,2020-06-03,18:19:57,Ma a casalino la cravatta gli sta antipatica?
1268215847752998913,2020-06-03,18:19:55,Ho ascoltato pochi minuti...sempre le stezze cazzate.. Scusate..dovremmo..dovremmo..ancora sti 750 miliardi che non arriveranno prima del 200emai ..Digitalizzazione per far emergere moneta sommersaBanda larga ed altre baggianate..Di concreto il vuoto!non era meglio tacere?
1268215725438705664,2020-06-03,18:19:25,Faremo di tutto realizzando progetti piccoli e grandi... Presidè quando vuole vengo e ne parliamo. Ok?
1268215695281664002,2020-06-03,18:19:18,.... Ma.... Presidente ma lei ci crede davvero a quello che dice?? Ma io non ce la farei mai a raccontare tante bbbbaaallle tutte assieme! Abbiamo fatto stiamo facendo faremo ma lo vada a dire a chi soffre davvero mi fa tenerezza mi creda è come tutti gli altri.
1268215575576182785,2020-06-03,18:18:50,Per chi se lo stesse chiedendo tra le menti brillanti non ci saranno @matteosalvinimi e @GiorgiaMeloni 🤣🤣🤣 #capre #pagliacci
1268215480273317896,2020-06-03,18:18:27,Tre mesi a casa senza cassa integrazione Cazzaro
1268215309548376066,2020-06-03,18:17:46,Dovremo faremo dobbiamo puntare forte sul diritto allo studio (🤣🤣🤣 con la Azzolina) investiamo cambieremo la giustizia (vuole pure mette mano al Codice Civile 😱) se verranno approvati potremo attuare le riforme il fisco deve essere rivisto😂 Giusè tutto insieme?
1268215299213611015,2020-06-03,18:17:44,Vi prego pensate alle persone non più giovani ma non ancora in età da pensione che sono rimaste senza lavoro!
1268215220478115841,2020-06-03,18:17:25,Invece di parlare per niente incomincia a pagare la gente che non vede un euro da 3 mesi! Sei un buffone! Non vogliamo il Mes! Non vogliamo il 5g ma vogliamo che sparisci e subito! Hai rovinato la nostra bella Italia vergognati
1268215199061983232,2020-06-03,18:17:20,E i liberi professionisti  costantemente esclusi da ogni iniziativa?
1268215139129491460,2020-06-03,18:17:06,Grazie! finalmente si parla di investimenti nella ricerca di economia green. Finalmente la scienza diventa parte di un modo di pensare e della nostra quotidianeità.
1268215119026229251,2020-06-03,18:17:01,Ma stia zitto e se ne vada.
1268215019763793920,2020-06-03,18:16:37,Si dovrete continuare ad intervenire ecc ecc  si lo farete poi nella prossima vita ... Se l'Europa Ve lo concederà. Bravi x le buone intenzioni che non siete in grado di attuare. Gli italiani sono stufi delle prese in giro del governo.
1268215009986969601,2020-06-03,18:16:35,Gli intermittenti con meno di trenta giorni non hanno avuto un euro
1268214946913026052,2020-06-03,18:16:20,FAREMO...... DAREMO...... RILANCEREMO....... le lumache corrono più di voi....
1268214899580305413,2020-06-03,18:16:09,Mi sento davvero come cittadina italiana senza colori politici di sentire e vedere un pdc che continua anche oggi a stare in tv per dire “ faremo  servirà “ ma scherza davvero . Sino davvero rattristata
1268214765953769472,2020-06-03,18:15:37,CONTE E BASTA!! STAI ZITTO È ORA..SSSSSSSS!!!
1268214725642461184,2020-06-03,18:15:27,Presidente...non dimentichi...nomi e cognomi!!!
1268214691794468865,2020-06-03,18:15:19,750 miliardiiiiiiiii......UNA BODENZA DI FUOGOOOO....A CICCIOOOO....SONO APPENA 4 MILIARDI E FORSEEE...A GENNAIO!!!!!....MA QUANDO FINIRETE DI ABBINDOLARE IL POPOLO!!!!!!!
1268214670168653824,2020-06-03,18:15:14,@matteosalvinimi  lo vedi Conte che è sempre ordinato  lavato e pulito ? Non sputa catarro come un lama come fai tu risulta più piacevole da vedere non sto parlando di politica ma di presenza. Ecco perche non potrai mai essere un buon Premier non hai classe. #primaglisputatori
1268214661209563137,2020-06-03,18:15:12,Vadi presidè annunci in diretta mondiale la legalizzazione della cannabis in Italia!
1268214441692336130,2020-06-03,18:14:19,Guardi che tutto quello che sta dicendo “ dovremo .. faremo “ lo dicono e lo sanno tutti ! Ma cosa cavolo e’ venuto a fare in tv ! Ma adesso basta prenderci in giro così basta
1268214401510891523,2020-06-03,18:14:10,Bella Beppe!!! Non mollare
1268214381466324995,2020-06-03,18:14:05,Paga gli ammortizzatori sociali
1268214317419298817,2020-06-03,18:13:50,L'unica cosa seria che puo' fare: vai a ciappa' i rat
1268214156118953985,2020-06-03,18:13:11,La vs strategia vincente ? Ma ci rispetta un po’ ? La vs strategia chiuderci in casa a comando di un cts si saccenti lontano dalla vera vita! La scuola? Chiusa ancora prima degli i. Di risalita e ancora senza data di ripartenza. Lei dimentica sempre studenti e scuola
1268214105426595843,2020-06-03,18:12:59,Per fortuna che Giuseppe c'è.
1268213885993091072,2020-06-03,18:12:07,Grande grande immenso Presidente Conte Grazie di esserci 👏👏👏👏👏👏👏👏👏👏👏👏👏👏👏👏👏👏👏👏👏👏👏🍀🍀🍀
1268213516244312064,2020-06-03,18:10:39,“Grave leggerezza “ si riferiva la prof zangrillo? Mi auguro no lo sia..il professore  Professore con P maiuscola non ha detto questo e voi come sempre vi vantate di un cts che ha solo distrutto l’Itali intera. Dovreste solo chiedergli scusa per come lo attaccate
1268213466541764616,2020-06-03,18:10:27,Chiede sempre scusa annegando nelle sue bugie.
1268213436623867906,2020-06-03,18:10:20,Uno spot? 80 miliardi e cassa integrazione ancora NON PAGATA
1268213315349733382,2020-06-03,18:09:51,Ci meritiamo i sorrisi??? Ma quali sorrisi sono 3 mesi che non lavoro e non ho ancora visto un euro dal fondo artigiani e appena sarà possibile licenziare sarò una dei milioni nuovi disoccupati. Come se non bastasse dalla prossima settimana ho finito le settimane di cassa .
1268213083756994561,2020-06-03,18:08:56,gilet arancioni e manifestanti di ieri tutti in un'isola greca. volo di sola andata grazie.
1268213053314736128,2020-06-03,18:08:48,Finirà come con il 4G. Fruiranno a 4 ganasce dei progressi della scienza e faranno i vaghi. Forza Presidente.
1268212969374187523,2020-06-03,18:08:28,Buffone gli altri paesi non hanno chiuso la gente in casa e controllata a vista come delinquenti come avete fatto voi!! Sparisci sei tu il virus peggiore
1268212942815678465,2020-06-03,18:08:22,Grazie @GiuseppeConteIT grande Presidente di tutti noi!
1268212771726020616,2020-06-03,18:07:41,Forza Presidente affidiamoci all'Europa 🇪🇺❤️
