id,datestamp,timestamp,tweet
1244050180112080902,2020-03-29,00:54:10,I pacchi alimentari e i buoni spesa dateli agli altri  I mln che regalateservono a noialle ns impresesono il risultato delle tasse da noi pagate con sudore e sacrificiun governo che si rispetti non antepone il benessere altrui ai propri cittadiniliquidandoli con elemosine
1244048964711862272,2020-03-29,00:49:21,Pronto per l'assalto ai comuni? Poi legge marziale?
1244048922626138119,2020-03-29,00:49:11,Sparisciiiiiiii
1244048187540865025,2020-03-29,00:46:15,@GiuseppeConteIT nessuna direttiva su blocco bollette blocco mutui.Per i famosi 600€ i commercialisti non sanno ancora quali sono le procedure a causa del groviglio burocratico. Giocherete ancora per molto?
1244048096843182081,2020-03-29,00:45:54,“Utilizzabili da subito” adesso bisogna vedere quanti ne arrivano ai cittadini e quando arrivano.
1244047455576100870,2020-03-29,00:43:21,Ma tra tutti il cervello lo accendete o è in quarantena  anche quello?? Conte sta cercando di gestire una situazione grave con le risorse che 30 anni di schifo gli hanno lasciato... Stiamo Uniti adesso e finito tutto chiediamogli il conto degli ultimi 30 anni.. A tutti!!!
1244046006808952834,2020-03-29,00:37:35,Continui a parlare di niente!!!
1244044395944558600,2020-03-29,00:31:11,Leva quello straccio blu.. brucialo in diretta.. #Italexit
1244042101408628738,2020-03-29,00:22:04,Dunque ora spuntano i  nuovi poveri. Tra questi sappiamo esserci il popolo del sommerso persone sconosciute al fisco e all''INPS. Invece che riparare alla piaga (che comporta anche mancate risorse per i malati) ora li nutriamo pure. Alè soldi à tutti.....
1244041164715679749,2020-03-29,00:18:21,Anche voi politici prenderete 600€ al mese ? il 3 Aprile si avvicina ...............
1244039883716468737,2020-03-29,00:13:16,Aggiungerei un piccolo particolar: perché questo periodo di Smart Working  le aziende non ci pagano il ticket...buono pasto?   A casa non mangiamo?    Già le aziende stanno risparmiando su elettricità e riscaldamento che non usano......  #COVID2019italia #GiuseppeConte #TICKET
1244039881900331011,2020-03-29,00:13:15,Grazie presidente conte
1244038506789437444,2020-03-29,00:07:47,A conti fatti pochi euro al giorno ad ogni persona che deve andare ad elemosinare in comune. Ma come le partorire queste idiozie? Gli italiani non vogliono elemosina! I Paesi seri versano direttamente nei c/c dei cittadini cifra dignitosa. #GovernodellaVergogna #CONTEDIMETTITI
1244035806035169285,2020-03-28,23:57:03,Ah me credevo dar caffè Sant'Eustachio. Bene bene...
1244035110539857920,2020-03-28,23:54:18,inizialmente non gli avrei dato cento lire lo ammettoma si è trovato in un merdaio incredibile e ne sta uscendo alla grandeSe  ripenso a Renzi e Berlusconi mi si gela il sangue nelle vene.Alternative..trumpini e bolsogiorgia
1244033145000910851,2020-03-28,23:46:29,Io mi chiedo se penserete anche a chi vive con gli introiti derivanti dal fitto di immobili. Avete pensato a tutti ma noi che fine faremo? I soldi finiscono tra il vivere assicurazioni tasse irpef ecc. e a noi nessuno ci paga sto mese e il prossimo.
1244033000129597442,2020-03-28,23:45:54,Andate a casa che non siete capaci
1244032884790439936,2020-03-28,23:45:27,immaginate solo per un istante se su quella sedia ci fosse seduto qualcun altro! Grazie Presidente.
1244032188653408259,2020-03-28,23:42:41,Poveri noi nelle mani di chi siamo...
1244029962866360320,2020-03-28,23:33:50,Nei libri di storia troveremo scritto che il premier della quarta potenza industriale del mondo dopo 20 anni di euro è finito a chiedere l'elemosina a reti unificate.
1244029456471244801,2020-03-28,23:31:50,Solo promesse .... soldi stanziati ed arrivati ai cittadini € 0
1244028738221871104,2020-03-28,23:28:58,Prima o poi farai i conti con il popolo italiano. Chi tradisce i propri fratelli nel momento del bisogno verrà ricordato.
1244028662913138690,2020-03-28,23:28:40,Totò Peppino e malafemmina
1244027045555900416,2020-03-28,23:22:15,La gente dovrà uscire di casa o il comune glieli eroga sul c/c? Non l'ha chiarito perché se deve uscire di casa si formeranno assembramenti e non ne usciamo più  testina....
1244026363549487106,2020-03-28,23:19:32,Verrete ricordati come i burattini di Bruxelles. #Italexit #CoronaVirusitaly #Contedimettiti
1244026338467594241,2020-03-28,23:19:26,Presidente non so se questi aiuti in denaro ai comuni siano giusti o sbagliati sufficienti o insufficienti ma so che li vogliamo in LIRE ITALIANE! L'euro è una cosa che non ci riguarda e non ci interessa. #Italexit
1244026250785689602,2020-03-28,23:19:05,Ritengo sia opportuno valutare chiusura ancora più stringente in Lombardia e invece pensare a aperture selettive post 3 Aprile in altre regioni!
1244025974926295041,2020-03-28,23:17:59,Dopo schiaffo della #vonderLeyen successivamente alla gaffe #Lagarde è chiara la mancanza di rispetto nei confronti degli italiani faccia dimettere @PaoloGentiloni e tutti i deputati europei l'Italia deve pretendere pari dignità
1244025096815116289,2020-03-28,23:14:30,Il peggior governo della nostra storia. Unica consolazione nessuno lo ha eletto.🤮🤮🤮🤮🤮🤮
1244024705109176320,2020-03-28,23:12:57,Imbarazzanti! Sarà un disastro ma non capite.
1244024279257227266,2020-03-28,23:11:15,Umile proposta: Italiani maggiorenni senza bonus/stipendio/pensioni -> registrazione online comunicando cellulare ed IBAN ed accrediti 600€ (+100 per figlio minore) sul conto a testa per ogni mese di emergenza sanitaria e non chiedi alle persone di uscire per chiedere al Comune
1244024196679847936,2020-03-28,23:10:55,Complimenti per lo scaricabarile!!!!!
1244023918668759041,2020-03-28,23:09:49,Questa entrerà negli annali di storia e verrà ricordata come il tradimento del governo italiano al suo popolo.
1244023193771413505,2020-03-28,23:06:56,Seguo con grande attenzione TUTTE le tue conferenze stampa. Sempre con la stessa speranza: di sentirti pronunciare le DOVUTE SCUSE al popolo italiano accompagnate dalle tue DOVEROSE DIMISSIONI. Liberaci dalla tua insopportabile presenza: dimettiti #CONTEDIMETTITI
1244022046050451456,2020-03-28,23:02:23,Da quello che ho letto ho fatto bene a guardare la signora in giallo. Da qui le solite caxxate ci farete fare la fame e vi volete pure paragonare a Churchill 🤡🤡
1244021200311013378,2020-03-28,22:59:01,Una scatoletta di tonno Rio Mare a testa azz...che shock economico 😂😂
1244021010875265026,2020-03-28,22:58:16,4.3 miliardi i comuni li avrebbero avuto lo stesso ! Solo che glieli date qualche mese prima ! Non c'è da fare i fenomeni !
1244020968777023488,2020-03-28,22:58:06,Voi siete fuori dalla realtà. I comuni dovrebbe pensare ai poveri? Gli stessi comuni che se ne sono sempre sbattuti le palle e che si sono sempre arricchiti con i soldi delle ricostruzioni? E gli stagionali che non sono rientrati a marzo a lavoro come faranno?
1244020890632892416,2020-03-28,22:57:47,Serve un nuovo modulo ? La gente che farà la fila davanti al comune dovrà avere l'autorizzazione ? A quanti metri devono stare ? Il reddito di cittadinanza darà benessere a tutto il paese ?
1244020780557574144,2020-03-28,22:57:21,È un grande onore avere lei quale Presidente del Consiglio Italiano
1244020700110880769,2020-03-28,22:57:02,Signor Conte. Delegare i sindacinon crede che scatenerà una corsa? Creando il caos?  Forse una maniera più diretta sarebbe stata più efficiente?
1244020281968144384,2020-03-28,22:55:22,portatevi avanti cominciate a togliere quello straccio blu alle vostre spalle...
1244019940392349696,2020-03-28,22:54:01,Quanti sono i veri morti da covid? Siete pronti come sono pronti gli italiani? Ricorda Salvini nessuno frena la massa di cittadini. Qualquno dei vostri è contro voi stessi?Vi piace giocare con gli umani? Vediamo come risolvi tutto (fame rabbia lavoro e tanto altro) GLDS.
1244018471484166144,2020-03-28,22:48:11,Mio marito lavora ma a casa non può stare purtroppo ed è sempre a rischio io e mia figlia che siamo a casa siamo sempre in pensiero che potrebbe succede qualcosa dovete AIUTARCI
1244018049205907457,2020-03-28,22:46:30,Vergogna la gente a bisogno di fatti concreti non di parole al vento
1244017889881047041,2020-03-28,22:45:52,Ma veramente?? Ma volete davvero prenderci ancora in giro????
1244017063829688320,2020-03-28,22:42:35,Ti credi di essere uno statista e non riesci a capire che sei solo un coglione.
1244015655525003264,2020-03-28,22:36:59,400 milioni per 8000 comuni. Boiata
1244015005542035456,2020-03-28,22:34:24,Sta cosa di dare i fondi ai comuni la vedo così 🤮
1244014708069470208,2020-03-28,22:33:13,che la situazione sia estremamente seria lo si capisce dai toni fermi e non diplomatici nei confronti dei partner europei. Finalmente vorrei dire ma sappiamo che non sarà facile. Abbiamo una grande squadra di governo e son fiducioso
1244012811182899200,2020-03-28,22:25:41,Egr. Sig. Presidente Conte ora che siamo nella merda fino al collo ti prego non continuare a fare le onde!
1244012521155170305,2020-03-28,22:24:32,È roba da incapaci!
1244011889404846080,2020-03-28,22:22:01,Mah.. roba da accattoni
1244011681409372160,2020-03-28,22:21:12,Non avete fatto un cazzo...solo anticipare soldi ai comuni...incapaci buffoni traditori... Okkio al popolo affamato vi cercherà e farà giustizia!
1244011112565260289,2020-03-28,22:18:56,Ottima soluzione per coloro  che veramente  non possono mangiare...non per coloro che vogliono denaro contante per andare a comprare alcol droga o giocare alle macchinette
1244010678308024323,2020-03-28,22:17:12,Te ne devi hanna lo voi capiii devi sloggia
1244010223062388736,2020-03-28,22:15:24,Prego che i comuni che ricevono fondi in favore ai bisogni a indigenti vengano controllati perché spesso e per consuetudine dichiarano il falso. Favoreggendo chi non ha realmente bisogno e escludendo i bisognosi.
1244010045580468226,2020-03-28,22:14:42,Signor Presidente ma in una conferenza stampa che a parer mio sarebbe dovuta essere stata epocale come fate a vantarvi parlando di 400 milioni (oltre ai 4 miliardi) per i comuni? È come se io mettessi a disposizione 20 centesimi per i meno abbienti del mio comune.
1244009619351011328,2020-03-28,22:13:00,Piena ripresa di tutte le attività.....ma dove vive ? Anche un bambino capisce che è assurda questa affermazione come dire il giorno è notte!
1244009080437555200,2020-03-28,22:10:52,Grande Presidente @GiuseppeConteIT con lei sono ancora più orgogliosa di essere Italiana 🙏
1244005854229168129,2020-03-28,21:58:02,Sei una vergogna nazionale. 50k a comune nn viene nemmeno una spesa ogni 10 famiglie. Fate schifo sciacalli.
1244005760704614400,2020-03-28,21:57:40,Ci rendiamo conto….. ma non siete in grado di occuparvi di loro ! Un passo indietro o è la fine !!! #DraghiPremier
1244003909942808576,2020-03-28,21:50:19,Grazie presidente!per tutta la forza e l'amore che ci sta mettendo ❤️🇮🇹GRAZIE
1244003791420239872,2020-03-28,21:49:51,Una persona che ha la pensione minima lavora per campare perché con affitto e bollette la pensione non è sufficiente. Perché trova il modo di calpestare sempre la dignità delle persone in un momento così difficile? Il solito governo italiano.
1244003132851486720,2020-03-28,21:47:13,Commenti contro cancellati  w la democrazia
1244002941243142144,2020-03-28,21:46:28,Ce la faremo ❤️ 🇮🇹❤️
1244002018789916672,2020-03-28,21:42:48,Spero che non siano come 80€ di Renzi che a fine anno fanno il conguaglio e li rivogliono indietro.piu che girar l'economia fanno solo girar le balle
1244001465536057345,2020-03-28,21:40:36,Conte nei fatti scarica ai comuni la patata bollente dell’emergenza sociale anticipando loro fondi che già gli spettavano più una manciata di spiccioli. Semplicemente inadeguato e senza vergogna.
1244000407749308417,2020-03-28,21:36:24,Io non vedo nulla che aiuti nel concreto i cittadini in difficoltá
1244000227486507008,2020-03-28,21:35:41,Quei soldi che ha detto lei (dei comuni) sono quelli già programmati in anticipo di qualche giorno! E i 400 milioni sono per i lavoratori in nero? Vorrei solo capire. Perché è quello che in tanti abbiamo capito!
1244000077938659328,2020-03-28,21:35:05,Aiuto al sud qui ci sono persone che non possono mangiare
1244000034909274112,2020-03-28,21:34:55,Ancora discorsi e discorsi ma dopo 3 settimane non si è visto un euro voi scherzate con il fuoco ma molto presto l’Italia sarà una polveriera ed il popolo vi verrà a cercare! A Buon intenditor poche parole
1243998768191672323,2020-03-28,21:29:53,#annuncite mi sa che è positivo. Bla bla bla.......
1243998737430650880,2020-03-28,21:29:46,Vorrei sapere se i tuttologi che in diretta sapevano tutto se sanno a quanto ammonta la spesa del welfare italiano 1. Poi vorrei sapere perché parlano di rivolta 2. Ma soprattutto perché respirate stronzate!!3... Forza #conte purtroppo c’è il diritto all’ignoranza 😫😭
1243998619218391040,2020-03-28,21:29:17,Molto bene l’aiuto ai più indigenti mi aspettavo però il superamento della cassa integrazione con tutte le problematiche e le lungaggini connesse per i lavoratori del privato.
1243997975254368256,2020-03-28,21:26:44,Come ha detto bene Lei questo è un appuntamento con la storia e la storia non avverte non fa l’avviso di chiamata. Io sono Sardo geometra libero professionista ho 46 anni ho 2 figli di 11 e 8 anni e oggi ritengo una fortuna che a Palazzo Chigi ci sia Giuseppe Conte. Grazie.
1243997934292742144,2020-03-28,21:26:34,Spero ti torni tutto indietro..né più nè meno. Tutto. A te e al gruppetto.
1243997873542500352,2020-03-28,21:26:20,Grazie Presidente non oso neanche immaginare qualcun altro al suo posto... ciò nonostante leggo commenti che fanno male al cuore: d'altronde  non si può pretendere la profondità a una pozzanghera.
1243997830878040065,2020-03-28,21:26:09,Ok i comuni prenderanno un pó di soldi. A chi li danno? In base a cosa? Quali sono i requisiti per ottenere i buoni spesa? Le bollette che stanno arrivando? Le assicurazioni che scadono? Gli affitti da pagare? Che cazzo dovemo fa presidè?????
1243997618268770306,2020-03-28,21:25:19,Nel nostro comune sono pari ad € 310 per persona...vergognatevi!!!
1243997513796943872,2020-03-28,21:24:54,Grazie Presidente.
1243997497070104576,2020-03-28,21:24:50,Grazie Presidente
1243997310536880128,2020-03-28,21:24:05,Domandone ma come faranno i comuni a scegliere tra chi ha bisogno e chi no? Perchè le risorse sono naturalmente limitate per tutta Italia. Chi ha bisogno dovrà compilare modulistica? Fare come in USA e UK con accredito diretto era troppo facile #CONTEDIMETTITI #CiSalviamoDaSoli
1243997310201344000,2020-03-28,21:24:05,Non capisco ma la povertà non era stata abolita?
1243997164264660992,2020-03-28,21:23:30,RIAPRA LE CARTOLERIE ....i nostri figli devono avere quaderni matite penne pennarelli gomme
1243996705235877888,2020-03-28,21:21:41,Mi permetto farLe osservare che le comunicazioni della PdC in un frangente come questo  devono essere esplicative sulle reali necessità del sistema IT Quanto denaro serve 150-200mld? E di quanto avete parlato  al Consiglio Europeo? In caso di nein qual'è il piano B?
1243996296832319488,2020-03-28,21:20:04,Bel discorso Pres. grazie per la profonda solidarietà del governo;per far sì che detta solidarietà venga percepita in modo più caloroso dagli Italiani sarebbe opportuno che Lei e tutti quali rappresentanti delle istituzioni vi faceste promotori di iniziative di solidarietà? 🇮🇹
1243996254624976898,2020-03-28,21:19:54,I soldi ai comuni? volete costringere la gente a spogliarsi della dignità andando a chiedere l'elemosina in comunesiete dei meschini! I soldi vanno accreditati nei conti correnti IBAM non avete un minimo di dignità non capite il dramma quotidiano che vivono le persone VERGOGNA
1243996020905783296,2020-03-28,21:18:58,Risposte concrete alle esigenze e alle difficoltà reali degli italiani! finalmente dopo tanto tempo c’è un presidente che ascolta il popolo e cerca di agire nel suo interesse.              #concretoempaticolottatoregrazie!!!!
1243995521695522817,2020-03-28,21:16:59,Non si dimentichi di pubblicare il nuovo modulo per l'autocertificazione vorrei completare la collezione.
1243994979900538881,2020-03-28,21:14:50,#Conte Cosa pensi che dovrebbe essere fatto contro l'Unione Europea che non aiuta l'Italia?
1243994958656397312,2020-03-28,21:14:45,State facendo errori su orrori!!! Assurdità! Ma sapete fare i conti????
1243994921830318080,2020-03-28,21:14:36,Questo è  un piccolissimo passo...😔ma non  basta .🙏
1243994781002412033,2020-03-28,21:14:02,Tutto il mondo civile interviene con aiuti diretti dello Stato a cittadini e imprese. Voi costringete i più sfortunati a chiedere un'elemosina ai Comuni e chiedete ai supermercati di fare la carità. L'#UE si sta sfasciando e grazie a voi si sfascerà anche l'Italia.
1243994702044639232,2020-03-28,21:13:43,Lo capite che la ger sta dicendo no e che se volete i soldi dovete firmare il mes? Questo dice la ue. Quindi? Volete feci morire? Se è no dobbiamo uscire. Punto. Altrimenti guerra civile
1243994583681425408,2020-03-28,21:13:15,Continua pure a promettere aria fritta  che tra poco in parlamento arriveranno con i forconi  !!!! 🤡🤡🤡
1243994361907630081,2020-03-28,21:12:22,Com'è che stavolta la bandiera italiana è bene in vista?
1243994168587956226,2020-03-28,21:11:36,Elemosina di stato.
1243994048035270656,2020-03-28,21:11:08,La cosa squallida che ha fatto il governo oggi e che sicuramente agli imbecilli sarà sfuggita è lo scaricabarile. Praticamente se non ve ne foste accorti ha fatto in modo che da lunedì i cittadini affamati vadano ad assaltare municipi e creando pericolosi assembramenti.  ⬇️
1243993169907367936,2020-03-28,21:07:38,Poi il monologo come ben lo definiscono chi più ne sa di me di Giuseppi è stato ripetuto da tutti e 2 presenti più il sindaco in videoconferenza come se fosse un rosario ... per di più quindi siete voi che avete dato 2 settimane di tempo all’Europa per decidere... 🔥🔥🔥
1243993126370492417,2020-03-28,21:07:28,pagliacci #CONTEDIMETTITI
1243993070171041792,2020-03-28,21:07:14,Grazie per tutto quello che sta facendo.  Grazie per le decisioni difficili da prendere in questo tragico momento.  Ma soprattutto grazie di essere lei in questo momento storico  alla guida dell'Italia.  #uniticelafaremo
1243992661738033152,2020-03-28,21:05:37,È ufficiale mi sono rotto di sentire dire gente che avrebbe dovuto studiare : “ la presidente” ma come cavolo parlare?!? “ la ministra “ ?!? Fatte acqua ovunque e credetemi non è il L’ultima goccia di sudore si Giuseppi
1243992554045046787,2020-03-28,21:05:11,Presidente in un paese civile i soldini si accreditano in conto corrente non si costringe i cittadini a chiedere l’elemosina al sindaco.
1243992529063772160,2020-03-28,21:05:05,Speriamo che tale provvedimento no vada a favorire i soliti furbetti scansafatiche e in cerca di espedienti. ...comunque #conteilmiopresidente
1243991966582530049,2020-03-28,21:02:51,Conte tu e il ministro siete dei geni incompresi Dovevate far fare domanda attraverso il sito alle famiglie bisognose. Perché non avete spedito una carta ricaricabile?I comuni sono ladri Il comune del mio paese è commissariato e i soldi andranno a chi spacca tutto cioè ai soliti
1243991937352433664,2020-03-28,21:02:44,Se fossi un sindaco mi presenterei davanti a casa tua ma lo faremo alla fine dell emergenza per dirti quanto genio sei stato!!! I numeri parlano purtroppo dopo che avevi detto che era tutto sotto controllo e ancora hai il coraggio di fare i tuoi dpcm 💩
1243991924832337921,2020-03-28,21:02:41,È mai possibile un mese che c'è il Coronavirus in Lombardia e nessun ministro è venuto qui da Roma a vedere parlare o portare conforto?
1243991924429774849,2020-03-28,21:02:41,Presidente lei e' il nostro Presidente e per la prima volta nella mia vita ne vado fiero. Non si faccia persuadere da quegli alleati che sarebbero pronti ad annunciare la resa prima ancora di combattere: guardi dove ci hanno condotti. Teniamo la testa alta e la schiena dritta.
1243991621802344448,2020-03-28,21:01:29,. QUESTO E' LAVORO SERIO CONTRO POVERTA' E CRIMINALITA' no alle urla scomposte di provenzano incapace di leggere infiltrazione criminale
1243991570581520384,2020-03-28,21:01:17,Buonasera io penso che a forza di prendere tempo alla fine non rimanga più tempo le sommosse sono dietro l'angolo e qualcuno non aspetta altro mi auguro che ci sia un piano b  e che le idee siano più chiare di ciò che sembra un saluto.
1243991563438563330,2020-03-28,21:01:15,o poste italiane per almeno fabbisogno alimentare e esigenze necessarie. INFINE ALLARGAMENTO DEL RDC MA SEMPRE CON AUTOCERTIFICAZIONE E ANALISI ISEE DELL'INPS INCARICANDO I COMUNI DI SVOLGERE PRATICA TELEMATICA IMMEDIATA RISPETTO AI CAF O PATRONATI CHIUSI .
1243991542861377537,2020-03-28,21:01:10,È rischioso far riaprire file e code per prendere il contributo. ANCI come pensa di fare?????
1243991485391024128,2020-03-28,21:00:57,OCCORRE FARE ATTENZIONE ALLA CRIMINALITA' MAFIOSA ! A NAPOLI E PALERMO ETC ! CHI E' SENZA REDDITO NEL SUD GIA' RICEVE RDC (nelle varie modalita' di somme relative e anche bonus casa ) chi ha perduto lavoro deve ricevere immediatamente cassa integrazione anche anticipata da banche
1243991300413718529,2020-03-28,21:00:12,Ma chiedo scusa buoni spesa per chi ha chiuso le attività ? Ma lei conosce la parola dignità ? Purtroppo dovremo convivere mesi e mesi con questo virus .. e ci terra così mesi e mesi ?
1243991146218622976,2020-03-28,20:59:36,6 euro a cittadino ... ma un po’ di dignità non l’avete ?
1243990917561843712,2020-03-28,20:58:41,Conte basta ! La carità ai cittadini ...
1243990864852135936,2020-03-28,20:58:29,Conte che intelligente che sei...un genio 🧞‍♂️!!! Ma lo fai perché così la gente si ritrova in massa davanti ai comuni e il virus ringrazia!!🙈🙈🙈
1243990850968915971,2020-03-28,20:58:25,In questo momento il governo è stato messo a una grande prova di responsabilità. La prego presidente di pensare alle persone che se trovano in grandi difficoltà di vita senza lavoro e senza soldi.  E appena possibile di ritornare a lavoro. Auguri. Abbiamo fiducia in voi.
1243990822607114240,2020-03-28,20:58:18,A parte gli ultras (sempre meno) della #Lega siamo tutti con Lei. Grazie!! #NessunoTocchiConte
1243990674434916353,2020-03-28,20:57:43,Quindi i Comuni riceveranno i soldi per i bisognosi? Non oso immaginare cosa succederà Se volevate scatenare una guerra civile ora avete dato un motivo alla gente per uscire da casa andare in Comune e spaccare porte sedie finestre ecc. E i soldi? Alle solite famiglie di ladri
1243990564254736387,2020-03-28,20:57:17,Presidente @GiuseppeConteIT quando ha intenzione di venire in Lombardia a vedere di persona la situazione?
1243990477046722560,2020-03-28,20:56:56,Grazie Presidente @GiuseppeConteIT. Davvero!!!  Ci siamo anche noi gli agenti di commercio.  Grazie
1243990178303225856,2020-03-28,20:55:45,Cittadini europei? ?????? SIAMO ITALIANI! !!!!!!!!SIAMO ITALIANI! !!!!!SIAMO ITALIANI SIAMO ITALIANI SIAMO ITALIANI SIAMO ITALIANI SIAMO ITALIANI SIAMO ITALIANI SIAMO ITALIANI SIAMO ITALIANI SIAMO ITALIANI SIAMO ITALIANI SIAMO ITALIANI SIAMO ITALIANI
1243989726350237696,2020-03-28,20:53:57,P A G L I A C C I O
1243989569072173056,2020-03-28,20:53:20,Adesso vi riconosciamo noi italiani abbiamo bisogno in questo momento di un leader che parli come avete fatto voi ora Nn sottomettiamoci mai vi prego ci e bastata la vendita del popolo ita di prodi Grz x la spesa alle famiglie
1243989432178540545,2020-03-28,20:52:47,Fanculo con che cazzo va avanti la gente??? Non prendiamo 15.000 euro al mese come voi. Cazzate su cazza parli e basta!!
1243989358987919360,2020-03-28,20:52:30,Comunque quando trasmetti alle 23 c’è più pathos... e non mi passa la fame a cena!
1243989166595112960,2020-03-28,20:51:44,Presidente sarebbe meglio se i soldi pubblici che state spendendo per farvi registrare il maggior numero di troll possibili li destinaste alle famiglie in difficoltà. Basta scorrere le risposte ai suoi tweet per scovare profili falsi palesemente nati come salvagenti del consenso
1243989161960509442,2020-03-28,20:51:43,Ma i 600.€ di cui parla sono sempre gli stessi promessi 20 giorni fa alle #partiteiva...e che ancora non si so visti....? Il gioco delle tre carte...  #coronavirus I
1243989132520697859,2020-03-28,20:51:36,Andate a prendere gli evasori che ogni anno evadono complessivamente 140 miliardi di euro avremmo una sanità eccellente ottime scuole e magari meno tasse x tutti se tutti le pagassero
1243989080842670080,2020-03-28,20:51:23,DRAGHI aiutaci tu !!!! 🤮🤮🤮
1243988889041350656,2020-03-28,20:50:38,Grazie anche a tutto il Suo Governo. Grazie
1243988808061894658,2020-03-28,20:50:18,Le fabbriche dovranno riaprire quando ci saranno le condizioni per poter lavorare in sicurezza nessuno deve rischiare di ammalarsi per poi contagiare altri compresi i familiari altrimenti non ne usciamo più da questa cosa sopratutto ora che sembra che ci sia un miglioramento
1243988725488590848,2020-03-28,20:49:59,Belle parole  ma niente MES è la nostra rovina
1243988640314863616,2020-03-28,20:49:38,Grazie signor Presidente
1243988613244870656,2020-03-28,20:49:32,CONTEDIMETTITI
1243988463734722560,2020-03-28,20:48:56,...onde evitare che si presentino persone che si dicono indigenti senza esserlo o che sindaci senza scrupoli diano i buoni agli amici di merende...
1243988162835288065,2020-03-28,20:47:44,P.P.S.: 400M € diviso 7904 Comuni uguale 50000 € ad ogni Comuni oppure 6.70 € ad ogni Cittadino. Per carità il mio @ComuneCernusco riceverà circa 230000 € piutost che nient l'è mei piutost ma pur sempre una goccia nell’oceano #COVID19
1243988134544781313,2020-03-28,20:47:38,Grazie per tutto quello che sta facendo Presidente... nessuno come lei.. grazie..♥️🇮🇹🍀♥️🇮🇹🍀♥️🇮🇹🍀
1243988004101898241,2020-03-28,20:47:07,Ma può essere che i guariti vadino di pari passo al meno inquinamento ?
1243987991355416578,2020-03-28,20:47:03,Mi permetto con molta umiltà di suggerire al Presidente di approntare presidi di Guardia di Finanza nei Comuni per controllare la regolarità della consegna dei buoni spesa a chi ne ha effettivamente bisogno...
1243987925102190593,2020-03-28,20:46:48,un nuova autocertificazione?
1243987808781565953,2020-03-28,20:46:20,Da tempo le avevo suggerito le dimissioni visto che anche in tempi normali non era in grado di gestire l'Italia. Con la pandemia sta dimostrando la sua inadeguatezza al ruolo che riveste. La smetta di aspettare l'UE. Non ci sono eurobond la Von der Leyen lo ha detto chiaro.
1243987429637468162,2020-03-28,20:44:50,Impostore vacuo. TE NE DEVI ANDARE INCAPACE! IL PD È IL CANCRO DELL'ITALIA. PD DELENDUM EST.
1243987378664099841,2020-03-28,20:44:37,Basta rimandare rinviare scaricare le responsabilità ad altri (brutta questa) servono entro il 31.03.2020 bonifici diretti suoi conti correnti il resto sono chiacchiere da Bar. La gente è stufa stufa di conferenze stampa concretezza. #NoMes
1243987227044184067,2020-03-28,20:44:01,Sbaglio o ha confermato che le scuole nn riaprono quest’anno?
1243987091337379840,2020-03-28,20:43:29,Presidente ha tutta la mia stima. Nonostante le tante cattiverie le offese e il fastidioso ciarlare senza costrutto non ha mai detto una parola fuoriposto. Non è mai stato fuoriluogo. Serietà e responsabilità. Avanti così. Non è solo. 💪
1243986834843148291,2020-03-28,20:42:28,Invece di cazzeggiare in televisione fai stampare 100 miliardi di euro di minibot e danne 4000 euro per ogni famiglia italiana. Meglio ancora se #mollatelapoltrona e #andiamoavotare
1243986784138248193,2020-03-28,20:42:16,Sta raccontando “BALLE “ FATTI CI VOGLIONO FATTI “ di balle ne hai raccontate TROPPE. PS se hai le palle rispondi
1243986661266067456,2020-03-28,20:41:46,Avanti insieme
1243986600738066434,2020-03-28,20:41:32,Caro DITTATORE noi comuni mortali abbiamo bisogno di cose reali. Quindi la smetta di prenderci per il culo. Abbandoni il tutto per manifesta superiorità il peggiore sarà sicuramente meglio del suo circo 😞😞😞
1243986471956217856,2020-03-28,20:41:01,I soldi vanno usati per costruire fabbriche non sparpagliati al vento.
1243986468961468419,2020-03-28,20:41:01,Ringrazio ogni giorno di avere lei presidente del consiglio in un momento del genere. Forza!
1243986428490547203,2020-03-28,20:40:51,Quanto durerà la farsa? prima il finto ultimatum alla #UE che si prende 5 giorni in più (sa di scenetta concordata) poi la svista su youtube di Mattarella. Pensate di avere a che fare con un popolo d’idioti? aumentano gli assalti ai negozi e non è mafia è fame #CONTEDIMETTITI
1243986423444836353,2020-03-28,20:40:50,Siamo alle solite... a parte l'anticipo per i comuni per i comuni mortali mancano:  MODALITÀ E TEMPI!!!
1243986286148452352,2020-03-28,20:40:17,In tutto questo casino non ho sentito un politico che abbia detto "mi taglio lo stipendio in favore dell'emergenza" nessuno! Fate schifo! Poi fate gli applausi agli eroi sono proprio delle prese in giro! Vergogna! Fate schifo tutti!
1243986083370672128,2020-03-28,20:39:29,Grazie ❤️🇮🇹💪
1243985510625873920,2020-03-28,20:37:12,Facile scaricare le previsione agli esperti....un discorso del NULLA. Pensi invece a decidere e pensare a come e quando riaprire...dia un futuro si ns figli...i nonni...sono d’accordo!
1243985492040912896,2020-03-28,20:37:08,Io penso che in questa situazione difficile Lei stia cercando di fare il possibile. Grazie! Altre cose comunque: ridurre stipendio ai parlementari sarebbero gradite. Sopratutto Grazie per mantenere alti certi valori italiani come l'umanita' di fronte a certi leader  europei.
1243985351913418752,2020-03-28,20:36:34,Alza i giri del motore fai fischiare il bel paese.. ancora bassi
1243985328425361408,2020-03-28,20:36:29,Ma i 50 milioni alla #Tunisia? È uno scherzo vero che mattacchione che sei anche gli scherzoni ci fai!
1243985291096010752,2020-03-28,20:36:20,interrompere immediatamente i trasferimenti finanziari a @EU_Commission
1243985098426417152,2020-03-28,20:35:34,Ancora una volta in ritardo. Che vergogna! E per dire cosa poi? Che anticipa quattro soldi agli Enti Locali? Ma se attuasse gli annunci delle scorse settimane non sarebbe meglio? #COVID19   P.S.: almeno non era mezzanotte 😂
1243984973843050496,2020-03-28,20:35:04,A quando una conferenza stampa in cui ci comunica che vi siete dimezzati lo stipendio??
1243984529305546753,2020-03-28,20:33:18,ho provato ad ascoltarlo ma a 400 mln per fare la spesa mi è venuto un fumo che....🔫  ma andate a fare in culo e smettete di trattarci da coglioni  fate pena incapaci
1243984504332615680,2020-03-28,20:33:12,Presidente non perdiamo altro tempo ne pagheremo le conseguenze quando finirà quest'incubo. Dia mandato a Draghi per parlare con la BCE. Lo faccia al più presto.
1243984447717998595,2020-03-28,20:32:59,I paesi seri fanno bonifici sui conti correnti i servi della Germania stampano le tessere annonarie. #CONTEDIMETTITI
1243984107052425217,2020-03-28,20:31:37,Si sta palesando lo stesso scenario del secondo conflitto mondiale. Scelga adesso di essere il tirapiedi della Merkel o fare realmente gli interessi del nostro grande paese. Rimarrà nella storia come l’uomo dei compromessi o il presidente degli italiani? Siamo l’Italia!!!!
1243983663425114113,2020-03-28,20:29:52,Scusi Signor Presidente alle famiglie con un genitore ci avete pensato?Cordiali Saluti
1243983643120414720,2020-03-28,20:29:47,Fai tu la spesa con i buoni .Cosa pensi di fare?Del bene?Stai facendo ancora peggio di prima
1243983273279225859,2020-03-28,20:28:19,Mi auguro che lo stato si ricordi di questi giovani infermieri che accettano questa missione per un semplice rimborso spese! Mi auguro che in tutti i concorsi abbiano un incremento impressionante del punteggio per questa scelta!
1243983268447485952,2020-03-28,20:28:17,Grazie Presidente. Resista insieme c’è la faremo. Un infermiera
1243983252681043969,2020-03-28,20:28:14,Fate una cosa buona: dimettetevi.
1243983129205002241,2020-03-28,20:27:44,400 mln sono una presa per il culo  chi non lo capisce è un coglione
1243983034300485632,2020-03-28,20:27:22,Grande Presidente.....siamo davvero all'appuntamento con la storia....
1243983023688822784,2020-03-28,20:27:19,Occorre l'elicottero monetario suo conti correnti la State gestendo veramente di merda
1243982625133465604,2020-03-28,20:25:44,Grazie Presidente... vederla in tv a rassicurarci dopo aver letto la sua intervista sul sole 24 Ore mi fa sperare che ci sia ancora qualche possibilità per un Italia che vedo sempre meglio da sola....piuttosto che male accompagnata.
1243982456543416322,2020-03-28,20:25:04,Primo passo nella giusta direzione ma serve un reddito di quarantena
1243982361601224706,2020-03-28,20:24:41,400milioni sono briciole 🤬🤬🤬🤬🤬
1243982243892285441,2020-03-28,20:24:13,Aiuti a tutti gli italiani indistintamente come fanno in Germania .!!!
1243981967512809473,2020-03-28,20:23:07,Grazie per quanto sta facendo per il suo impegno e di tutto il governo a noi spetta solamente stare sul divano (spero che finisca presto)
1243981859568128003,2020-03-28,20:22:42,Grazie Presidente
1243981624435527682,2020-03-28,20:21:45,se dopo due/tre settimane c'è emergenza indigenza siamo proprio conciati male !! ma non siamo tra i paesi con più telefonini  suv  seconde case  ecc ecc ... qualcosa non torna ?!
1243981608430063617,2020-03-28,20:21:42,Grazie Presidente
1243981547859881985,2020-03-28,20:21:27,Cialtrone  immenso cialtrone  VATTENE !!!! N
1243981516792893440,2020-03-28,20:21:20,Uguale a Churchill. Spiaccicato proprio.
1243981507804495872,2020-03-28,20:21:18,ma i giornalisti non possono fare le domande via telegrafo  almeno capiamo cosa dicono anche noi.
1243981440041332736,2020-03-28,20:21:02,Per essere così colto mi sembra abbastanza tonto ! crede che gli Italiani prendano tutti il suo stipendio ?! ci vuole tutti a Roma?! ha sentito l’ABI ? ci sono riserve di contanti ?! lo sa che si rischia che no ci sia liquidità nei Bancomat ?! lei ci fa paura lo sa ?!
1243981354334814211,2020-03-28,20:20:41,Tutti siamo sulla stessa barca e tutti abbiamo bisogno ne + ne meno.!!! Aiuti a tutti singoli italiani.!!
1243981162231599104,2020-03-28,20:19:55,Grazie presidente. il suo discorso di questa sera ci ha fatto capire che il nostro governo è composto da gente attenta a i bisogni dei cittadini e sta mettendo in campo tutto il suo potenziale . Grazie d'avvero Orgoglioso di essere italiano
1243981028722647041,2020-03-28,20:19:23,Neanche una parola per gli italiani all estero neanche una parola per i bambini neanche un euro diretto alle famiglie zero parole su una data ipotetica di ripresa una parola sui micro commercianti perché l America da 2500 dollari a famiglia più 500 dollari a figlio?
1243980930596904960,2020-03-28,20:19:00,Lavoratori cooperative sociali?
1243980910741065729,2020-03-28,20:18:55,Spero che il danaro arrivi ai più fragilima ne dubito. Se nessuno cotrollerà si perderà per strada. Ai più deboli andranno solamente le briciole. Impegnatevi perché la tensione è alta e un uomo affamato o si affida a Dio o fa la rivoluzione...ma i tempi di Verga sono finiti.
1243980789148254208,2020-03-28,20:18:26,La cosa certa è che questo paese ha trovato un leader ed un governo all'altezza. Senza il PD e con la lega Conte non avrebbe avuto questo spazio se lo sarebbe preso Salvini causando danni enormi.
1243980717035528192,2020-03-28,20:18:09,Con Conte Presidentenon mi sembra di essere in Italiaabituato al deserto che c'è stato nei decenni! Grazie Presidente. Ciao Dan.
1243980662752845825,2020-03-28,20:17:56,Nel Sud Italia la gente dice che non ha i soldi per mangiare e Lei per tenerla buona fa la carità con un pezzo di pane.  Però il suo governo paga 780eu al mese di reddito di cittadinanza a chi dorme da mattina a sera. Basta umiliare chi lavora.
1243980623011864576,2020-03-28,20:17:47,Ci fanno aspettare 15 giorni per metterci in ginocchio vogliamo i minibot poi vedrai che si svegliano.
1243980563821838337,2020-03-28,20:17:33,Vi ho visto e ascoltato con attenzione però nn ho visto persone o politici ke si rendono conto di come sia l’Italia in questo momento voi due nn conoscete i problemi vi vedo bene in carne promettete e nn fate # lavorate x gli italiani e soprattutto chiudete i porti
1243980554980282369,2020-03-28,20:17:31,Parole semplice decisamnete chiare e  trasparenti. In questo momento difficile per la nostra nazione la comunicazione è fondamentale. In questo modo state riuscendo a tenere l'intera popolazione partecipe  ed informata. La strada è quella giusta. Insieme ce la faremo. 🇮🇹
1243980539108954114,2020-03-28,20:17:27,Ma questi giornalisti dove li hanno trovati invece di fare domande per i cittadini italiani hanno fatto domande sull'unione europea. Ma VAFANCULO.
1243980405369384961,2020-03-28,20:16:55,Daje Facce Ride!
1243980376072237058,2020-03-28,20:16:48,Quindi studenti della primaria fine. Tutti a casa.
1243980303120678912,2020-03-28,20:16:30,Presidente servono servizi sociali efficienti si deve garantire la sopravvivenza ai cittadini. Nelle fabbriche mandiamo i robot. Distribuzione tramite droni. I supermercati devono dare gratuitamente ad ogni persona derrate alimentari. Telelavoro orti nei balconi. 1/2
1243980296665661442,2020-03-28,20:16:29,Conte. Nome omen.  Un signore di tutto rispetto.  Ci perdoni se siamo un popolo impaziente. Continui a fare il suo lavoro.
1243980086061252609,2020-03-28,20:15:39,Non sono qui per criticare nessuno....ne per elogiare nessuno..ma per lanciare un appello; chiudete tutto senza deroghe per altre due settimane altrimenti qui le vittime non si conteranno piu.....non date deroghe le aziende se le inventano tutte per restare aperte.
1243980029257830401,2020-03-28,20:15:25,Il Ministro @gualtieri ha l’autorevolezza di una lumaca sembra sempre altrove e ripete esattamente ciò che ha già detto @GiuseppeConteIT il quale alla fin fine non dice mai nulla di CONCRETO! Un solo aggettivo IMPROVVISATI 🤡 🐒
1243979931199180800,2020-03-28,20:15:02,Per scaricare sui comuni.  Le derratte 👏👏👏👏 fine marzo non ancora un euro per partite Iva 👏👏👏👏 Europa non ti ascolta. Non sei credibile. #italexit #CiSalviamoDaSoli #contestaisereno
1243979926065291265,2020-03-28,20:15:01,Lei n. Può trattare La gente come dei poveracci dando i buoni?? La spesa ma lei sta giocando con lavora della gente la Germania da 70 euro al giorno a famiglia L America 2000 dollari a famiglia al mese e lei i buoni ma lei ha capito che nn hanno soldi ‘ nn ci sono soldi ‘
1243979871656820739,2020-03-28,20:14:48,Media di 50k euro a comune per i beni di prima necessità? Scherzate o siete seri?
1243979727557328896,2020-03-28,20:14:13,Egregio presidente sono Antonio Antonio un'operaio precario di napoli da 4 settimane chiuso in casa e senza percepire nulla come facciamo. Non dimenticatevi di noi da lunedì nemmeno la spesa posso fare più grazie
1243979692467724289,2020-03-28,20:14:05,Presidente i tamponi devono essere fatti a tutti ci sono persone che chiamano e devono aspettare giorni a volte si muore.
1243979577770287105,2020-03-28,20:13:38,Complimenti per le manovre e puntualizzazioni all’#Unione europea. Sono sicura che ci rialzeremo ancora più forti e uniti dopo questo scossone . #Covid_19 #EuropeanUnion
1243979577455718400,2020-03-28,20:13:37,#Conte Azzerati lo “stipendio “ poi sostieniti con i decreti #quarantena #MatteoRenzi #CoronaLockdown #CoronaUpdate #SabatoDiPrimavera #eternantena #Provenzano
1243979498120503298,2020-03-28,20:13:19,Faccia una cosa. Ammetta la sua incapacità e lasci fare a qualcuno in grado
1243979460900196352,2020-03-28,20:13:10,A sabato prossimo un po’ sul tardi che ci dici se lunedì andiamo a lavorare......se no facciamo “clic” sul sito dell’inps (Istituto Nazionale Pensieri Stupendi)
1243979389257342976,2020-03-28,20:12:53,La Von der Leyen dice che di coronabond non se ne parla non ci stanno "lavorando" ed oggi è solo il primo giorno dei 10 che gli ha regalato. Faccia Lei.
1243979356990554112,2020-03-28,20:12:45,Mi sto vergognando di essere italiano . Una vera vergogna sta umiliando le persone che lavorano costringendoli a chiedere l’elemosina
1243979118204649473,2020-03-28,20:11:48,Era meglio se andavi a cena con Casalino così evitavi di prenderci per il culo #CONTEDIMETTITI
1243978986973270016,2020-03-28,20:11:17,Puntata bassissima. Senza #decreto e senza #autocertificazione non ci divertiamo. E la valletta fa schifo
1243978964068175872,2020-03-28,20:11:11,quanti di coloro che hanno seguito la #conferenzastampa di #GiuseppeConte e #Gualtieri avranno il coraggio di ripetere che #andratuttobene ?  #CONTEDIMETTITI #GUALTIERIDIMETTITI
1243978899937206275,2020-03-28,20:10:56,Il migliore in assoluto nella Storia della Repubblica.
1243978829577826304,2020-03-28,20:10:39,Per riassumere:  - faccio di tutto per i cittadini europei - agli italiani 666 euro una tantum per mangiare - l’Europa ci ha detto fate da soli  #CONTEDIMETTITI
1243978743414165504,2020-03-28,20:10:19,"Io non passerò alla storia come colui che non ha fatto quello che andava fatto ****per i cittadini europei****" ora è tutto chiaro ...quando tutto sarà finito dovrà essere processato per alto tradimento .
1243978669854461953,2020-03-28,20:10:01,non hai le palle di fare le tue scenette con i giornalisti vero?? uomo senza coglioni
1243978630046322689,2020-03-28,20:09:52,italia spagna francia belgio lussemburgo grecia portogallo irlanda slovenia siamo già in 9 e se ne aggiungeranno altri. Se la germania e l'olanda non ci stanno rifondiamo noi un'europa più giusta domani e oggi produciamo dei bond insieme garantendo in 9+ il tasso sarà basso!
1243978549926727680,2020-03-28,20:09:32,La quinta autocertificazione in vista?
1243978463566053378,2020-03-28,20:09:12,Grazie Presidente ❤️
1243978438240854017,2020-03-28,20:09:06,Dire IMBARAZZANTE è un complimento.
1243978432754704384,2020-03-28,20:09:05,Continua a prenderci in giro🤔. Solo che ogni giorno che passa neanche lui é  convinto di quello che dice. Finalmente ha capito che passerà alla storia come il peggior premier della storia. Regala una gioia agli italiani lascia il posto a chi è più capace.
1243978411959336963,2020-03-28,20:09:00,Grazie Presidente sono certa che nessuno patirà la fame. Da domani già disponibili i sostegni per le derrate alimentari tramite i Comuni 👏👏👏
1243978347534848001,2020-03-28,20:08:44,Grazie Presidente
1243978295324151810,2020-03-28,20:08:32,La politica tuttafaccia un passo indietrodia  un segnale di condivisone ed elargiscaquello che è di suo.
1243978275933884416,2020-03-28,20:08:27,scusate se insisto ma ancora oggi leggo che i percettori di RDC disoccupati stagionali del settore Turismo che non andranno a lavorare perché la stagione praticamente è saltata anche ipotizzando a giugno un ritorno alla normalità molte famiglie non avranno i soldi per le vacanze
1243978115216551936,2020-03-28,20:07:49,Vediamo adesso cosa hanno da dire !!!! Mai avuto un premier così 🌟
1243978114759262208,2020-03-28,20:07:49,Neanche al lotto tirano tanti numeri come Contebasta promesse FATTI!!!!
1243978090142892033,2020-03-28,20:07:43,@GiuseppeConteIT avrà fatto anche errori ma menomale che oggi al suo posto non ci siano Salvini o Di Maio o Renzi o Zingaretti. Almeno c’è una persona capace che si sta impegnando invece di vendere tappeti durante la tragedia.
1243977980654891008,2020-03-28,20:07:17,Vorrei capire una cosa ha parlato di tutte i settori ma non si parla delle cooperative taxi non se ne parla nel senso di tutte le categorie vanno in cassa integrazione con euro 600 ma noi cooperative taxi non lavoriamo per il coronavirus
1243977914804318209,2020-03-28,20:07:01,Peccato che lo stato non aiuti le persone giuste perché purtroppo si va avanti per conoscenze......ed i soldi e gli aiuti per chi veramente ne ha bisogno non arrivano. Ma forse bisognerebbe che qualcuno possa provare le scarpe dei cittadini italiani......e sentirne i dolori...
1243977900816322561,2020-03-28,20:06:58,Ma "coloni e mezzadri"? Non esistono più dalla riforma dei latifondi 😂 #dimettiti per sti du' spicci...
1243977854003621890,2020-03-28,20:06:47,Ma basta!!! Siete inadeguati avete fatto errori madornali ci avete messo agli arresti domiciliari almeno ci risparmi la sua retorica
1243977802866741251,2020-03-28,20:06:34,La comunità europea resta in piedi se gli europei avranno prima di tutto da mangiare. Se i cittadini non verranno aiutati economicamente qui cade tutto. Qualcuno avvisi ursula von der leyen. #iostoconconte
1243977745857744896,2020-03-28,20:06:21,Dalla prossima conferenza solo il 🇮🇹 rimuovete la seconda bandiera tedesca 🇪🇺... 🤮
1243977736135348224,2020-03-28,20:06:18,Conferenza stampa Tristerrima!
1243977646993784832,2020-03-28,20:05:57,Ma è possibile che non riuscite a gestire neanche una conferenza stampa? Le domande dei giornalisti non si sentono tutti col microfono aperto parla uno e si sentono gli altri che battono la tastiera telefonate che partono a caso ma che roba è?
1243977638676398080,2020-03-28,20:05:55,Che umiliazione chi è rimasto senza lavoro deve chiedere un buono spesa al Comune? Basito! NON aggiungo altro per delicatezza.
1243977543507742720,2020-03-28,20:05:33,Faccio prima a chiedere la cittadinanza americana e vedermi accreditati 2.400 dollari sul c/c che andare al comune per cinque euro. Che poi tanto gia lo so al primo tabacchino mi ci compro le sigarette mandando tutto in fumo. Sai che perdita.
1243977428030144514,2020-03-28,20:05:05,"dall'inizio della prossima settimana cominceremo a lavorarci"  con comodo che fretta c'è #Giuseppi #CONTEDIMETTITI #conferenzastampa
1243977399802499072,2020-03-28,20:04:58,Sabato prossimo fate un confronto con l’opposizione? O avete paura ?
1243977359608463360,2020-03-28,20:04:49,L'aiuto a chi è in difficoltà l'ennesima giustissima risposta di Conte. Spero che diventi concreto. Un lavoro enorme di serietà. Si fa carico di tutte le responsabilità senza nascondersi senza scuse. Anche solo per questo è una vera guida.
1243977310547709953,2020-03-28,20:04:37,Ma per i dipendenti pubblici che non prendono neanche i buoni pasto e stanno a stipendio base con mutuo e finanziamento ?!
1243977258093682690,2020-03-28,20:04:24,Grazie Presidente perché da sempre dimostrazione di rispondere colpo su colpo all'evolversi della situazione e delle difficoltà che ogni giorno si presentano. Professionalità e competenza finalmente fanno parte delle Istituzioni politiche italiane. Grazie
1243976986172829696,2020-03-28,20:03:20,Presidente anche noi iscritti agli ordini siamo lavoratori  e ormai siamo allo stremo e stiamo implodendo. Non dimenticatevi di noi...
1243976668974395393,2020-03-28,20:02:04,Togliete la maschera a #Gualtieri e scoprirete Corrado #Guzzanti in uno dei suoi più riusciti travestimenti  #GUALTIERIDIMETTITI #CONTEDIMETTITI #conferenzastampa
1243976615828258819,2020-03-28,20:01:51,NaSpi prolungare di almeno 3 mesi il sussidio ai percettoriora pochi assumono e molti no. E almeno per i prossimi 6 mesi sarà così. @INPS_it
1243976574640295938,2020-03-28,20:01:42,#CONTEDIMETTITI VAFFANCULO
1243976554272743425,2020-03-28,20:01:37,La #VonDerLeyen ha detto nuovamente NO ma voi continuate a parlare di "cittadini europei" e "risposta comune": SVEGLIA! #CiSalviamoDaSoli #CONTEDIMETTITI #Italexit #Lira
1243976539433246720,2020-03-28,20:01:33,l'#Europa è morta ..... ma noi ci salveremo e non dimenticheremo i nemici!
1243976487889444864,2020-03-28,20:01:21,Ma avete tutti il bmw e Audi e state a criticare.... forse allora ammetteremo che c’è gente che mangia pane e acqua e poi fa il figo in giro.... gli aiuti sono per chi non ha la possibilità di fare la spesa non per tutti e poi e solo un inizio non criticate sempre
1243976284973268992,2020-03-28,20:00:32,Invece di aspettare 15/20 giorni di burocrazia perché i politici non donano tutto lo stipendio di marzo 2020 ai cittadini italiani? Liquidità immediata risolta...
1243976217860153346,2020-03-28,20:00:16,non fate domande leggete i moniti di Jacques Delors  #Gualtieri #GUALTIERIDIMETTITI
1243976180090404866,2020-03-28,20:00:07,Bisogna fare da soli se aspettate l'Europa. Buonanotte!!!!!
1243976091884294147,2020-03-28,19:59:46,Giusta scelta di dare la possibilita'ai meno fortunati di avere qualcosa in tasca per beni di prima necessità  ITALIA🤝🏽
1243975812224860162,2020-03-28,19:58:40,OTTIMO PRESIDENTE. QUESTA È LA STORIA DELL EUROPA. O DENTRO O FUORI. DECISO. ANDIAMO AVANTI. #iostoconconte
1243975795531493377,2020-03-28,19:58:36,Presidente può mandare un bacio a mia mamma e dedicarle "Perdere l'amore" di Ranieri?
1243975760773361666,2020-03-28,19:58:27,Mica i soldi si creano dal nulla...
1243975731211837440,2020-03-28,19:58:20,Come diceva un tale che ho letto poco fa: Conte salutami in diretta dai.
1243975599275769856,2020-03-28,19:57:49,C'è la conferenza stampa di Giuseppe #Conte in diretta —► Fascino ed eleganza dappertutto e ci incanti sempre.
1243975569877934082,2020-03-28,19:57:42,Guarda un po' I commenti più stupidi sono dei profili con bandierina. Sovranisti del menga passate da Salvini lui ha 49milioni disponibili
1243975490874028033,2020-03-28,19:57:23,#COVID2019italia taglio stipendi e pensioni del 30% e abolizione  della 13ma e 14ma per il 2020!!!  @vitocrimi @GiuseppeConteIT @nzingaretti @INPS_it @gualtierieurope
1243975448964608002,2020-03-28,19:57:13,Grande Presidente MASSIMA FIDUCIA IN LEI
1243975399538921472,2020-03-28,19:57:01,Oltre alla tragedia del Coronavirus ci dovevate capitare pure voi. Pessimi.
1243975350184480769,2020-03-28,19:56:50,Grandissimo Presidente Conte erano esattamente le parole che ci aspettavamo e lei è stato perfetto grazie.
1243975311735259136,2020-03-28,19:56:40,non avete pensato di fare un bond interno da far sottoscrivere agli italiani che hanno disponibilita 1% rendimento non quotato e non vendibile per 5 anni almeno per aiutare la ripresa?
1243975251983323139,2020-03-28,19:56:26,Gli allori li prende tutti lui Conte .... non lo so se la storia lo confermerà. Comunque riconosco il suo sforzo per trovare delle soluzioni e lui è solo un uomo con i naturali limiti!
1243975232748224512,2020-03-28,19:56:22,Mi dicono che è in ritardo anche oggi. Normale la puntualità è la cortesia dei re e lei di regale non ha proprio niente
1243975153119305728,2020-03-28,19:56:03,Presidente Andretti diceva che il debito non esiste! L'euro di oggi è carta straccia. Stampiamo noi le banconote
1243975126988869633,2020-03-28,19:55:56,Grazie #Contegli Italiani che amano l'Italia come la ama leinon possono che ringraziare!!❤️❤️❤️❤️❤️
1243975075780603904,2020-03-28,19:55:44,#Macron è con l'Italia davanti alla questione "coronabond" in quanto già in affanno per difendere il welfare del paese vedi #GiletJaunes ma #Italia e #Francia hanno da difendere due situazioni diverse l'Italia è messa molto peggio della Francia. Ricordiamocelo.
1243975059074699264,2020-03-28,19:55:40,Bloccare addebiti rid finanziarie degli imprenditori senza reddito #GiuseppeConte
1243975038098866178,2020-03-28,19:55:35,“Io non passerò alla storia per quello che non andava fatto per i cittadini europei” Mica dice italiani... dice europei.... Conte non ci rappresenti! #CONTEDIMETTITI
1243974967106174978,2020-03-28,19:55:18,No grazie. Passo e chiedo fatti non parole.
1243974935590195202,2020-03-28,19:55:11,Presidente continua a dire "inaspettata" ma non dica bugie...il 31 gennaio avete dichiarato lo stato di emergenza sanitaria e non avete fatto nulla. Come qualcuno dice "Google non mente".
1243974929290231809,2020-03-28,19:55:09,"PER I CITTADINI EUROPEI" 🖕🏻
1243974892942495744,2020-03-28,19:55:01,Vai a fare in culo tu e Gualtieri. Verremo a prendervi coi forconi venduti e parassiti schifosi la tua elemosina te la puoi infilare per via rettale.
1243974815905701890,2020-03-28,19:54:42,Bravo Presidente ancora più orgoglioso di essere Italiano
1243974749937717248,2020-03-28,19:54:26,"qui c'è un appuntamento con la Storia" dice #GiuseppeConte a proposito  di #VonDerLeyen  ma #Giuseppi ha capito che la Storia è puntuale?  #CONTEDIMETTITI
1243974679120969728,2020-03-28,19:54:10,Ma dové l 'iPhone di Giuseppe' ???
1243974657885319170,2020-03-28,19:54:05,Che tristezza leggere certi commenti...  Gentaccia che invece di unirsi in un momento di così grande dolore non sa fare altro che lamentarsi e insultare. Come se loro avessero la bacchetta magica per risolvere il tutto. La parte brutta dell'Italia siete voi.
1243974633797320704,2020-03-28,19:53:59,Codice ateco associazioni manca tra le attività che possono continuare a lavorare nell’ultimo dpcm  e in base alle indicazioni del ministero degli interni possiamo lavorare solo in Smart working e non possiamo muoverci per esigenze lavorative.
1243974613220163587,2020-03-28,19:53:54,Ma cosa c'è di difficile da capire nel fatto che le comunicazioni le deve fare in parlamento? #CONTEDIMETTITI
1243974538716762112,2020-03-28,19:53:36,Letteralmente il primo presidente del consiglio della mia vita (classe 1992) per cui provo stima. Chapeau per lo sforzo e l'impegno. Comunque andrà nessuno si è mai trovato in questa situazione e dubito che qualche genio del web avrebbe potuto fare meglio.
1243974496396197888,2020-03-28,19:53:26,Bene spesa x tutti e soldi ai comuni nessuno sia lasciato solo. W l’Italia
1243974399797198848,2020-03-28,19:53:03,Carissimo Presidente perché non emanate disposizioni che bloccano per i prossimi 3-6 mesi almeno le bollette di acqua luce gas e il pagamento dei mutui così dareste fiato alle famiglie.
1243974359489921027,2020-03-28,19:52:53,La carità Co i pacchi di pasta e i biscotti secchi dalla protezione civile e la croce rossa?  Vergognatevi voi e la vostra carità ci sputiamo sopra
1243974341001383936,2020-03-28,19:52:49,L’Europa è contro di noi lo sapete  #italexit #uscITA #CONTEDIMETTITI
1243974292523692033,2020-03-28,19:52:37,Bene finalmente molti incominciano a capire cosa vuol dire aver debiti per 3000 miliardi. Fino a ieri si dedicavano ai mojito.
1243974262362451968,2020-03-28,19:52:30,Grazie Presidente non so se tutto questo sarà sufficiente ma si capisce dalla stanchezza che il suo volto ci riporta che sta cercando di fare il possibile..grazie
1243974168523223040,2020-03-28,19:52:08,Bla bla bla ! Ma vattene e liberateci della vostra pestilenziale presenza ! Bastaaaaaa!🤮😡
1243974152169631746,2020-03-28,19:52:04,Patronati e call center (Quando rispondono) va bene. Ma non si può non nominare i @ConsulentiLavor e gli altri professionisti. Lei si rende conto che senza i provvedimenti non avrebbero applicazione?
1243974073539088387,2020-03-28,19:51:45,Oh però lo stipendio non ve lo tagliate pure voi a 600 euro al mese... Manco per il cazzo! I sacrifici li facciamo solo noi poveri comuni cittadini! #vergogna #TagliateviLoStipendio!
1243974035517685760,2020-03-28,19:51:36,dopo i 50 milioni alla Tunisia i 21 milioni alla Bolivia  200mila euro alla Somalia mi sembra il minimo...
1243973855405903873,2020-03-28,19:50:53,C'è gente che aspetta i soldi della cigs da un anno. Li fate aspettare ancora?
1243973736165974019,2020-03-28,19:50:25,Vi meritate Berlusconi e Salvini
1243973640279990272,2020-03-28,19:50:02,In un momento così tragico è un dono avere lei come Presidente del Consiglio. Oltre le sostanziali misure prese la dialettica chiara ed essenziale sono di grande valore per sentirsi una comunità
1243973549167124481,2020-03-28,19:49:40,Vedo gli occhi di uno che l’aveva presa un po’ alla leggera....
1243973485967355906,2020-03-28,19:49:25,Buona sera e grazie a tutti per il vostro lavoro
1243973466833006593,2020-03-28,19:49:21,ma coinvolgere consulenti e commercialisti per la richiesta del bonus imprese é così difficile? perché solo i patronati quando sapete benissimo che pochissime persone sanno gestire queste richieste? ah é troppo comodo lasciarci l’onere di scaricare i dati per pagare gli F 24...
1243973403436089346,2020-03-28,19:49:05,La macchina organizzativa di cui parla #GiuseppeConte è la stessa che fissa gli orari della #conferenzastampa ?  #andratuttobene ...  #Giuseppi #Conte #CONTEDIMETTITI
1243973327259152386,2020-03-28,19:48:47,Se andate oltre il 3 rischiate il caos. È inutile dare soldi dopo che le persone hanno cominciato ad assaltare i supermarket. Siete in ritardo! Dovete lasciare le persone uscire dopo il 3 almeno per una sett se fosse. Questo influirebbe positivamente sull umore.
1243973315213082625,2020-03-28,19:48:44,Egr.Sig. Presidente Lei in più occasioni ci ha chiesto di fare sacrifici e li facciamo c'è l'incognita pensionic'è chi vivra' con 600€c'e' chi perderà il lavoro ma chi ci chiede sacrifici quanto rinuncia ? Nulla.Faccia un decreto per ridurvi i vs stipendi a1500€ mese.GRAZIE
1243973297798348801,2020-03-28,19:48:40,#GUALTIERIDIMETTITI  prima che ti vendi l'Italia alle banche.
1243973187513311235,2020-03-28,19:48:14,Grazie di tutto il lavoro che state facendo.
1243973145784209409,2020-03-28,19:48:04,Stasera De Caro special guest  @Antonio_Decaro
1243973106168889345,2020-03-28,19:47:55,Ma è possibile che non decida di #cancellarecompletamenteipagamenti  di questo periodo quando potrò avrò due affitti da pagare.. Le bollette indietro e son sicura che nessuno sarà clemente #Cancellate questo mese. #ilpoisaraunaguerra
1243973106009550850,2020-03-28,19:47:55,Una stretta agli stipendi dei parlamentari!! Di questo abbiamo bisogno! Via vitalizi via incapaci!! Gli Italiani mantengono Troppe inutili minoranze! A casa!! Troppi porci da mantenere!!
1243973100787597313,2020-03-28,19:47:53,Con un nuovo DPCM appena annunciato saranno immediatamente erogati ai Comuni 43 miliardi per fronteggiare l'emergenza alimentare legata alla crisi del #coronavirus e aiutare le famiglie più in difficoltà a rifornirsi di generi alimentari. Così si fa! #Covid_19
1243973099122499584,2020-03-28,19:47:53,#CONTEDIMETTITI #GUALTIERIDIMETTITI  L'elemosina non la vogliamo! Sparite traditori! #uscITA
1243973080357142528,2020-03-28,19:47:48,Ciarlatani . I fatti .. I fatti solo parole .. puzzoni
1243973052825829377,2020-03-28,19:47:42,Gli affitti e le carte di credito del 30 31 Marzo che facciamo?
1243973027722862594,2020-03-28,19:47:36,Gualtieri: “noi vogliamo aiutare i 60.000.000 di italiani con 400.000.000 di euro” ovvero 666€ a cittadino ..... una tantum.....  cioè un cazzo !!! #GovernoDellavergogna #CONTEDIMETTITI
1243973022555521025,2020-03-28,19:47:35,Smettete di REGALARE miliono di € agli altri stati
1243973020475146240,2020-03-28,19:47:34,finalmente presidente! si comincia a ragionare così..."il pane dalla tavola non deve mancare mai!" 🇮🇹 Viva l'italia
1243973013197983744,2020-03-28,19:47:32,Conte ma vai a cagare che non stai risolvendo niente stai zitto che fai più bella figura buffone
1243972969203982338,2020-03-28,19:47:22,Per accesso Fondo Gasparrini avete rimosso il requisito ISEE ma avete lasciato il vincolo di almeno un anno di ammortamento e l'assenza di garanzie pubbliche. Quindi i mutui con garanzia CONSAP sono esclusi. #qualcunorestasolo @GiuseppeConteIT @MEF_GOV @sole24ore @gualtierieurope
1243972956973412352,2020-03-28,19:47:19,È sempre lo stesso provvedimento parlate sempre degli stessi soldi. Sono già pochi invece di chiacchierare distribuiteli. Se non sapete fare il vostro lavoro fatevi da parte e lasciate il posto a gente più competente. #governodimettiti #stopmes.
1243972947150241792,2020-03-28,19:47:17,siamo sulla stessa  Barça voi non Credo  come dissoccupato cosa posso grazie
1243972920965300227,2020-03-28,19:47:10,Il linguaggio del corpo di #Gualtieri farebbe la felicità di ogni giocatore di poker   #GUALTIERIDIMETTITI #CONTEDIMETTITI
1243972867999633409,2020-03-28,19:46:58,Siete inbarazzanti maledetti!!!!
1243972839511855105,2020-03-28,19:46:51,ma basta....
1243972788857290752,2020-03-28,19:46:39,..porca puttanasospendete almeno il pagamento delle utenze...
1243972779969589248,2020-03-28,19:46:37,Si certo... contate i morti come.nessun altro paese.fa... zona rossa ovunque anziche concentrarsi sui focolai Ci chiudete in casa e manco ci fate respirare ma non potete avere il controllo proprio per quanto scritto sopra Dunque multe..ma perchè non potenziate le ti con sti soldi
1243972756250771458,2020-03-28,19:46:31,grazie Presidente!
1243972743789502466,2020-03-28,19:46:28,DIMISSIONIIIIIIIIIIII
1243972716224557059,2020-03-28,19:46:22,Grazie per tutto quello che sta facendo . Di più  e meglio non potrebbe fare
1243972634951417856,2020-03-28,19:46:02,Torni fuori a telecomando? Manco i 600 euro mi dai e mi fai chiudere  lo studio per due  mesi.  Le tasse quest anno col cavolo che le verso...piuttosto  vado in galera se sopravvivo e non mi becco il virus facendo le urgenze.
1243972575543332865,2020-03-28,19:45:48,Soldi ai comuni? Chi ci assicura che non vadano nelle tasche di parenti e politici avidi??? Temo che in molti partiranno la fame mentre continueremo ad ingrassare i soliti noti.
1243972572829700096,2020-03-28,19:45:47,Occhio alla mafia che ne inventa di tutte. Quando ci sono queste situazioni ci sguazza. Dopo la droga il denaro pubblico è il business successivo.
1243972565909016577,2020-03-28,19:45:46,I casi sono dueo non ascoltate o ascoltate  e non capite!
1243972540105621506,2020-03-28,19:45:40,Grazie ❤️🙏
1243972535471026176,2020-03-28,19:45:39,@GiuseppeConteIT : per "bloccare" l'Italia aspetta le 23.45 e fa la diretta facebook ... per parlare di cazzate lo fa in diretta su  @raiuno  alle 19.35 #poverinoi
1243972446753099778,2020-03-28,19:45:17,Per ora non è arrivato nulla TUTTE PAROLE PAROLE PAROLE
1243972387911208960,2020-03-28,19:45:03,Uk Germania tutti i paesi europei stanno già erogando aiuti alle imprese ed ai lavoratori aiuti veri linee di credito garantite dallo stato per garantire cash flow e stipendi versati sui conti correnti soldi veri no crediti d’imposta x soldi che non incasseremo mai vergogna
1243972332852588544,2020-03-28,19:44:50,Grazie per quello che state facendo nel più breve tempo possibile
1243972316419284992,2020-03-28,19:44:46,L'ITALIA TI RINGRAZIA PRESIDENTE
1243972253731164162,2020-03-28,19:44:31,400 milioni di euro per 8.000 Comuni fanno esattamente 50.000 euro a Comune. Ovviamente si applicherà la media del pollo di Trilussa e ai piccoli Comuni arriveranno i cents...
1243972249817878531,2020-03-28,19:44:30,In media 50000 euro a comune ma ovviamente sarà proporzionale ai residenti per cui ai piccoli comuni arriveranno pochi spiccioli. Peraltro si tratta di anticipi non a fondo perduto. Hanno trovato il modo di scaricare una responsabilità enorme ai sindaci.
1243972220894019584,2020-03-28,19:44:24,Perché dici cacchiate i soldi non sono arrivati noi vogliamo soldi liquidi vergognati falso
1243972109254221824,2020-03-28,19:43:57,Dai insultatelo anche adesso!!!
1243972079021686784,2020-03-28,19:43:50,Per i lavoratori agricoli faccia pagare direttamente da INPS senza domande.
1243972008850882563,2020-03-28,19:43:33,Giuseppe bravissimo! Un suggerimento: chiudere tutti i negozi ma tutti tutti cazzo stanno a fare aperti?? E poi chiudere alle ore 19.00  che storia è questa..chiudere alle 13.00 e sorveglianza armata di quelli che non osservano le disposizioni.
1243971992585474048,2020-03-28,19:43:29,Siamo tutti sulla stessa barca?A me pare che mentre voi state su yacht noi stiamo su gommoni bucati.
1243971950562676738,2020-03-28,19:43:19,Ricordati che ti frantumato ogni singolo osso ...ti stai prendendo anche la dignità delle persone adesso secondo te uno che ha bisogno deve anche inchinarsi e richiedere con vergogna u. Ticket per mangiare.ricordati questo : io ti ammazzero'
1243971940429201410,2020-03-28,19:43:17,il re Sole sta facendo distribuire baguette....
1243971935245041665,2020-03-28,19:43:15,Sei il nostro migliore PRESIDENTE DI SEMPRE
1243971927695396865,2020-03-28,19:43:14,Non ho capito. Quando finiscono gli arresti domiciliari?
1243971910314143744,2020-03-28,19:43:09,NO grazie Tempo sprecato vedere l'enessimo spot di chiacchiere
1243971880668876802,2020-03-28,19:43:02,Grande Presidente nessuno prima di te ha dovuto affrontare una situazione così difficile
1243971869033795586,2020-03-28,19:43:00,"Stiamo facendo di tutto perché i tempi della burocrazia siano non dico dimezzati ma azzerati"  quindi cari italiani fate la cortesia di darvi una mossa a stampare le prossime #autocertificazioni #Giuseppi #Conte #CONTEDIMETTITI
1243971750909685760,2020-03-28,19:42:31,40€ al giorno a migrato 780€ ai disoccupati per stare sul divano 600€ ai partita IVA chiusi in casa...
1243971740721647616,2020-03-28,19:42:29,Lo avevo chiesto tempo fa' pare che  finalmente qualcosa arriva .Grazie
1243971614527688705,2020-03-28,19:41:59,Solidarietà? Ma perché non si parla mai di riduzione dei parlamentari? Perché non c'è un taglio netto a questi super stipendi e vitalizi neanche in questi casi d'emergenza? Chiedete sempre sacrifici! Ma voi quando iniziate a farne? Ad esempio RENZI che sta a fa lì?
1243971586312593411,2020-03-28,19:41:52,Servono i fatti ! Troppe parole
1243971572559482881,2020-03-28,19:41:49,Su questi 400 milioni di euro la mafia ci metterà le mani sopra sicuramente.
1243971544898048000,2020-03-28,19:41:42,Tutti sulla stessa barca? C'è chi muore di fame e chi non molla la poltrona.....rinunciate a parte del Vostro stipendio e diventerete l'esempio!
1243971508931907585,2020-03-28,19:41:34,Bravo Presidente😻
1243971490434908161,2020-03-28,19:41:29,400 milione per 8000 mila comuni fanno 50.000 mila euro a comune per far fare la spesa hahahahaahah sei serio conte?
1243971489457754112,2020-03-28,19:41:29,Hai capito commerciante che non fai un soldo da settimane e non ne farai per molte altre?  Stai sulla stessa barca di #Giuseppi #Conte #CONTEDIMETTITI
1243971397921181696,2020-03-28,19:41:07,Merdaaaaaaa.. vermeeeeee bastardo ...come le scegli le persone sole .... idiota ... oltre al male la dignità andarsi a prendere un buono per mangiare oltre al danno anche la vergogna... ricordati che ti ammazzero ...promesso
1243971393353658372,2020-03-28,19:41:06,aiutare chi è in maggiore difficoltà. Vale per tutti....chi può aiutare lo faccia!!!
1243971346314526721,2020-03-28,19:40:55,400mln sono davvero pochini
1243971307328417792,2020-03-28,19:40:46,Siete completamente fuori!!!!
1243971303834554368,2020-03-28,19:40:45,TIRATE VIA I VITALIZI
1243971218065285120,2020-03-28,19:40:24,Ma che cazzata!!!!! 400 milioni per 60.000.000 di abitanti sono 6 euro a cittadino  #buffone #CONTEDIMETTITI
1243971216186187776,2020-03-28,19:40:24,Hai rotto le palle parli parli e non fai un emerito cazzo.
1243971194271019008,2020-03-28,19:40:19,La Cassa Integrazione la pagherete subito o tra qualche mese mettendo in difficoltà gli italiani?
1243971188164001792,2020-03-28,19:40:17,Vediamo quando arrivano questi buoni.....se i tempi sono quelli delle mascherine siamo fottuti!
1243971148725080064,2020-03-28,19:40:08,L’IMU dovete anticipare non FSC. L’IMU è sospesa quando si riprenderà la riscossione la incasserà lo Stato. Anticipare FSC sono già soldi dei Comuni!
1243971084699009024,2020-03-28,19:39:53,Ah dov'è lo straccio blu? L'hai capita finalmente? Ora caccia Gualtieri! E magari ti rivaluto
1243971067267280899,2020-03-28,19:39:48,Avete abbandonato le partite Iva vergogna.
1243970871536111616,2020-03-28,19:39:02,Leggi questo mentre Che parli....  Bastardoooooooooooooooooo lurido assassino ..vergognatiiiiiii ...prova a fare una mossa e sei schiacciato... stai attento.verme tu e tu i magnaccia del pd
1243970803122741248,2020-03-28,19:38:45,Vogliamo sapere economicamente come aiuterete le famiglie
1243970751792848898,2020-03-28,19:38:33,È consapevole? Allora ci dica quando darà inizio alla sua Poderosa manovra
1243970683039879170,2020-03-28,19:38:17,...ci comunicherà il cambio dell'ora?
1243970598973444099,2020-03-28,19:37:57,Vergogna
1243970581084680192,2020-03-28,19:37:53,Lo stato c'è ?????
