id,datestamp,timestamp,tweet
1243304824164188161,2020-03-26,23:32:24,Dettagli per il blocco traslochi?
1243262922505310208,2020-03-26,20:45:54,Dobbiamo smettere di seguire gli account personali di @GiuseppeConteIT lui occupa una poltrona senza essere stato eletto e sta approfittando per prepararsi un futuro non è diverso da @SenatoreMonti che ha voluto essere senatore a vita per aver massacrato il paese io smetto ora
1243210041815175168,2020-03-26,17:15:46,Siamo con vuoi tutto andrà bene 🇮🇹🇮🇹🙏🇧🇫🙏
1243199282406207488,2020-03-26,16:33:01,Una nuova autocertificazione lei è incoreggibile è in ansia da prestazione. Lei Conte bifronte con delega ai servizi segreti è un parolaio inconcludente e incompetente
1243191080155328512,2020-03-26,16:00:25,L'ennesima!!!!!!informati tu prima
1243189838960037888,2020-03-26,15:55:29,Siamo tutti politici adesso come prima eravamo tutti chef perché abbiamo guardato Masterchef...come mia mamma si crede medico perché ha guardato doctor House.
1243181458761670660,2020-03-26,15:22:11,Susca signor Presidente mi fate capire come mai ogni giorno cambiate autocertificazione.
1243180961497583619,2020-03-26,15:20:13,Devi aiutare anche chi come me non è sposata non ha figli e lavoro poche ore e sono convinta che x questa emergenza puoi fare di più
1243157418571374595,2020-03-26,13:46:39,Noi possiamo stare in casa il problema è  stare senza soldi che non si riesce
1243144601000607744,2020-03-26,12:55:44,Forse non hai capito... eh ci vogliono i quattrini e subito anche.
1243135973707386880,2020-03-26,12:21:27,Speriamo che le prefetture non diano nullaosta a chi è stato escluso dalla lista ateco come nel penultimo decretoho sentito di richieste. Non facciamo come al solito.
1243131155932725249,2020-03-26,12:02:18,Salvini hai rotto il c**** !!! Sempre a fare propaganda politica! Soluzioni non proclami!
1243128723320311809,2020-03-26,11:52:38,GUARDATEVI DA QUELLI DI CUI DALLA LORO BOCCA ESCE LATTE E MIELE (PAROLA DEL SIGNORE)
1243127925488091136,2020-03-26,11:49:28,Io chiedo sempre di trovare signor presidente chi può fare un inno per medici e infermieri e ve lo chiedo con il cuore . Io sto a casa e sto bene e ringrazio dio fin ora ma penso a loro che stanno mettendo la loro vita per noi cittadini ricchi poveri bianchi neri o gialli 💚🤍❤️
1243118926105583616,2020-03-26,11:13:42,Buon lavoro Ministro Conte
1243116165771210752,2020-03-26,11:02:44,Pres. ti do del tu perché in questo momento siamo tutti uguali sono 3 settimane che ho chiuso il mio negozio unico mio sostentamento ed era già dura prima del Covid-19..dammi una risposta: COME MANGIO SE NON HO SOLDI SU CONTO?Almeno l'idea di Trump è di dare i soldi a persona!!!
1243115448708800513,2020-03-26,10:59:53,Sig. Presidente come vengono trattate tutte quelle persone che si ritrovano a gruppi in giro per le città tendenzialmente extracomunitari che se ne fregano dei vostri provvedimenti? Visto che c'è la tendenza a liberare le carceri e la multa non possono/vogliono pagarla? Grazie
1243110542686007297,2020-03-26,10:40:23,Bravo Presidente! Avanti! Ho visto molte poltrone vuote. Lei presente e gli assenti dove sono?
1243109039837503489,2020-03-26,10:34:25,Non ha mai risposto a una mia domanda: come devono fare tutte quelle persone come me che sono costretti a lavorare in nero? Colpa di tutti i governi che non hanno mai fatto niente per evitare questo. In tutti i ristoranti e pizzerie che ho lavorato nessuno ti assume in regola
1243098456501207041,2020-03-26,09:52:22,Fermi fermi. Conte ieri hai detto 'questo nemico invisibile che sta entrando nelle - - - nostre case' ca cioè ci dice di stare a casa non possiamo uscire e sto virus entra??
1243092117171376128,2020-03-26,09:27:10,Gli artigiani e pmi che non stanno lavorando vogliono reddito garantito non prestiti
1243089919855247361,2020-03-26,09:18:27,I commenti che sto leggendo fanno venire il vomito.
1243087060984115200,2020-03-26,09:07:05,Come sempre tante parole ma in concreto ancora nessun aiuto agli italiani."Del senno di poi son piene le fosse". Certamente ma quando ti avvisano un mese prima ma si aspetta un altro mese prima di decidersi tentennando a intervenire le fosse si riempiono anche di poveri morti.
1243082864972963842,2020-03-26,08:50:25,Tamponi a tutti e soldi in mano..non bonus o rimborsi da scalare dalle tasse e  chissa'quando ce li date!!O finanziamenti a tasso zero...non voglio prestiti.VOGLIAMO SOLDI CASH PER FARE LA SPESA ANCHE DAI VOSTRI STIPENDI #ITALEXIT
1243077866327289856,2020-03-26,08:30:33,Presidente metta ordine nella magistratura. Avvocati di buonsenso ne abbiamo come Lei. Ma la magistratura va controllata perché ad oggi non lo è affatto. La Sanità centralizzatela perché decentrata specula senza controllo sulla vita e sulla salute. Grazie. Vigono solo interessi
1243072431348232192,2020-03-26,08:08:57,A quando i tamponi anche alle forze dell’ordine?
1243071568902852608,2020-03-26,08:05:31,Orribile ! Infame dimettiti
1243070877559898117,2020-03-26,08:02:47,Oggi è il tempo dell' azione e domani del resoconto. Aspettiamo ancora di sapere #Autostrade #commisionebanche #ilva ecc. Bisogna sempre aspettare per tirare le somme vero?
1243070393063280642,2020-03-26,08:00:51,Non ho mai avuto una risposta signor presidente non ne sono degno? Per quelli che come me che lavorano per dei ladri che non pagano contributi quindi in questa situazione io ricevo una cassa integrazione minima fanno nero sugli scontrini e di conseguenza non pagano tasse
1243068116579557376,2020-03-26,07:51:48,Il presidente Mao non si arresta alla distruzione totale.
1243065536281481216,2020-03-26,07:41:33,Giorgia Meloni le ha sbattuto in faccia la verità!!!👏👏👏👏👏👏per Giorgia ovviamente 💪👍
1243062281287675905,2020-03-26,07:28:37,Prima ve ne andate meglio è per l'Italia!!!
1243062274266464256,2020-03-26,07:28:35,Parole vuote. Tanta retorica. Il nulla assoluto di un racconto fazioso.  Questo è stato il suo discorso.  #ITALEXIT se si ama l'Italia.
1243059623592185856,2020-03-26,07:18:03,Quindi riferirai ogni 15 giorni alle camere.  Vergognati. Il popolo ti prenderà a calci nel culo. Mussolini eletto a furor di popolo è stato impiccato. Figurati cosa può succedere a chi non ha preso nemmeno un voto
1243059364312875012,2020-03-26,07:17:02,Spero più che la storia quando tutto sarà finito che giudichi un tribunale. Sono convinto della buona fede dell'agire. Ciò non toglie che fin dal l'allarme non si è attuato un vero piano di allerta. Ora piangiamo i morti e resistiamo. Verrà il momento di apuurare la verità.
1243056938419617799,2020-03-26,07:07:23,Dimettiti incapace sei la vergogna italiana!!!!
1243053079483777024,2020-03-26,06:52:03,Inutile e inconcludente..🙄 Si vergogni e si dimetta. #CONTEDIMETTITI
1243049292421566464,2020-03-26,06:37:00,Uno statista. Acuto intelligente capace consapevole e soprattutto corretto e responsabile. Un uomo vero. Un galantuomo. Basta coi buffoni. Grazie Presidente
1243038661404512257,2020-03-26,05:54:46,sempre chiaro limpido ...grazie di esistere ❤️❤️❤️❤️❤️❤️❤️❤️
1243037376869474315,2020-03-26,05:49:39,Lasci che la destra collaborima sia sempre ben chiaro di chi sono le proposte e in che modo si pensa di attuarle.Adesso basta incassare criticheli faccia lavorare e vediamo.
1243033309313196033,2020-03-26,05:33:30,Ho visto il TV la tua informativa sei riuscito a parlare ....parlare.....e basta...nel tuo discorso nessuna risposta alle esigenze del Paese niente di concreto di reale solo ipotesi discorso sterile inutile per un'Italia che ha bisogno di risposte e certezze..sei inutile.
1242984447546458113,2020-03-26,02:19:20,Leggendo i commenti mi chiedo... ma non hai il 90% di consensi 😂
1242979533197848583,2020-03-26,01:59:48,Perché hanno censurato la trasmissione Leonardo di RAI 3 in cui si parlava della simulazione per emergenza coronavirus svoltosi a NY a ottobre?
1242968846882963456,2020-03-26,01:17:20,@GiuseppeContelT Ricerca del ministro Emoterapia automatica. (Auto Hemoterapia) questo semplice trattamento può essere efficace contro covid19! cercare Dio. Dio benedica la bella Italia!
1242966798150045697,2020-03-26,01:09:12,Invece di toccare le pensioni di ci ha lavorato una vita perché non tocchiamo i soldi di gente come voi tutti li che guadagnate un botto per parlare e soggiogare? Destra sinistra e centro... metà stipendio via per aiutare. No?
1242961603991126016,2020-03-26,00:48:34,Giuseppi domani a che ora?
1242957194410278912,2020-03-26,00:31:02,Ottimo discorso Presidente.
1242956245306392578,2020-03-26,00:27:16,Sig Giuseppe no al Mrs perpiacere faremo moi Italiani dei sacrifici però non chiediamo nulla al Europa noi siamo il popolo di Roma cioè del impero romano quindi se voliamo fare una sola cosa di staccare dal Europa e dobbiamo essere più forti più che mai
1242951595203203072,2020-03-26,00:08:47,il milior yutuber del mondo?
1242949777307963392,2020-03-26,00:01:34,Grazie Presidente!  #iorestoacasa
1242946178670645248,2020-03-25,23:47:16,Questo governo non sta facendo nulla per le aziende. Dopo il coronavirus ci saranno le macerie peggio dell’ultima recessione. Se tra il 2011 e il 2017 in Italia ci sono stati 1000 morti suicidi per motivi economici aspettiamoci il peggio.
1242942742000480256,2020-03-25,23:33:37,Presidente lei non mi rappresenta!!......il lazzaretto che non voleva creare in Lombardia dopo un mese lo sta creando in tutta la Nazione !! Stasera ha raccontato menzogne!! Lei "prontamente " non ha fatto nulla!!
1242940281357557760,2020-03-25,23:23:50,Lo sa vero che sta agendo al di fuori del mandato costituzionale? Quando cknvertiamo i suoi Dpcm in Legge? O almeno DL?
1242934220697321472,2020-03-25,22:59:45,Noi Domestici dove siamo come facciamo a mangiare come facciamo pagare il mutuo
1242933079490080769,2020-03-25,22:55:13,Verrà il giorno del giudizio.
1242929870021308420,2020-03-25,22:42:28,Buonasera e grazie Presidente per quello che sta facendo con suo #Governo. A criticare incassando #lautistipendi e soprattutto non rischiando nulla...son capaci in tanti. Si ricordi sempre dei più umili e bisognosi perché è vero che avranno  #RegnodeiCieli ma oggi devono mangiare
1242929536972525570,2020-03-25,22:41:08,Dimettiti
1242926225804472326,2020-03-25,22:27:59,Presidente oggi ha avuto una "soluzione" x tuttima ricordi che anche gli operai hanno un mutuo da pagareun affitto da pagarebollette da pagareuna famiglia da mantenere.NON TASSATEGLI L'EMOLUMENTO DELLA CASSA INTEGRAZIONE!!
1242924516545892360,2020-03-25,22:21:11,BUFFONE HAI DISTRUTTO L ITALIA TU E I TUOI COMPAGNI DI MERENDE... AL SUD ITALIA C'È GENTE CHE NON HA SOLDI PER FARE LA SPESA TUTTI I GIORNI PERCHÉ LAVORANO IN NERO... QUESTE PERSONE DOVEVI AIUTARE CON I DECRETI LEGGE... BUFFONE
1242923142588358661,2020-03-25,22:15:44,L' Italia non ha bisogno di un premier ma di un tutore di sostegnola mancanza di capacità mentale rende difficile capire che non devono viaggiare durante la quarantena  per epidemia...
1242922899297746944,2020-03-25,22:14:46,Come faremo l 'uscita per la famosa spesa senza soldi?
1242922886144368652,2020-03-25,22:14:43,Se attivate il MES veniamo a prendervi a sprangate nei denti. Incompetenti traditori della patria
1242918970572902400,2020-03-25,21:59:09,Un pregio lo ha. Può parlare per ore senza dire nulla.
1242918042096590849,2020-03-25,21:55:28,Quando fai un autocertificazione nuova?
1242916764364742658,2020-03-25,21:50:23,Presidente la ringrazio per quello che sta facendo per tutti gli Italiani.Sono sconcertato dal comportamento dei suoi avversari politici che non portano proposte concrete ma sono capaci di chiedere solo una marea di soldi per affondare la barca .Buon lavoro Presidente Conte.
1242914066106060805,2020-03-25,21:39:40,Credo sia responsabilità civile di tutti segnalare ai gestori tutti gli account che consapevolmente incitano a odio e violenza verso le istituzioni italiane. Soprattuto ora. Rabbia e paura non giustificano MAI la violenza. La violenza non è MAI libertà di espressione  #COVID19
1242913976847159296,2020-03-25,21:39:18,Questo qua è un vero buffone. Vedere l'intervista a Gennaio dalla Gruber... Siamo pronti: aveva detto... #pinocchiociarlatano...
1242913940922867712,2020-03-25,21:39:10,Grande presidente grande uomo ❤❤❤ nn vi fidate di meloni Berlusconi Salvini dicono che vogliono collaborare! sn tre scurnacchiati
1242913837025812487,2020-03-25,21:38:45,Presidente una domanda: a quando il decreto per gli ansiolitici e gli antidepressivi gratuiti? Risp. Grazie
1242913538563325952,2020-03-25,21:37:34,Grande presidente grande uomo ❤❤❤❤ nn vi fidate di meloni Berlusconi Salvini dicono che vogliono collaborare! !!sn tra scurnacchiati
1242909972557676551,2020-03-25,21:23:24,La apprezzo molto ma credo che sia circondato da consiglieri non all'altezza. DPI e tamponi x medici infermieri e OSS negli ospedali dopo ai medici di famiglia e a seguire ancora agli OSA nelle strutture di assistenza anziani. Non ci sono altre priorità più urgenti mi creda.
1242907270142406657,2020-03-25,21:12:39,OK PROCLAMA UDITO MI SFUGGONO I FATTI E NUMERI REALI!
1242906048169676800,2020-03-25,21:07:48,Tutta la mia stima al Premier Conte sta facendo bene... Facile criticare molto più difficile capire il ruolo e la responsabilità di questi giorni #andratuttobene 🍀
1242904471493107713,2020-03-25,21:01:32,Ma i deputati che hanno parlato dopo Conte non si sono un tantino vergognati? Parlo in nome della sintassi italiana!
1242902986638180353,2020-03-25,20:55:38,Guando e cominciato corona virus in cina avete chiuso gli occhi e avete pensato che non arriva a italia anche  avete pensato cosi  se non arriva a me non mi frega niente altri e guesta mentalita ( ce per tutti in italia)
1242901196546936835,2020-03-25,20:48:31,Avete agito talmente spediti da permettere al virus di entrare in Italia e spazzarci via. Nessuna pianificazione ne’ in termini di procedure che in acquisto di beni. Solo aperitivi anti razzisti e Bella Ciao. Incapaci.
1242900853905854466,2020-03-25,20:47:10,Presidente forza coraggio Lei può passare alla storia come i padri costituenti
1242900103905583104,2020-03-25,20:44:11,Pesante.... Un sermone... Valore aggiunto zero
1242899770148036609,2020-03-25,20:42:51,Chiacchierechiacchierechiacchiere..tutti i giorni! Putin: una settimana a casa tutti e paga regolare!! Concretezza non chiacchiere narcise a capocchia di cane! Ancora non si vede un soldo dei tuoi aiuti!! Con che cazzo mangiamo se è tutto fermo?
1242898918205161472,2020-03-25,20:39:28,Doveva riferire in parlamento come voleva Salvini e ha riferito. Veramente utile in questo monento
1242895062209638406,2020-03-25,20:24:09,Parla la vecchia democrazia che deve essere aiutata istituzionalmente in europa ed ascoltata da tutti in casa! L'ITALIA compatta
1242895003816468484,2020-03-25,20:23:55,Ma non è che ci sta a piglia' pe culo?
1242894054947524608,2020-03-25,20:20:09,No mes non ti azzardare a firmarlo ci ritroverete tutti a Montecitorio e non ci sarà esercito che tenga! 😡 😡
1242893786105221120,2020-03-25,20:19:05,Sei arrivato al capolinea. Discorso senza contenuti. Zero idee. Zero fatti. Elenco di non farti. Dimettiti e vergognati prima che sia troppo tardi. Siete una banda di incapaci e incompetenti con il capo a livello!
1242892349526720513,2020-03-25,20:13:22,Giuseppe meno male che ci sei tu che riesci a tenere salde le retini del paese grazie di tutto quello che fai per tutti noi questo mio messaggio è solo per darti forza e sostegno. Continua e non ti lasciarti abbattere da critiche di opposizioni sleali. Abbattili
1242891767667712003,2020-03-25,20:11:03,Confuso come un gatto dal pescivendolo. Qui le serrande sono giù l’Italia barricata nelle case e lei parla perfino di edilizia. Posi il fiasco. O lo prenda. È lo stesso.
1242891476297752580,2020-03-25,20:09:54,Quando sarà finita tutta questa storia dovrete andare a casa (VOI!!!) e restarci per non fare altri danni oltre quelli già evidenti! #CONTEDIMETTITI #ITALEXIT #COVIDー19
1242890557858480130,2020-03-25,20:06:15,Sei patetico. Scappa finchè puoi...
1242890088301953025,2020-03-25,20:04:23,Scusi..qui di tuo non c'è nulla!
1242889798987255808,2020-03-25,20:03:14,Fritto misto di aria inutile
1242888840282587140,2020-03-25,19:59:25,Grazie Premier
1242888193684496387,2020-03-25,19:56:51,Si sta annoiando mentre parla @GiorgiaMeloni? Meglio che apra bene le orecchie perchè quello che dice è il pensiero di molti italiani!
1242887580628275203,2020-03-25,19:54:25,In un momento del genere gli unici che potevano salvare l'Italia erano Totò e Peppino stampando moneta visto che l'unione europea di cui facciamo parte non è in grado di stampare.... La solidarietà di Tramp? davvero lodevole!
1242887077202661377,2020-03-25,19:52:25,Chissà perché mi sembrava tanto una giustificazione parlo del suo ipocrita discorso.
1242886628781297667,2020-03-25,19:50:38,Sia Trump che Putin hanno rassicurato la popolazione con numeri e cifre certe!. Se  dalle nostre parti non si incomincia a parlare di Stati Uniti d'Europa qui non si andrà mai da nessuna parte perché l'Italia a differenza degli Stati Uniti non Può stampare moneta ma la BCE si!
1242885945327747072,2020-03-25,19:47:55,Ma perché non sospendere tutti gli stipendi dei parlamentari e devolvere tale somma alla sanità?
1242885944459636737,2020-03-25,19:47:55,Bella Conte ✋ ti seguo da quando eri alla Juve. Mi dispiace solo che ora tu sia lì ad ascoltare certe cazzate #gollum #felpa @VujaBoskov
1242885558130683908,2020-03-25,19:46:23,Affitto bollette e imposte/tasse varie sono da pagarsi allo stesso identico modo.Qualunque sussidio o contributo che sia è da rapportarsi/parametrarsi al reddito annuale per non dare di più a chi già ha. Creando le solite disuguaglianze......
1242885270799777793,2020-03-25,19:45:14,Stia attento signor Conte che nel caso si comporti da traditore della patria rischia davvero parecchio questa volta. Le ricordo inoltre che la morte di molti italiani è una diretta conseguenza del suo parlare a vuoto e non concludere nulla. #CONTEDIMETTITI #StopMes
1242885200448761856,2020-03-25,19:44:58,Come dice Graziano Del Rio più europa. RESISTERE INSIEME CON UNA BUONA POLITICA COLLABORATIVA IN CONDIVISIONE. Magari come dice la Meloni. E allora?
1242885072711299075,2020-03-25,19:44:27,Tutto sotto controllo vero?
1242884393355612162,2020-03-25,19:41:45,Aspettiamo con ansia #CONTEDIMETTITI e subito dopo #ITALEXIT
1242884187876704257,2020-03-25,19:40:56,Per mera curiosità  ho ascoltato  10 minuti del suo pistolotto. Poi ho girato  visto che come sempre a parte il bla bla  bla non ha detto nulla.  Una domanda: chi le scrive il copione e le battute??? Casalina???
1242883595137671169,2020-03-25,19:38:35,Manca ciò che non ci ha detto ma che risuona più forte delle sue parole.
1242882591784611846,2020-03-25,19:34:36,DL 112 2008; Patto della salute 2010-2012; Legge 109 2009; Legge 112 2010 art. 9-11; Legge 111 2011 ticket; DL 95 2012; tagli legge stabilità 2013; Legge 228 2012; Legge 140 2013; DL 66 2014; Legge 140 e 208 2015; Legge 232 2017. Voi avete distrutto la sanità.
1242882205841600516,2020-03-25,19:33:04,Ancora con quello smartphone??? Basta è maleducazione finché le persone parlano
1242882020302360577,2020-03-25,19:32:19,Roberto Occhiuto da Italiano!
1242881728399781888,2020-03-25,19:31:10,Guarda la Germania la Francia ecc come gin dal primo caso subito hanno preso decisioni forti per il bene comune e non come te che da gennaio fai dirette social prima che eravamo pronti ad affrontare il tutto e poi che non siamo capaci...perché non sai gestire l’emergenza
1242881543087030275,2020-03-25,19:30:26,Il nostro Paese non ha mai conosciuto un Presidente del Consiglio appassionato equilibrato e preparato come lei. Ha detto giustamente in merito ai tromboni che "del senno di poi son piene le fosse". Continui così!
1242881097303838720,2020-03-25,19:28:39,Patetico ed inetto! Prima si discutono poi si firmano i decreti ed infine si comunicano ...hai creato solo scompiglio e l’esodo da nord a sud con le tue dirette sui social...quindi sei incapace a gestire l’emergenza. SONO I FATTI.
1242880479231127552,2020-03-25,19:26:12,GRAZIE di tutto! 💪🏻❤️🇮🇹❤️💪🏻
1242880465054371840,2020-03-25,19:26:09,Sì ma poggi il cellulare. È ridicolo vederla digitare come un adolescente mentre i capigruppo le si rivolgono.
1242880334301204482,2020-03-25,19:25:37,Lei è un uomo di animo buono si è visto anche questa sera .La sua commozione e la sua stanchezza di questa sera ha fatto commuovere anche noi.  Anche questa sera preciso nelle spiegazioni.Grazie ancora noi ci siamo e la sosterremo sempre. ❤️
1242880174527479808,2020-03-25,19:24:59,Salvini e la fascitella della Garbatella cagano il cazzo da 15 giorni perché il povero #Conte riferisca alla #Camera  poi però si cagano tutti in mano e l'aula è vuota.
1242879130158465024,2020-03-25,19:20:50,In parlamento non ci deve andare a "riferire" ci deve andare a chiedere il voto su provvedimenti cosi importanti per la vita e la libertà del popolo italiano. Ennesimo discorso vuoto pieno di diremo e faremo. Si metta poi in testa che il MES è un suicidio #STOPMES #CONTEDIMETTITI
1242878521254576136,2020-03-25,19:18:25,Oh mamma mia!!! Il nulla mischiato al niente!!!😩
1242877968634064897,2020-03-25,19:16:13,Grazie Conte per il riassunto... ora che ci hai edotti guarda se modifichi il decreto perché gli agenti di commercio sono ad oggi ancora senza reddito....
1242877484183453696,2020-03-25,19:14:18,Non si capisce nulla quando parli ..poi agli italiani interessano i soldi gli aiuti perché devono pagarsi le bollette e mangiare
1242876840114520065,2020-03-25,19:11:44,GRAZIE PRESIDENTE #Conte .
1242876570068492290,2020-03-25,19:10:40,Da quando i decreti vengono prima fatti e poi per  "gentilezza" si informa il Parlamento?  #GovernodellaVergogna
1242876416527675395,2020-03-25,19:10:03,Perché dell'informativa che avevate da gennaio non avete detto niente? Perché solo a Marzo i primi dpcm? Pagherete tutto #governodelcontagio #governodellavergogna #contedimettiti
1242876146506698754,2020-03-25,19:08:59,Possibile che debba elencare tutto ciò che ha fatto solo perché qualcuno all'opposizione legge in ritardo la G.U. e quando la legge non la capisce!
1242875931842224129,2020-03-25,19:08:08,Sarete ricordati come gli assassini di un popolo
1242875859834372097,2020-03-25,19:07:51,Presidente Conte le faccio notare che partite iva artigiani lavoratori autonomi hanno ricevuto solo 600 euro un tantum mentre professionisti hanno 0 aiuti. Come fanno a pagare i mutui e le spese queste persone visto che il governo non li vuole aiutare ?
1242875838565154818,2020-03-25,19:07:46,se al posto di #Casalino ci fosse stato  Sergio l'"ottusangolo"  magari le cose andrebbero molto meglio  (i #gialappa ci hanno rovinato)  #Conte #Camera #COVID2019 #coronavirus
1242875818000502785,2020-03-25,19:07:41,Vi verremo a prendere a calci in culo presto ...
1242875717672677378,2020-03-25,19:07:17,Ppurtroppo non hai fatto quello che dovevi fare subito mettete soldi nei conti correnti te lo stanno chiedendo i tuoi colleghi dei 5 stelle ma tu fai le orecchie da mercante. Se i soldi non ci sono stampateli! Ma dovete mettere su ogni azienda ditta o commerciante i soldi
1242875642452094978,2020-03-25,19:06:59,Tutto bene ma come dice Davide Crippa in aula ma  come possiamo aumentare la liquidità se la bce e la fed non concedono.
1242875555290198016,2020-03-25,19:06:38,Presidente. Per le persone che nn percepiscono reddito che nn può mangiare di vivere. Per pagare la affitto x comprare la medicine.  Come devo fare. Vi chiedo aiuto a voi.  Grazie
1242875398565871621,2020-03-25,19:06:01,Anche oggi 45 minuti di mologo per non dire nulla. Quando noi usciremo sarete processati per alto tradimento. #NoMES #ITALEXIT #CONTEDIMETTITI
1242875378823319552,2020-03-25,19:05:56,Sei andato bene ma non benissimo ma sei scusato. Probabilmente nella foga del parlare mentre leggevi il copione ti è sfuggita la riga dove c'era scritto "qui mettersi a piangere!" BUFFONE!
1242875098899648520,2020-03-25,19:04:49,Presidente la stimo pero una cosa sola bisognerebbe pensare pure alla categoria dei disoccupati che anno perso il lavoro e non recepiscono piu nulla capisco l emergenza ma pure noi siamo parte del motore🇮🇹spero legga queste due righe la ringrazio x tutto cio che sta facendo 🇮🇹🙏
1242875034072485896,2020-03-25,19:04:34,In pratica cosa è stato fatto oltre che a correre dietro al virus? Quali strategie di prevenzione avete messo in atto? Acquisto di mascherine informative ai medici allerta degli ospedali impegno di spesa per l'acquisto dei respiratori... Nulla di nulla. Solo autocelebrazione!
1242874954993078273,2020-03-25,19:04:15,Nulla da aggiungere! Bravo Pres!
1242874872499523584,2020-03-25,19:03:55,Praticamente hai fatto un arringa difensiva. Vergogna
1242874869819342858,2020-03-25,19:03:55,Winston quanto ancora dovremo sopportare... ti incensi nei tuoi discorsi ai quali ormai nessuno crede più! Ti parli addosso ma non hai alcuna credibilità! L'unica cosa che gli ITALIANI vogliono sentirti dire è #NoMES #STOPMES. #GovernodellaVergogna #CONTEDIMETTITI
1242874856267489282,2020-03-25,19:03:51,Fate in modo per favore che possano essere eliminati i commenti .. tra deficienti profili falsi etc si rende difficile l’ascolto .. a parte messaggi che incitano alla violenza con minacce e ribellione
1242874601920696320,2020-03-25,19:02:51,l'ennesimo discorso supercazzola di Conte.
1242874497558024193,2020-03-25,19:02:26,E anche stasera  il vuoto cosmico . #6000morti . Per ora . Ogni giorno perso a fare i decretini  ha portato a tutto ciò.  #CONTEDIMETTITI #Governodellavergogna
1242874422954020872,2020-03-25,19:02:08,#NOMES TRADITORE !!!
1242874362518220801,2020-03-25,19:01:54,L'arte di parlare tanto senza dir nulla di concreto l'unica cosa certa è che vuole il Mes! Vade Retro!
1242874152312340485,2020-03-25,19:01:04,Operazione riuscita . Il paziente è morto!
1242874029213724674,2020-03-25,19:00:34,Grazie Prof😘
1242874007109742595,2020-03-25,19:00:29,La storia siamo noi...
1242873946720088067,2020-03-25,19:00:15,Lavoro come barista con contratto a chiamata rinnovato mese per mese assunto per due ore ma ne lavoro nove dalle 5 alle 14 tutti i giorni a volte il riposo me lo danno dopo 15 giorni  Tutto per 40€ al giorno 4.44 € l’ora ora sono fermo dal 10 marzo non avrò nessun indennizzo.
1242873896858198019,2020-03-25,19:00:03,....ed i liberi professionisti quelli degli.Ordini Professionali? Neanche una parola. Vergogna
1242873837403942912,2020-03-25,18:59:48,Ma qualcuno mi spiega dove li fanno i sondaggi tutti favorevoli a questo omuncolo lecca piedi dell'Europa che lo danno con un elevato gradimento e con l'ascesa del PD che siamo tutti in casa? E da quel che leggo qui e in altri social sembra tutto l'opposto? Qualcosa non torn.
1242873748623065090,2020-03-25,18:59:27,Non so se Lei leggerà mai i miei msg.Spero ke lo stato si sia reso conto ke bisogna investire nella salute dei cittadini e ke noi nn dobbiamo andare all’estero x curarci.E Le chiedo inoltre equità nelle regioni!Voglio dire le regioni devono avere gli stessi medesimi soldi#
1242873706843701249,2020-03-25,18:59:17,Puntata pessima. #ildecreto è molto più divertente
1242873511133302786,2020-03-25,18:58:31,Basta parolevogliamo i fatti!! Perché non venite a fare un giro a Nembro (Bg) a raccontarla alla gente del posto che ha perso amici e parenti e a noi che ci lavoriamo!!
1242873043065675776,2020-03-25,18:56:39,Zingaretti la sagra delle banalità! Di Maio la sagra del luogo comune! Conte la sagra del filosofare!
1242873040331038732,2020-03-25,18:56:38,ma cosa vuoi sincronizzare in Europa chiudi tutto e dagli l'iban cazzo.
1242872754925420544,2020-03-25,18:55:30,Sintesi del discorso? trionfo di demagogia...
1242872730707468290,2020-03-25,18:55:25,Grazie
1242872716228689925,2020-03-25,18:55:21,ma insomma decretini decretoni letterine ma 'sti soldi ce li dai o no?
1242872530307776513,2020-03-25,18:54:37,Già. Lei convoca parlamento per dirci che vuole il MES che ci metterà alla fame?
1242872254419161089,2020-03-25,18:53:31,Parli più lentamente sig. Presidente: l’interprete LIS sta facendo i miracoli per starLe dietro...
1242872162513498114,2020-03-25,18:53:09,Parli senza dire niente. E lo dici pure male.
1242871968103313408,2020-03-25,18:52:23,Si sta addormentando anche lui...
1242871951481323521,2020-03-25,18:52:19,Tutte parole tutte balle scendono rateutenze regolari come il vostro stipendio da 15.000 euro.
1242871866487902216,2020-03-25,18:51:59,In questi giorni di arresti domiciliari nazionali sono venute a galla tutte le inettitudine e le menzogne dei vari politici(se così si possono chiamare) di ogni schieramento sia di maggioranza che di minoranza. C'è solo una cosa da dire:NON VI AZZARDATE A FIRMARE IL MES.
1242871862889197568,2020-03-25,18:51:58,Bastaaaaaaaaaaa........ Ci vuoi far cedere per sfinimento? Ma che cazzo stai dicendo? Dicci quando cazzo saremo di nuovo liberi da questi arresti domiciliari! E preparati alle migliaia di cause e risarcimenti per la tua operatività anticostituzionale! #CONTEDIMETTITI
1242871858153820161,2020-03-25,18:51:57,So da quasi un ora che vedo l'informativa di Conte...hanno inquadrato tutti i capi politici tranne er #cazzaroverde...
1242871817762635781,2020-03-25,18:51:47,toglietegli lo specchio davanti
1242871781507072004,2020-03-25,18:51:38,Il mes lo farà non ci sono santi ma è l'ultimo danno gravissimo al nostro paese dico l'ultimo perchè alle elezioni sparirà come è apparso dal nulla.
1242871614678630411,2020-03-25,18:50:59,IL NULLA COSMICO
1242871537662857216,2020-03-25,18:50:40,Mi scusi ma lei parla sempre per non dire nulla di concreto ed interessante è partito da Manzoni...Ma chi è Lei????
1242871421405138949,2020-03-25,18:50:12,In realtà Lei sapeva già del pericolo a fine gennaio ed invece di chiudere i confini ha fatto finta di non sapere nulla ! Al primo contagio del 21 febbraio era già troppo tardi !
1242871260180361223,2020-03-25,18:49:34,Ma è sotto elezioni??  che discorso insulso sta facendo?
1242870916801069063,2020-03-25,18:48:12,Hai rotto il cazzo!
1242870889605206016,2020-03-25,18:48:06,#conte subito dcpm Per Parlamentari che l'importo dello stipendio sopra indicati sia quantificato fino alla fine della crisi epidemica in euro 600 #CoronaPandemie #Covid19Out #coronavirus #COVID2019 #25marzo #Bertolaso #ProtezioneCivile
1242870733421916162,2020-03-25,18:47:28,Le Partite IVA camperanno e pagheranno i dipendenti con 600 €? Vergogna!
1242870592153493504,2020-03-25,18:46:55,Buonasera Presidente ma hai tutelato operai per cassa integrazione ok... ma io parto iva che il mio stipendio lo prendo solo se lavoro mi hai costretto a chiudere come vivo dove prendo la mia liquidità???? Perxhe devo accedere ad un finanziamento dove per avere soldi ???
1242870587497873408,2020-03-25,18:46:54,La tua inf......che?  Infilatela!
1242870509194350595,2020-03-25,18:46:35,VERGOGNATI 🤡
1242870309096693760,2020-03-25,18:45:47,Francamente pur non stimandola affatto non mi sarei mai aspettato questa stucchevole sbrodolata autocelebrativa. Ho notato in aggiunta che ha tentato in tutti modi di dare una dignità costituzionale a quel #DPCM che non può avere nemmeno una dignità normativa. #coronavirus
1242869976639438848,2020-03-25,18:44:28,Sono 7503 le persone morte in Italia nella crisi #coronavirus  Rispetto a ieri sono stati registrati altri 683 decessi.  Lo riferisce la Protezione Civile.  Minchia  signor PRESIDENTE !!
1242869930321682438,2020-03-25,18:44:17,Ma quanto son bravo ma quanto son bello ma quanto son efficace! Ripeto ma a me gli affitti e le utenze chi le paga?
1242869920624508931,2020-03-25,18:44:15,Quante giustificazioni. Vai a casa. Cronistoria inutile. Qui leco9va a rotoli e non sapremo se ci riprenderemo e tu mi fai la sintesi di quello che avete fatto? Piuttosto dicci cosa farete per rilanciare l'economia. Go to home
1242869717133668355,2020-03-25,18:43:26,Conte ti prego vieni in Lombardia a sistemare la situazione che è fuori controllo! I verdastri sono completamente inadeguati
1242869700473782276,2020-03-25,18:43:22,patetica arringa difensiva Cronistoria di cio' che ha fatto  confusamente ma soprattutto sempre in ritardo. Sempre piu' dichiarazioni autorevoli la smentiscono da ogni dove Locatelli (Cons sup sanità): Sapevamo da subito di dover comprare i respiratori Ma si son mossi il 5 marzo
1242869427089145857,2020-03-25,18:42:17,A cazzaro falla finita di raccontare solo stronzate lurido merdoso
1242869421338738695,2020-03-25,18:42:16,super presidente grazie.
1242869391613726720,2020-03-25,18:42:09,Grazie per tutto quello che fate
1242869243999387648,2020-03-25,18:41:33,Per favore modifica la legge ultima sullo spostamento degki ambulanti come se fosse consegna a domicilio se no moriamo di fame. Grazie
1242869183886635011,2020-03-25,18:41:19,Ma i lavoratori a tempo determinato con il contratto in scadenza?
1242869161921056773,2020-03-25,18:41:14,NEMMENO CON QUESTO😷 DA' SACRO ALLE LEGGI CONTE DA ODIENS AI MENTORI 2008 BISOGNA DARE A DIO QUEL CHE E' DI DIO E A CESARE QUEL CHE E' DI CESARE L' ITALIA DEVE SAPERE DEL PALINSESTO 2008 COLLUSIONE STATO CHIESA INFAMI TORRE DEL GRECO RAI MEDIASET X 🤑🤑🤑👶🍼✝️🌎
1242868793765920773,2020-03-25,18:39:46,Forza Presidente come ha detto Lei ci sarà il momento di dover ascoltare le critiche ma ora Lei i Ministri lo staff dell’ISS e della protezione Civile dovete andare AVANTI AVANTI. NESSUNO di coloro che criticano avrebbero avuto la capacità di reagire in modo ottimale.
1242868714892132352,2020-03-25,18:39:27,Informativa alla camera dei deputati? Cioè lei sta informando i deputati?
1242868532838367237,2020-03-25,18:38:44,20 minuti di nulla assoluto
1242868450076364800,2020-03-25,18:38:24,Arringa difensiva di un avvocatino #CONTEDIMETTITI
1242868449854054401,2020-03-25,18:38:24,Leggo i commenti e mi vengono i brividi!!
1242868269951922177,2020-03-25,18:37:41,Son 2 ore che parla. Dice tutto senza dire niente.
1242868049658687488,2020-03-25,18:36:49,Cosa non vi èchiaro nel fatto che s non partesubito la possibilità di accedere immediatamentealla cassa integrazione in deroga peraziende con meno 15dipendenti  qui moriamo tutti !! Le aziende devono poter accedere subito in modo da poter permettere di lmangiare cosa non capite
1242867983694934017,2020-03-25,18:36:33,Un discorso così autoincensante era dai tempi di Bokassa primo che non si sentiva.
1242867695009267713,2020-03-25,18:35:24,Perché abbiamo aspettato tanto a approvvigionarci di materiale quando ha firmato un decreto d'emergenza in data 31 gennaio? La verità che avete sbagliato fin dal principio
1242867691225935872,2020-03-25,18:35:23,Bravo Presidente.
1242867622124888065,2020-03-25,18:35:07,Ma questa è ancora la prima stagione di "Decreti" o siamo già alla seconda?
1242867355820179457,2020-03-25,18:34:03,E vergognoso che a fine gennaio dichiaravi siamo pronti per fronteggiare il Covid19 mentre a tutt’oggi 25 marzo dei sanitari muoiono per mancanza di DPI. Forse fra alle centinaia di persone che compongono la catena di decisione qualcuno avrà qualche decesso sulla coscienza.
1242867341802831878,2020-03-25,18:34:00,non ci serve la tua cronaca di un disastro annunciato.   Ci serve che lei si faccia da parte per il bene della Nazione.  #CONTEDIMETTITI
1242867256788422656,2020-03-25,18:33:40,I SOLDI dove stanno ??
1242867235473031169,2020-03-25,18:33:34,Sei uno dei pochi politici che veramente sa comunicare... Questo brucia ha gli ignoranti che nn sanno neanche aprire la bocca... Io ti stimo già perché nn ti sei fatto abbindolare da quello "DATEMI PIENI POTERI" e gli hai sbattuto in faccio quanto fanno pietà....
1242867024138772485,2020-03-25,18:32:44,Dopo L atto di dolore ( sempre utile) i conti (€) quali sono? Di cosa dobbiamo morire? Forse non ha capito che la gente non ha soldi in tasca
1242866891024216067,2020-03-25,18:32:12,Sto notando la grande affluenza di parlamentari....Sono tutti in quarantena?????? 🤔
1242866812683005953,2020-03-25,18:31:54,Discorso molto egocentrico che cerca essenzialmente di giustificare tutto il suo operato. Quando il problema è aver sottovalutato e non preparato il paese al rischio pandemico.
1242866611817775110,2020-03-25,18:31:06,Ok ma perché tutta la Cronistoria dell'epidemia da Gennaio a oggi?!?!? 😱😱
1242866443580030977,2020-03-25,18:30:26,ma quando inizi a parlare di qualche misura che adotterete? Ti stai solo beando del glorioso passato remoto (che non hai mai avuto). Conte il paese ha bisogno di andare avanti. Ha bisogno di risposte concrete! quando inizi a parlare del MES e della deriva autoritaria del governo?
1242866401230102528,2020-03-25,18:30:16,Sono 20 min che sta parlando di quello che avrebbe fatto......sta mettendo le mani avanti?sensi di colpa per tutti i morti che abbiamo avuto finora?
1242866327590707200,2020-03-25,18:29:58,grazie Presidente per l'impegno senza soste sei l'orgoglio di tutti gli italiani onesti #coronavirus #CuraItalia
1242866289137397765,2020-03-25,18:29:49,Conti non ti ammalare per carità
1242866115484823552,2020-03-25,18:29:07,Bella tesina ammesso!
1242866067443200000,2020-03-25,18:28:56,Parli di Dpcm ma ti dimentichi di dire che un Dpcm non può violare un diritto costituzionale come la libertà di movimento e soggiorno in qualsiasi parte del paese. Articolo 16 della costituzione e legge del 23/8/88 articolo 17 comma 2.
1242866063760592896,2020-03-25,18:28:55,Caro Giuseppi stai facendo un riassunto delle puntate precedentivedi che non sei in una aula di scuola smettila di fare il professore sei in una aula del parlamento gli italiani vogliono i fatti non chiacchiere avete messo in una nazione intera vergogna dimettiti
1242865780213104642,2020-03-25,18:27:47,ma chi lo sponsorizza questo? la xanax ????
1242865759963004928,2020-03-25,18:27:43,Quindi? Concretamente che ne sarà della nostra vita? L’ excursus di ciò che è stato fatto è inutile. Lo sappiamo benissimo già tutti! Cerchiamo di utilizzare questi minuti per parlare agli italiani delle misure che adotterai da ora in poi per salvare il salvabile..
1242865698784903171,2020-03-25,18:27:28,quale può essere il masochismo con cui un deficiente si compiace di elencare nuovamente tutte le cazzate fatte e reiterate?
1242865644636377089,2020-03-25,18:27:15,Come la mettiamo con i militari russi sul nostro territorio nazionale?
1242865536716935173,2020-03-25,18:26:49,Ecco per ora hai compresso solo le nostre libertà lasciando confindustria libera di sacrificare gli operai!Devi dare alla gente risposte non frasi fatte: il CuraItalia non basta i tamponi non bastano come nn bastano dpi e ospedali #iostoconchisciopera #chiudetelefabbriche #Conte
1242865520266838017,2020-03-25,18:26:46,facci capire Giuseppi se scoppia un incendio aspetti l'OMS per farti dire quando mandare i pompieri? eri TU che monitorando potevi contribuire a dae dati sullo stato di emergenza! discorso vergognoso  autoriferito senza un minimo accenno alla popolazione sofferente. Allucinante
1242865497277960194,2020-03-25,18:26:40,Presidente: basta col pippotto: si prenda le responsabilità che sono enormi.
1242865490730659841,2020-03-25,18:26:38,Il super egocentrico Conte come mai non ha più la pochette? 🤣🤣🤣
1242865356118659075,2020-03-25,18:26:06,Che infame sta cercando di scaricare le responsabilità. Il 31 gennaio dichiarava l'emergenza sanitaria a fine febbraio gironzolava per Napoli con Macron stringeva mani e rassicurava affermando che era una semplice influenza. CRIMINALE!
1242865235373031427,2020-03-25,18:25:38,Il riassunto lo fa bene ...
1242865042070126592,2020-03-25,18:24:52,È un grande premier...italiana monzese fiera di lui dalla Baviera 😘
1242864995391676419,2020-03-25,18:24:40,Grazie PRESIDENTE 🇮🇹👏👏👏👏👏👏👏👏👏👏
1242864987544174592,2020-03-25,18:24:39,Ci sei riuscito poi a venderti il paese?
1242864964873977856,2020-03-25,18:24:33,Ti do un bella idea per sconfiggere il virus:abbassa il tetto al contante (che non c’è) indici subito una lotteria degli scontrini (che non si battono più) e va’ a cercare fascisti con le tue amiche sardine.Le aziende falliranno e voi la pagherete.
1242864834967994368,2020-03-25,18:24:02,Si dimetterà mica... ala fine del discorso????
1242864811471507456,2020-03-25,18:23:57,grande Giuseppe!!
1242864547213594624,2020-03-25,18:22:54,Perché non avete fatto zona rossa Alzano e Nembro?
1242864411183808512,2020-03-25,18:22:21,Inutile che cerchi di discolparti! Sei colpevole e non ti perdeneremo mai!!!
1242864354049097730,2020-03-25,18:22:07,Riassunto delle puntate precedenti!  Sono indignata!!
1242864283425398784,2020-03-25,18:21:51,Io devo vivere dai il tuo stipendio a me è più utile .. e poi gia che ci sei dai le dimissioni e fai un favore a tutti.visto che a parte le parole per i mortie i dottori .. nulla hai detto che possa essere utile più di quanto gia di schifoso sei
1242863925626093573,2020-03-25,18:20:25,Chitemmuort....
1242863909691895811,2020-03-25,18:20:22,quindi governo tutto ok e la colpa di questo disastro è delle regioni TOP
1242863887965458435,2020-03-25,18:20:16,Anziché parlareparlare parlare è  ora di passare ai fatti....è  capace di fare solo propaganda
1242863877274165248,2020-03-25,18:20:14,focolaio di Codogno... ancora non hai capito che il contagio è iniziato prima? Il virus è progressivo non "esplode" come una bomba. Sei ancora incapace di una lettura adeguata e aggiornata dei fatti. #Dimissioni
1242863836585168901,2020-03-25,18:20:04,NO MES sarebbe la nostra rovina #NoMES #NOEURO
1242863790389157898,2020-03-25,18:19:53,Tante belle parole e intanto la gente non ha più un euro... Helicopter money!
1242863593693097985,2020-03-25,18:19:06,Presidente Conte vorrei che illustrasse anche la fattispecie che sembra delinearsi dal combinato disposto dell'art.122 comma 1 ed art.87 comma 6. Polizia carabinieri vigili del fuoco dispensati dal servizio ed al loro posto forse  i soggetti attuatori. Viva la Repubblica.
1242863580044804102,2020-03-25,18:19:03,Aspetta... Che sentiamo le minchiate
1242863548994392064,2020-03-25,18:18:56,A parte i due applausi strappati ma giusti sia per le vittime che per i medici e più bello e costruttivo sentir parlare e vedere i cartoni animati che i giuseppi!
1242863495445651457,2020-03-25,18:18:43,Per amor di Patria dimettiti IMMEDIATAMENTE per un vero presidente il tuo governo apocalisse ha sin ora 7500 morti sulla coscienza ecatombe paese distrutto baratro assoluto salvi il nome dalla infamia storica #GovernoDelContagio #coronavirusitalia #apocalisseitalia #norimberga2
1242863489342943234,2020-03-25,18:18:41,Discorso pessimo invece di parlare di nazione salute e economia va avanti con la difesa d'ufficio del suo pessimo operato. Vergognoso di pessimo gusto. Questi discorsi dovevi farli in Parlamento dove trovavi pane per i tuoi denti non a una nazione morente.
1242863359504134144,2020-03-25,18:18:10,Il suo partito lo lancerà a 10.000 morti?
1242863344593272832,2020-03-25,18:18:07,Questa è una situazione talmente critica che credo nessuno immaginava che potesse accadere. Il lavoro che state facendo è ottimo Le chiedo solo di non dimenticare il personale sanitario quando tutto sarà finito.
1242863138535624705,2020-03-25,18:17:18,Dici sempre una cosa... Cioè... (niente)
1242863097032957953,2020-03-25,18:17:08,€€€€€€€€€ o finirà malegli italiani non ne possono più delle vostre chiacchiere
1242862847840997382,2020-03-25,18:16:08,Buon lavoro presidente credo che nessuno possa mettere in dubbio  il suo e vostro l'impegno massimo verso il bene comune.
1242862803037433857,2020-03-25,18:15:58,Intanto il governo HANNO AUMENTATO A MEDICI E INFERMIERI LO STIPENDIO DI €200 CIASCUNO. non è niente ma già nel 1 decreto è stato fatto!!!
1242862542743011329,2020-03-25,18:14:56,Presidente Conte vorrei che illustrasse chiaramente in Parlamento l'art.122 D.L. 18/2020 ponendolo in relazione con l'art.1 Cost. Le chiedo di spiegare chi sono i soggetti attuatori di nomina Arcuri perchè ciò mi desta paura e perplessità.
1242862417572507650,2020-03-25,18:14:26,Buon lavoro
1242862367354077192,2020-03-25,18:14:14,Novità 🙏
1242862346588086274,2020-03-25,18:14:09,È l’unico applauso che sentiamo in tv dopo settimane... ascoltiamolo! Grazie Premier.
1242862051246170113,2020-03-25,18:12:58,Legga anche una Lettera di chi la Critica altrimenti si chiama Propaganda.
