id,datestamp,timestamp,tweet
1262513396903264258,2020-05-19,00:40:24,Presidente @GiuseppeConteIT la prego di notare che tantissimi lavoratori del turismo hanno un contratto a tempo determinato e lavorano solo durante la stagione turistica! Non siamo stagionali?! Oltre al danno subito per i mesi di lavoro persoanche la beffa di essere emarginati?!
1262480386770206722,2020-05-18,22:29:14,SigConte quando ci fa pagare la CIGD che aspettiamo da 3mesi??Quando bontà sua farà arrivare i soldi per mangiare??Non crede che è arrivata l’ora di smettere di raccontarci bugie e promesse che non mantenete??Le ricordo che lei ha chiesto scusama noi vogliamo i soldi della CIGD!
1262474818131279874,2020-05-18,22:07:06,Non insultatelo altrimenti questo ci denuncia ci querela e prendiamo L ergastolo come minimo non escludo il 41-bis
1262467059549691907,2020-05-18,21:36:17,Io non c'ho capito na mazza alla 200esima pagina ho mollato!!
1262463570547298304,2020-05-18,21:22:25,Ma quindi ci si può spostare da regione a regione o non ancora?
1262460844039954442,2020-05-18,21:11:35,C'è chi si accontenta.... E non prova vergogna. Si parlo proprio di lei caro  presidente della repubblica libera delle banane....
1262454148215312386,2020-05-18,20:44:58,Oggi sarà pubblicato sto benedetto decreto sulla gazzetta ufficiale così finalmente forse ci sarà qualche cambiamentoqualche aiuto a chi ancora non ha visto un euro!
1262448395110604802,2020-05-18,20:22:07,Ma il decreto rilancio quando viene pubblicato in gazzetta??? Tra altri 50 anni?
1262434106786406400,2020-05-18,19:25:20,Ah be' ora sto più serena.....sto sempre aspettando la cassa integrazione!!!😡😡
1262432750583382017,2020-05-18,19:19:57,Dopodomani é Mercoledì chissà?
1262427548048166917,2020-05-18,18:59:16,Stiamo aspettando che esca in gazzetta l'altro decreto fino ad oggi abbiamo sentito le solite bugie da 2 giorni previsti per la pubblicazione siamo a 6 e tutto tace. Basta bugie!!!
1262424755120062466,2020-05-18,18:48:10,Bravo Presidente. Ti sei comportato come nessun altro avrebbe saputo fare. Grazie
1262421427879280641,2020-05-18,18:34:57,Inutile fare decreti a raffica che poi non trovano applicazione.  Se lo fai per farti pubblicità lascia stare... tanto tra poco farai la fine che meriti. Ps. Rispondi ai giornalisti... è ora che smetti di percularci con falsi annunci.
1262419884811616256,2020-05-18,18:28:49,#decretorilancio date i soldi che avete promesso a fondo perduto  agli autonomi!A nessuna altra categoria è chiesto di indebitarsi per almeno 25000 euro per poter mantenere la famiglia e tornare a lavorare.Vergogna ci avete lasciato con 600 euro!
1262415571473358848,2020-05-18,18:11:41,Lei deve firmare solo una cosa: LE DIMISSIONI! #Contedimettiti
1262413632933179394,2020-05-18,18:03:59,Ottimo! Lei apre le frontiere dal 3 di giugno e la Spagna la prende così sul serio da cancellare oggi il volo per FCO del 5 stesso mese. Complimenti
1262411859568865282,2020-05-18,17:56:56,Bravo speriamo bene. Le chiedo scusa in nome della trasparenza che oltretutto lei sembra tanto tenerci si possono avere pubblicate le relazioni o pareri dei componenti del comitato tecnico scientifico ed oltretutto conoscere i costi di tutti gli esperti nominati ad oggi?
1262407064527212544,2020-05-18,17:37:53,Sig natiche consunte...confida quando il decreto della Podenza di Fuogo? Ci sono scadenze fiscali. CIALTRONE ! #GovernodellaVergogna #decretorilancio #coronavirus
1262405872405405698,2020-05-18,17:33:09,commercianti partita iva al collasso e questo pensa alle sanatorie che schifo
1262398118483591169,2020-05-18,17:02:20,ma perchè tutte le critiche a conte arrivano da account che sembrano tutto tranne che quelli di persone reali?
1262388667034873856,2020-05-18,16:24:46,Un po’di vergogna la prova ogni tanto?X averci ingannatox aver gestito malissimo il covid impedendo autopsie e aumentando i mortix averci ridotto sul lastricox averci tolto le libertà senza motivo. Me lo chiedo perché non dormo più la notte e non so come possa riuscirci lei.
1262388479981490177,2020-05-18,16:24:02,Oggi intanto sono scadute inail-IRPEF-acconto iva per le partite iva e che strano il #decretorilancio non è ancora in gazzetta ufficiale da mercoledì.
1262387750503841796,2020-05-18,16:21:08,Non ci sono soldi l Europa non è fessa finitela con sta storia
1262386942831988748,2020-05-18,16:17:55,Complimenti per tutto il lavoro svolto
1262384669733072897,2020-05-18,16:08:53,lei lo capisce che son parte il calcio il vostro governo non durerà molto lei moltiplichi le persone che vivono e ruotano intorno al calcio .
1262382997870915585,2020-05-18,16:02:15,Grazie per averci rovinato! Quando la finite con questa storia del virus pericoloso?
1262377616763469824,2020-05-18,15:40:52,Bla bla bla bla bla ma aiuti concreti 0. Dimettiti incapace che stai rovinando l'Italia. Fai un piacere al popolo italiano è fatti da parte.
1262372468146266113,2020-05-18,15:20:24,Da quello che sto vedendo da alcune trasmissioni su LA7 ancora medici di base senza alcuna protezione mascherina etc..mi vengono i brividi se ci sarà una seconda ondata. Come si può parlare di rischio calcolato se non abbiamo i numeri degli asintomatici?
1262366351886372865,2020-05-18,14:56:06,Caro Giuseppe  metti i soldi sui conti correnti del popolo  che stiamo facendo la fame !
1262365298361077761,2020-05-18,14:51:55,Il pallonaro che è... Ancora aspettiamo quelli di marzo... Tutti a casa dovete andare inutili
1262364412725338112,2020-05-18,14:48:24,Allora la Gazzetta Ufficiale la state scientemente componendo con i caratteri mobili di Gutenberg per ritardarne il più possibile la pubblicazione?
1262362672856694785,2020-05-18,14:41:29,Imho per FCA e ISP va bene come dici ma brevetti e produzione in Italia per il finanziamento... azioni forti! 😎
1262359049204572162,2020-05-18,14:27:05,Dal 9/03 ad oggi 18/05 come tutti ho visto passare non so quanti DPCM a cui mi sono attenuto in maniera integrale. Di contro ho ricevuto 600 € in quanto P.iva poi il buio. In compenso muto bollette e spese condominiali ecc. arrivano con puntualità svizzera. Che faccio?
1262358762574295040,2020-05-18,14:25:57,E lo dice su un social pieno di donne nude e uomini che si baciano? Lo trova serio?
1262358171215167490,2020-05-18,14:23:36,CONTE SE NN PUBBLICATE QUESTO SCHIFO DI DECRETO NN SI VEDONO SOLDI??????  NELLE PROSSIME ORE È  PASSATO DA UN PEZZO VERGOGNOSIIIII SIETI
1262354648377233408,2020-05-18,14:09:36,Ti sei dimenticato gli asili
1262354001917554692,2020-05-18,14:07:02,Oltre agli esami di stato state pensando di prolungare Anno Accademico 2019-20 fino a ottobre 2021. Non possono pagare studenti e famiglie lo stato di emergenza e la conseguente sospensione delle  lezioni
1262353689211265025,2020-05-18,14:05:47,🤔Non si scordi di firmare le dimissioni il popolo italiano 🇮🇹 ringrazia😡😡
1262352906864537600,2020-05-18,14:02:41,.. .che mio padre al mercato comprò.
1262347174404382726,2020-05-18,13:39:54,Presidente scusi ma per le persone che assistono parenti portatori di handicap quanto verrà firmato il decreto per usufruire di ulteriori gg in aspettativa retribuita??? Mi creda la situazione non è più gestibile mia madre malata di Alzaihmer e non abita con me!!!
1262346084254388224,2020-05-18,13:35:34,Dove è scritto che c'è l'estensione anche per bloccare i licenziamenti??? Chi ha fatto i controlli sulle aziende che hanno chiesto la CIG/D?  #ItalianiInvisibili nessuno piange per noi #DecretoLeggeRilancio
1262345390730469377,2020-05-18,13:32:49,Mi chiedo quando la smetterai di prenderé per il culo gli italiani.. Non ti sentí un pupazzo??? Persone stanno lasciando Le famiglie ammazzandosi e te cosa fai???... Niente. Sei un FALLITO E VORREI DIRTELO IN FACCIA.... COGLIONEEEE.
1262343769317355521,2020-05-18,13:26:22,Per favore Intervenga sulle Cig
1262343286519328770,2020-05-18,13:24:27,L'incompetenza ed inettitudine di questo #governo. Le imprese vogliono riaprire anche perché più sicuro un introito minimo che il nulla dato da questi inetti ed incapaci. Un dpcm ad 8 ore dall'apertura! Un dl sparito. Un mal governo senza eguali
1262340466277842946,2020-05-18,13:13:14,Ma il dpcm per essere legge non dovrebbe passare dal parlamento? Me lo spieghi lei visto che insegna diritto!!! Avvocato del diavolo altro che del popolo!!!!
1262339613617782785,2020-05-18,13:09:51,E le dimissioni.....???
1262339396617080837,2020-05-18,13:08:59,E con questo che vuoi dire BUFFONE...? Che ti sei tolto le responsabilità demandandola alle regioni....? VATTENE DIMETTITI TU E TUTTA LA TUA SQUADRA DI GOVERNO INCLUSA LA TASK FORCE...... BUFFONE INCAPACE.....
1262336634781085698,2020-05-18,12:58:01,Adesso si tornerà ad un confronto parlamentare oppure si continuerà con i decreti? Perché adesso comincia la parte dura visto che il lavoro è drammaticamente calato.
1262336188645552128,2020-05-18,12:56:15,Mi è testimone DIO e MADRE TERRA che la pagherete infami!
1262335476201140224,2020-05-18,12:53:25,Stronzi! Avete violato i diritti umani la pagherete per questo crimine #Contedimettiti
1262334077933404160,2020-05-18,12:47:51,Stai distruggendo l'Italia infame cialtrone ce le stiamo segnando tutte siate maledetti.
1262332678998810624,2020-05-18,12:42:18,Ma presidente.. Com'è che io residente a Reggio Calabria debbo aspettare il 3 giugno x andare a Messina mezz'ora di tempo.. A trovare mio figlio che nn sta tanto bene?
1262331979611156481,2020-05-18,12:39:31,Ma il decreto maggio rilancio Italia quando sarà sulla gazzetta ufficiale?
1262329472382128128,2020-05-18,12:29:33,Quando i governanti non fanno il bene del popolo vengono cacciati a pedate. È quello che faremo con voi!!
1262328973792509952,2020-05-18,12:27:34,Mi devo fare una bella giocata al superenalotto con tutti i numeri che dai nri tuoi falsi decreti buffone
1262327705166655490,2020-05-18,12:22:32,17 Maggio. Domenica. Lavoratori indefessi.
1262324905514762246,2020-05-18,12:11:24,5 giorni e tutti riceveranno i soldi 😂😂😂😂
1262321944042536965,2020-05-18,11:59:38,Ultim'ora: Istituita la task force per tenere il conto dei dpcm.
1262320171206803456,2020-05-18,11:52:36,10 mila asili privati di cui abbiamo bisogno fuori dal decreto e senza risposte!!!!! Vergogna volete dettare legge anche sull'educazione e la crescita dei nostri figli. Dovete occuparvene
1262317834631294976,2020-05-18,11:43:19,Grazie di esserci ! Tutta la mia stima ! 👏👏💕
1262313582190092289,2020-05-18,11:26:25,Presidente @GiuseppeConteIT sulle linee guida #INAIL non la si doveva dar vinta ai bulli. È un umiliazione per tutti. I consumatori avranno paura.
1262312371265114112,2020-05-18,11:21:36,Arriverà la cassa integrazione di marzo e aprile x fine mese??
1262310710014550017,2020-05-18,11:15:00,Sanatoria per i CLANDESTINI... Avete LEVATO IL BONUS AL PERSONALE SANITARIO... VERGOGNA! #CONTEDIMETTITI #governodimettetevitutti #Governodellavergogna
1262309117462544384,2020-05-18,11:08:40,Senza stipendio da tre mesi e dei tuoi farneticanti fantamiliardi manco un soldo é arrivato. Kitammuort a te e l'INPS.
1262308487666839554,2020-05-18,11:06:10,Quante sacchette nascoste nell'anonimato....
1262307113923235840,2020-05-18,11:00:43,Scusi presidente ma del decreto rilancio ancora nessuna traccia in Gazzetta ufficiale...oggi 18 maggio...
1262306808007397377,2020-05-18,10:59:30,GLI ERRORI DI CONTE (e del @Quirinale) 1. DICHIARATO STATO DI EMERGENZA IN GENNAIO NON HA AVUTO IL CORAGGIO DI CHIUDERE LE FRONTIERE  2. NON HAI TENUTO CONTO DEI SUGGERIMENTI DELLA DESTRA CHE LO RICHIEDEVANO  3. HAI NOMINATO INCAPACI 3. HAI APERTO IN MODO SCELLERATO OGNI COSA ORA
1262304374245732353,2020-05-18,10:49:49,Egregio signor Conte ma tutti questi decreti..e ancora non sono arrivati AIUTI concreti alle famiglie alle imprese!Ma esattamente voi guadagnate per.. ?Ho 29anni e mi vergogno di essere governata da voi. Sospendetevi i vostri stipendini...
1262302703549546497,2020-05-18,10:43:11,Spero che il #Governo non accolga l'iniziativa di #forzaitalia chedall'opposizionepropone di imporre l'obbligo di #vaccino per #influenza oltre 65 anni.Chi rifiuta sarà sottoposto a #TSO? In tal casopiù che di regime parlerei di #dittatura
1262300118751096833,2020-05-18,10:32:55,Spero che la gente s'avveda prontamente anche se siete organizzati molto bene a livello mediatico. Ricorda il detto: tanto va la gatta al lardo che ci lascia lo zampino! Le restrizioni sono oltremodo inappropriate senno perchè chiedi l'immunità futura? man
1262299633486901250,2020-05-18,10:30:59,Stamattina ho provato a comprare delle mascherine chirurgiche. Sono stato in tre farmacie diverse e non ne ho trovate. Questa è la #ripartenza a #rischiocalcolato che avete progettato. Mi sa che avete trascurato qualche variabile nel calcolo del rischio.
1262299435054313472,2020-05-18,10:30:12,la programmazione neuoro linguistica abbinata ad un'importante dose di dissonanze cognitive stai portando alla deriva tuoi concittadini. La parte da cattivo non ti s'addice e quando dici bugie (es. "è solo per salvaguardare la salute pubblica") diventi nasale. tu sai la verità!
1262298033578000385,2020-05-18,10:24:38,Adesso firma le dimissioni grazie
1262295935574577152,2020-05-18,10:16:18,La #cassaintegrazione che fine ha fatto?  #elezionisubito
1262294935908335618,2020-05-18,10:12:19,La cassa integrazione?! Vengo a mangiare da te presidente!!!
1262292662259941378,2020-05-18,10:03:17,Va bene ma la cassa integrazione quando arriva? Le famiglie non c'è  la fanno più
1262289326320254977,2020-05-18,09:50:02,Hai fatto un video? #bravoh
1262285428805316610,2020-05-18,09:34:33,Pinocchio
1262284139841105920,2020-05-18,09:29:25,Speriamo non siano troppo "avventate". Al buonsenso del popolo non credo molto  vedendo ciò che mi accade intorno ogni GG . Ma spero almeno che dopo 3 mesi di "domiciliari" abbiamo capito qualcosa . Vedremo 💪
1262282518637817857,2020-05-18,09:22:59,Ti sei aggiudicato un titolo nei libri di storia ma verrai ricordato come il peggior presidente mai avuto dal dopoguerra in poi. Complimenti per il lavoro svolto e ti paghiamo pure!!
1262281530916900864,2020-05-18,09:19:03,Non ho parole.....con che coraggio avete venduto l'Italia a cinesi una coscienza l'avete??...nn deve dormire la notte x quello che avete fatto
1262280434932682753,2020-05-18,09:14:42,Conte ha consumato più penne che scarpe. Qst è un altro DPCM alla Conte .... chiacchiere chiacchiere chiacchiere... milionimilioni milioni di € peccato che sn quelli del Monopoli. Caro Conte lei ha fallito. In qst periodo cerca di arrancare consensi ma deve andare a... casa.
1262279311282888704,2020-05-18,09:10:14,Caro Presidente Giuseppe Conte premetto che sono assolutamente convinto della bontà di quasi tutti i provvedimenti per il rilancio del nostro Paese. Tuttavia sono profondamente deluso dalla ambigua attenzione riservata a noi infermieri.
1262277968056979456,2020-05-18,09:04:54,Caro Presidente Giuseppe Conte premetto che sono assolutamente convinto della bontà di quasi tutti i provvedimenti per il rilancio del nostro Paese.
1262276712685019136,2020-05-18,08:59:54,Domanda: dovendo andare dalla Lombardia alla Emilia per “acquisto sul posto di un mezzo eco sostenibile/green da un privato” (che non ha possibilità di spedire) rientra nella situazione di necessità? (Dato che lo utilizzerei per andare al lavoro)
1262276660960866304,2020-05-18,08:59:42,Si dimetta!!!
1262272811344814080,2020-05-18,08:44:24,Puoi firmare di tutto tanto quello che firmi è carta straccia pensa che c'è gente che aspetta ancora i 600€. basta fare la prima donna nei TG sii degno del posto che occupi.
1262270719184027649,2020-05-18,08:36:05,Dimettiti
1262269814749495298,2020-05-18,08:32:30,Ma quale emergenza?? Guarda ciò che accade in SVIZZERA e GRECIA! L'emergenza è SOLO una presa per il culo!
1262269672252194817,2020-05-18,08:31:56,Ammirazione per il lavoro svolto Devo però dissentire sulla faccenda  dei tamponi e dei controlli(( il pagamento non deve essere sulle spalle del cittadino Ma  sanità!!!) ' È un diritto per chi ha avuto una vicinanza con un condivirus... Grazie
1262268462451351555,2020-05-18,08:27:07,DI GOVERNARE. HO RIPRENDETE IL TIMONE DELLA NAZIONE E DIRIGELA NELLA RETTA VIA? HO SARETE SCALZATI TUTTI DAL GOVERNO. IL POPOLO E SOVRANO SIAMO NOI CHE VI ELEGGIAMO SE TUTTO QUESTO NON SUSSISTE NON SIAMO PIÙ IN UNA REPUBBLICA DI DEMOCRAZIA E DI LIBERTÀ.
1262266811204190209,2020-05-18,08:20:34,QUINDI L'UNIONE FA LA FORZA TUTTO IL POPOLO UNITO A ROMA NOI SIAMO COLORO CHE VI VOTIAMO PER STARE QUI FARE IL DIRITTO E DOVERE PER IL POPOLO ITALIANO MA VOI TUTTO FATE TRANNE CHE IL GIUSTO E ONESTO DA COSTITUZIONE POPOLO SOVRANO VI BUTTIAMO TUTTI GIÙ NON SIETE PIÙ IN GRADO DI
1262265678393937920,2020-05-18,08:16:04,INVECE DI DIRE TUTTI CAZZATE VERSO IL GOVERNO? PERCHÉ NON CI SI RIUNISCE TUTTI DICO TUTTI GLI ITALIANI:( IL POPOLO E SOVRANO DA COSTITUZIONE SIAMO NOI CHE DECIDIAMO MEDIANTE VOTAZIONI CHI ELEGGERE PER AVERE UN DEGNO GOVERNO PER GOVERNARCI CON COSCIENZA UMANITÀ E ONESTÀ).
1262263217851707392,2020-05-18,08:06:17,Lei dovrebbe solo vergognarsi e dimettersi..🤦‍♂️🤦‍♂️🤦‍♂️
1262261774717460481,2020-05-18,08:00:33,@Alberto_Cirio @FontanaPres #comgiuntifuoriregione vogliamo anche noi nel rispetto delle regole vedere i congiunti  è deprimente essere trattati come turisti.DENTRO E FUORI REGIONE ABBIAMO TUTTI GLI STESSI DIRITTI
1262260934761996288,2020-05-18,07:57:13,Sempre più orgogliosa di essere italiana  e ancora più orgogliosa di avere un Presidente del Consiglio come lei  grazie avanti così adesso tocca noi con responsabilità e prudenza andiamo avanti .Sempre dalla sua parte Conte Forever ❤️
1262260766008377344,2020-05-18,07:56:32,Nemmeno i peggiori governi Berlusconi sono mai stati così imbarazzanti
1262258654524432387,2020-05-18,07:48:09,Comunicato con un tweet poche ore prima dell'entrata in vigore Senza aver detto nulla in Parlamento E poi il dittatore era Salvini...
1262254106657411073,2020-05-18,07:30:05,Ci ha preso gusto eh a governare attraverso DPCM??? Se li goda perché la cuccagna non dura per sempre! #ConteDimettiti #DittaturaSanitaria #GovernoDellaVergogna #Falliti
1262253065589096453,2020-05-18,07:25:57,Firma le dimissioni Pinocchio 🤥 e incapace
1262248378538373121,2020-05-18,07:07:19,Due giorni dopo l’annuncio ! Qui in Veneto le cose prima si fanno e poi si annunciano e se proprio non ci si può esimeresi fanno le passerelle! Inoltre quando pensa di far ritornare le regole democratiche nel Paese? Il tanto da voi vituperato Orban lo ha già fatto. #maisinistra
1262248156118605825,2020-05-18,07:06:26,Quindi.. in sintesi .. cosa si può e cosa non si può? Fino a quando? Almeno in formula di previsione..
1262247716232531969,2020-05-18,07:04:41,Cazzo firmato in anticipo!!!😱😱😱
1262246462638960642,2020-05-18,06:59:42,ma prof Conte i dpcm sono una brutta abitudine di cui immagino non puo' piu' fare a meno.. in futuroprovi con i decreti leggevedra' si trovera' meglio..🔅
1262243381683589123,2020-05-18,06:47:28,Quando sarà pubblicato sulla gazzetta ufficio? Quando arriveranno gli aiuti? Da febbraio non è arrivato nullaoggi riapertura per moltissimicon spese ulteriori per adeguare i locali e ancora soldi da spendere ma è possibile??? @GiuseppeConteIT @gualtierieurope
1262243061251399680,2020-05-18,06:46:11,Non so perché ma mi ricorda tanto ....”io metterò le luci nei campi vi darò le biciclette ....”
1262240779810091009,2020-05-18,06:37:07,Lei vive in un altro mondo. La realtà non si sfama con le parole!
1262235191290011651,2020-05-18,06:14:55,Firma le dimissioni stronzo!
1262234475058081793,2020-05-18,06:12:04,Credevo stesse firmando la PODENZA DI FUOGO il BUFFONE.
1262234449468588034,2020-05-18,06:11:58,quand'e' che ti confronterai con gli elettori eh?  Dai tira fuori le palle andiamo a vedere se hai tutto questo consenso.
1262234393797672960,2020-05-18,06:11:45,Adesso vai fuori dalle palle e x sempre
1262227468959854593,2020-05-18,05:44:14,A noi basta che firmi le tue dimissioni e torni a fare le fotocopie da Alpa.
1262216714353291264,2020-05-18,05:01:30,L’ennesimo...quello che si spaventava se gli altri chiedevano pieni poteri! Lui se li prende senza chiederli! E i boccaloni continuano a pendere dalle sue labbra...!
1262214810097385472,2020-05-18,04:53:56,Dimettiti!!!!!
1262209395599048705,2020-05-18,04:32:25,Presidente mi dica che ha inserito in dpcm l'obbligo mascherina per capre e papaya? Non vorrei finisse come in Tanzania...gente che mangia la frutta munge una capra e finisce in terapia intensiva!!
1262198414512619520,2020-05-18,03:48:47,Quindi arriverà la cassa integrazione? Eh speriamo... Qua l'aria si sta riscaldando (e non a causa dell'arrivo dell'estate)
1262197446429544448,2020-05-18,03:44:56,Che Dio di stramaledica farabutto!
1262185901775556608,2020-05-18,02:59:03,grande hai fatto il tuo lavoro finalmente. Che grande news
1262184859080044549,2020-05-18,02:54:55,Per far accettare i necessari sacrifici ai cittadini avresti avuto bisogno della loro fiducia ma con l’insensata ingiustificata e spudorata #sanatoria dei #migranti che hai fatto contro la volontà degli italiani come puoi pensare di ottenerla?
1262182174201085952,2020-05-18,02:44:15,Ma quando è che ti togli dai coglioni?
1262176800211427329,2020-05-18,02:22:53,AumentoPensionidiinvalidità e decreto rilancio nulla di fatto Nel decreto manca completamente qualcosa relativa agli aumenti delle pensioni di invalidità per il 2020. Le associazioni hanno ribaditocomela somma di 28500 euro mensili non si rileva idonea a garantire nulla
1262173113489534976,2020-05-18,02:08:14,Questo è il dpcm che dovevi firmare ad aprile??? 450 pagine di cazzate e vi siete anche impegnati.... Ma ti ricordi della manovra da 750 milioni che avevi promesso??? Scusa ma quei soldi e quella manovra che fine hanno fatto???
1262171791184846851,2020-05-18,02:02:59,Miracolo vai a casa per favore che siamo stanchi di vederti lascia la poltrona a qualcuno che ha più competenze
1262168726113222657,2020-05-18,01:50:48,Pagliaccio 🤡
1262164661828452355,2020-05-18,01:34:39,Grazie Presidente
1262163959693672448,2020-05-18,01:31:52,Garantendo un largo anticipo alle aziende che devono ottemperare alle sue disposizioni. Ottimo lavoro.
1262163363720769536,2020-05-18,01:29:30,Che fine ha fatto il Decreto di Aprile?
1262160400994402304,2020-05-18,01:17:44,Considerando che: - Musumeci vuole aprire le discoteche. - Fontana parla di modello Lombardia. direi siamo nelle mani della clausola di salvaguardia.  👆🏻🇮🇹
1262158577290153984,2020-05-18,01:10:29,... firmare le dimissioni invece ? No eh ?
1262158296515051527,2020-05-18,01:09:22,LA CASSAINTEGRAZIONE DOVE CAZZO È?!? È DA FEBBRAIO CHE MIA MOGLIE NON PERCEPISCE 1 CAZZO DI EURO. SCHIFOSI!!! PARASSITI!!! VERMI!!! BUGIARDI!!! MALEDETTI!!! DIMMI. QUANDO LI EROGATE?!? DIMMELO!!! ME LI DAI TE?!? I VOSTRI STIPENDI IMMAGINO SIANO ARRIVATI REGOLARMENTE VERO!?!
1262158286389944327,2020-05-18,01:09:19,Bravo Giuseppe.
1262157665846923269,2020-05-18,01:06:51,Grazie mille ... da un “eroe” 😏
1262157171401338880,2020-05-18,01:04:54,Bonus 600€ negati con tutti i requisiti in regola. Commercialista avvocato titolare. Niente. Risulto dipendente ma non si sa da chi. Il call center dice ha ragione faccia ricorso. È normale??? Tutti respinti nel weekend. Grazie Conte. NESSUNO restera indietro. Tranne chi paga
1262155387433881601,2020-05-18,00:57:48,#Conte rispondi anche a chi ti   vorrebbe alla gogna tu il tuo rubato stipendio lo prendi tutti i mesi? Rispondi uomo di merda Rispondi.. vigliacco.
1262155006343512067,2020-05-18,00:56:17,Aspettando Godot ...
1262151865174757381,2020-05-18,00:43:48,Sarai menzionato nei libri di scuola per aver prodotto volutamente il maggior disastro economico della storia di questo paese. Complimenti un cazzo.
1262149899795214349,2020-05-18,00:36:00,Per questa cosa fitusa non ci spreco caratteri solo a pensarlo vado in bagno e tiro lo sciaquone
1262147220721356801,2020-05-18,00:25:21,I finanziamenti ci sonoma chi non paga le tasseevasori e simili pretendono sempre di più dallo stato .Non hanno capito che questi aiuti statatali servono a investire in lavoronon a pretendere altri soldi pubblici con voracità inaudita .15 mila morti solo in Lombardia.
1262146970086526977,2020-05-18,00:24:21,Meno male che ci sei te Conte e non il bibitaro!!!
1262145960475492353,2020-05-18,00:20:21,Restituiscici la nostra libertà. Fatto questo sparisci nel nulla dal quale sei arrivato.  #VogliamoVotare
1262141431466131456,2020-05-18,00:02:21,Mi firmi anche un assegno di 600 euro visto che non mi è ancora arrivato?? Scommetto che il tuo stipendio ti è già stato accreditato...
1262141407101358082,2020-05-18,00:02:15,Aspettiamo per domattina la fresca stampa. Qualora mancasseil mancato firmatario la aspetterà sul Colle
1262141316093394944,2020-05-18,00:01:53,Tanti soldi per imprese che pretendono sempre di più dallo Statopur non pagando le tasse Se il lavoratore autonomo o il disoccupato  non ha preso la cassa integrazione la colpa è delle regioni di destrasoprattutt Lombardia  che non ha passato le domande all'Inps
1262141140993703938,2020-05-18,00:01:12,Ora appiccicatelo in fronte
1262140909891747840,2020-05-18,00:00:17,Ci avete distritto !
1262140851662315526,2020-05-18,00:00:03,Hai finito o ne devi fare altri.
1262140760364900352,2020-05-17,23:59:41,Collezione primavera-estate?
1262140607016902658,2020-05-17,23:59:04,MAFIOPOLI dei 5stelle dimissioni di Bonafede !
1262140551006244864,2020-05-17,23:58:51,La bodenza di fuoco è ugugliata solo dai bazooka dei dpcm
1262138299461906432,2020-05-17,23:49:54,Ancooraaaa??ormai siamo sul grande fratello.Gonde1 Gonde2 Gonde3 ..Netflix ne farà una serie ..noi un libro che resterà nello squallore piu assoluto della storia Italiana!
1262137523184295938,2020-05-17,23:46:49,Perche non ti decidi a dimetterti? Ci faresti un grande regalo
1262137461314027521,2020-05-17,23:46:34,C'è sempre tempo...
1262136244504596483,2020-05-17,23:41:44,Incentiviamo il consumo o sarà solo nero. Subito credito d’imposta per chi acquista beni e servizi fino al 30.09.2020 con mezzi di pagamento tracciabili. Le attività che riaprono non fanno scontrini.
1262135398999916544,2020-05-17,23:38:23,Poteva aspettare anche le 23:50 visto che c'era! Vergognoso la fase 2 avrebbe dovuto essere pronta da minimo un mese
1262134504338186250,2020-05-17,23:34:49,Ecco adesso vediamo se dopo le parole si fanno attuare questi DPCM altrimenti le chiacchiere stanno a 0
1262134174162595844,2020-05-17,23:33:31,In fondo ha scritto "e se pensate di essere più bravi venite voi a farlo?"
1262133627779002370,2020-05-17,23:31:20,Ora dimettiti
1262132920413753345,2020-05-17,23:28:32,Presidente  xchè le palestre si  i ristoranti si  i bar si e le sale giochi  bingo e sale slot No ?  Mananggiaallamadonna !!!
1262132862968528897,2020-05-17,23:28:18,Ma gli Edili sono rimasti fuori? Lavorano molti ragazzi in nero
1262131983855083522,2020-05-17,23:24:48,Un Dpcm che discrimina chi ha la vettura a 2 posti. Non può svagarsi e/o accompagnare il compagno non convivente. Dopo due mesi di arresti domiciliari mascherine guanti e autocertificazioni... grazie!
1262131328507695109,2020-05-17,23:22:12,Adesso basta stai superando ogni limite
1262130534731440129,2020-05-17,23:19:03,E a medici e infermieri qualcosa di più tangibile della "rigonoscenza"?
1262129256357822467,2020-05-17,23:13:58,Presidente con tutto il rispetto per il ruolo che ricopre ma ne ha firmati tanti... Non è che siano stati tutto questo successo...
1262129238746030080,2020-05-17,23:13:54,Ora dipende da noi bisogna agire con prudenza e responsabilità 💪💖🇮🇹
1262129165295325187,2020-05-17,23:13:36,Te ne devi andare pagliaccio
1262128999964311557,2020-05-17,23:12:57,DPCM: Dopo Pasqua Cade Maggio?
1262128824084574215,2020-05-17,23:12:15,Presidente apprezzo molto siano state consentite e normate le celebrazioni di tutte le religioni. Ma i matrimoni civili? Il 19 giugno potrò andare a teatro ma mia madre non potrà vedere il mio matrimonio... Le pare rispettato l’art.3 Cost?
1262128632387993602,2020-05-17,23:11:29,Speriamo che i contagi non aumentino e ci troviamo a ritornare alla Fase 1 🙏🏽🙏🏽🙏🏽
1262128613161304066,2020-05-17,23:11:25,Ha dimenticato di vietare di giocare con i ferri arrugginiti.  Ma la smetta con questa gigantesca pagliacciata pur di continuare a stare al potere.
1262128545754689537,2020-05-17,23:11:09,Cos’è era finito l’inchiostro?
1262127942785798149,2020-05-17,23:08:45,Grazie Presidende Gonde! Ma in guesdo DPCM c'e' aldra #bodenzadifuogo?
1262127730939908103,2020-05-17,23:07:54,I tuoi inutili DPCM tieniteli che non ci servono a niente. Invece affrettati a firmare le tue dimissioni. Così sì che farai davvero il bene del paese. #CONTEDIMETTITI #GovernodellaVergogna
1262127720185683976,2020-05-17,23:07:52,Leggendo il DPCM non trovo nessun riferimento allo svolgimento dei matrimoni civili. È possibile celebrarli?
1262127213299843074,2020-05-17,23:05:51,Se lo poteva evitare... tanto nessuno prenderà un cazzo solo gli "amici"
1262125745767399426,2020-05-17,23:00:01,Un altro atto incostituzionale. Ne ha confezionati parecchi di scritti contro la democrazia.Tutti i nodi vengono al pettine. Prima o poi.
1262125343713964034,2020-05-17,22:58:25,E il decreto aprile? Ne parliamo a giugno? Pensate veramente di farla franca ancora a lungo?
1262124977152720896,2020-05-17,22:56:58,Dimettiti...nullita'!
1262124911012831232,2020-05-17,22:56:42,Già le lettere DPCM sembrano inneggiare ad una bestemmia! Così come la vostra dubbia capacità di governare! Una bestemmia! Voi che fate i geni e stilate decreti con mille cavilli per pararvi comunque le chiappe! Avete il mio totale dissenso! #FateSchifo
1262124435806527488,2020-05-17,22:54:49,È un bel risultato ma non illudiamoci perchè purtroppo non è ancora finita. Al Presidente Conte vanno riconosciuti i giusti meriti ma  continuiamo ad ascoltarlo quando ci invita alla prudenza
1262123465110441984,2020-05-17,22:50:57,Bravo Giusé sempre operativo.
1262122798551568386,2020-05-17,22:48:18,Infilatelo nel c....
1262122391490179075,2020-05-17,22:46:41,Avanti Presidente! Contro gli sciacalli ed incapaci Salvini/Meloni!!
1262122379460988934,2020-05-17,22:46:39,La freccia ⤵️ è un messaggio che stiamo precipitando nel #MES
1262122374691987459,2020-05-17,22:46:37,A Giusè ma se non marriva er bonus de 600€ posso anna a fa la spesa a nome tuo? Dico al salumiere e al panettaro de segna sur conto tuo? Nun te preoccupa poi se mettemo in pari.
1262122366148239363,2020-05-17,22:46:35,Il Parlamento....  Quella strana istituzione. Se la ricorda???
1262122202272534529,2020-05-17,22:45:56,Presidente #Conte sono una biologa borsista dello Spallanzani di Roma. Mio marito è in Abruzzo bloccato dal lockdown. Non ci vediamo dall'8 marzo mi dica che il 3 giugno potrò riabbracciarlo senza dover fare una quarantena che non mi permetterebbe di tornare al mio lavoro.
1262121721261363207,2020-05-17,22:44:02,I soldi il decreto...aprite ma non ci sono soldi!!!!
1262121604332617728,2020-05-17,22:43:34,Indegno!!!
1262120783494733826,2020-05-17,22:40:18,Ok ora però leggilo.
1262120443793805314,2020-05-17,22:38:57,Vi siete dimenticati del mondo ippico Presidente. Fermi dal 10 marzo con le corse. Migliaia di persone che ancora aspettano di capire quando si ripartirà.
1262120312470192135,2020-05-17,22:38:26,Con calma non c'è fretta
1262119998941736961,2020-05-17,22:37:11,Potenza di fuoco!
1262119843530182658,2020-05-17,22:36:34,Coglione ci stai rovinando
1262119376779689989,2020-05-17,22:34:43,Dimettiti
1262117939039342593,2020-05-17,22:29:00,Siete pronti commercianti?  12 ore per adeguarsi alle norme a partire da ora.  Via! ⏱️ 11:59:59 11:59:58 11:59:57 11:59:56 11:59:55 ... ... Al primo in regalo una bambolina. #Conte te possino 🤬
1262117751805616130,2020-05-17,22:28:15,Non capisco ma il decreto Rilancio domani verrà pubblicato il Gazzetta Ufficiale o no?
1262117337911693313,2020-05-17,22:26:37,avendo già sviluppato un pensiero politico alla mia età posso dire che lei presidente sta svolgendo un ottimo lavoro per far tornare l'Italia ad una situazione stabilela ringrazio per tutto quello che sta facendo per il nostro paese.
1262116945442340864,2020-05-17,22:25:03,Che vergognasiete ridicoli #Contedimettiti
1262116757935984641,2020-05-17,22:24:18,Non ti vogliamo
1262116172981551105,2020-05-17,22:21:59,Mattarella manda a Casa questo governo illegittimo fatto di sbruffoni ignoranti corrotti che aiutano immigrati e massacrano gli italiani in nome dei loro comandanti europei. O sapremo da che parte sta..
1262115601096589313,2020-05-17,22:19:42,Il disagio...
1262115096714711042,2020-05-17,22:17:42,ma conte ha finito di prenderci per l' ano?  ormai siamo stufi delle sue c........e che continua a dire siamo stanchi delle sue promesse da mercante quando farà qualcosa di veramente concreto? fino adesso la cassa integrazione nessuno l' ha vista ancora o dobbiamo fare rivolta?
1262115048807432193,2020-05-17,22:17:31,Era meglio per l Italia se firmavi le tue dimissioni e portavi insieme a te la tua task force.. I danni che avete fatto rimarranno per anni voi e le vostre scelte in totale autonomia #CONTEDIMETTITI
1262114001250594818,2020-05-17,22:13:21,Tu lo sai che tutto questo finirà vero? Tu lo sai come andrà a finire??   Si che lo sai.  Perché continui a servire un padrone che ti abbandonerà?
1262113546848153600,2020-05-17,22:11:33,indegna prepara le valigie .........arrivano gli italiani che avete fatto fallire
1262113471052873730,2020-05-17,22:11:15,😂😂😂😂😂😂😂non è che stiamo su scherzi a parte?? Non è che le coperture per la articolo 28 non ti è sceso...? Bastano i soldi?? Dai tanto maggio manca per finire.
1262112668166557708,2020-05-17,22:08:03,È davvero un peccato che non ci sia Salvini al governo sarebbe stata tutta un'altra musica!🙄
1262112522741731328,2020-05-17,22:07:28,Una BODENZA DI FUOGO!
1262112419675099141,2020-05-17,22:07:04,Ahahahah se non fossimo nella cacca saresti anche simpatico invece sei preoccupante ma non serio 😘
1262111981605191680,2020-05-17,22:05:19,Ma Sti Cazzi? Per più di due mesi nemmeno i cinesi sono stati così oppressivi e adesso? Ho appena firmato l’ennesimo dpcm ma sai dove devi metterlo quell’enciclopedia che avete scritto?
1262111979612844038,2020-05-17,22:05:19,Bravoooooo!!! Era quello di Aprile...beh scusate il ritardo 🤡🤥
1262111146733076481,2020-05-17,22:02:00,Na non ti era stato detto di non farne più?
1262110967003066374,2020-05-17,22:01:18,Giuseppi ma li leggi i commenti o no? Hai capito quanta stima hanno di te gli italiani? Fammi un piaceretogliti la cravatta con la bandiera italiananon ne sei degno!!!
1262110692359974915,2020-05-17,22:00:12,Io devo sempre avere i soldi della cassa integrazione.....che x caso sn rimasti nel dpcm?????
1262110570511204352,2020-05-17,21:59:43,C’è anche la versione in “disegnini”?
1262110567424196609,2020-05-17,21:59:42,Con calma cucciolotto che fretta c'è? Ci sono ancora 2 ore prima che entri in vigore chi deve applicarlo ci può passare la notte pensando a te
1262110125046861827,2020-05-17,21:57:57,Caro Conte un impresa nn riesce a ricevere 25000 euro in prestito e lo stato potrebbe dare 6.3 miliardi a fca con sede legale nell'amica Olanda e sede fiscale in UK!complimenti! @GiuseppeConteIT @Mov5Stelle @luigidimaio @SPatuanelli
1262109649354002432,2020-05-17,21:56:03,Una mattina mi son svegliato ed in cella a San Vittore mi son trovato.
1262109259053117440,2020-05-17,21:54:30,ti sei dimenticato degli affetti fuori regione? prima riapriamo tutto facciamo incontrare gli amici poi fooooooorse si riapriranno le regioni! è una vergogna! io da 4 mesi non vedo il mio ragazzo #congiuntifuoriregione #congiunti_fuoriregione
1262109248026271745,2020-05-17,21:54:28,Ma firma le tue dimissioni che è molto meglio. #iofareimegliodite spocchioso arrogante!
1262109087636037634,2020-05-17,21:53:50,Il governo illuminato annuncia che chiunque venga in Italia dall'estero non deve fare quarantena. Questo per giustificare gli sbarchi dei clandestini che non si sono mai fermati oppure per favorire il turismo nonostante vincoli sanitari rallentino la vita persino agli italiani?
1262108109872513024,2020-05-17,21:49:56,Ma poi l’Italia cosa dovrebbe aspettarsi da uno che ha come portavoce e capo dell’ufficio stampa ROCCO CASALINO. Fa già ridere così.
1262108065890959363,2020-05-17,21:49:46,Sa dove può metterlo?
1262108028247117825,2020-05-17,21:49:37,Tra Te e Topo Gigio di Maio Non so chi Prenderei a Schiaffoni per Primo... I 600 euro do cazzo Sono... Maledetto dal Signore!!!
1262107965794004992,2020-05-17,21:49:22,E poste le basi per una patrimoniale INFAME
1262107954129571841,2020-05-17,21:49:19,Sei un pagliaccio 🤡.. meriti la forca TRADITORE DEGLI ITALIANI...
1262107656531120130,2020-05-17,21:48:08,LE DIMISSIONI DEVI FIRMARE!!!!!!!!! HAI ROTTO LE PALLE CON I TUOI DPCM FARLOCCHI… VATTENE PER IL BENE DELL'ITALIA E DI TUTTE LE PERSONE ONESTE
1262107383649763330,2020-05-17,21:47:03,Dimenticavo: L'APP Vaccini Microchip e Mascherine se le infili per dove gli entrano. Grazie
1262107304964558854,2020-05-17,21:46:44,Appena in tempo. Dalle 18.35 di oggi sappiamo che 84 milioni di #studenti e 12 milioni di #insegnanti domattina alle 8.00 possono andare ovunque...  ...tranne che a #Scuola.
1262107260144226304,2020-05-17,21:46:34,Fate ridere. Due congiunti distanti poche centinaia di metri o pochi km non possono vedersi perché di regioni diverse tutto questo fino al 3 giugno. Gente senza un euro in tasca da mesi. Avete abbandonato l’Italia. L’importante è fare la bella faccia in tv vero Presidente?
1262107240376434688,2020-05-17,21:46:29,Forza Presidente non molli adesso per questi stereotipi...
1262107005902376965,2020-05-17,21:45:33,Vedo i commenti degli ignoranti e ridoavrei voluto vedere chi avrebbe agito in maniera più responsabile del Presidente Contealtro che Salvini 😂😂😂
1262106852856418306,2020-05-17,21:44:57,Tra una firma è l'altra inizi a preparare le valige per il trasporto non si preoccupi passiamo noi a prenderla perché vogliamo essere certi che si tolga dai i COGLIONI.
1262106637483085825,2020-05-17,21:44:05,Grazie Conte grande Presidente! A questo punto bisognerebbe rifare gli Italiani. Vede com'è dilagante la stupidità?
1262106414950088716,2020-05-17,21:43:12,Ba io rimango allibito della tua capacità . A pilotare le persone in questo barbaro modo Grazie al pilotaggio del mainstrim
1262106371832627201,2020-05-17,21:43:02,Chi se ne frega. Tanto lo sappiamo che ce la dobbiamo vedere da soli come sempre. Questo governo può andare in ferie non ci serve ha fatto più danni che benefici. Auguri a tutti i piccoli e medi imprenditori .
1262106213187272705,2020-05-17,21:42:24,Nessuno ha visto un soldo cazzaroooooooo!!!!! SEI PIU ' FALSO DE NA 500 LIRE DE FERO CONTRAFFATTA E CONIATA IN EUROPA!!!!!!!!
1262106062309785600,2020-05-17,21:41:48,Evvai un altro ancora... e poi ancora un altro e cosi via... andiamo a vanti a pagliacciate...!!!
1262106053589774337,2020-05-17,21:41:46,Fai un decreto dove vi abbassate subito gli stipendi a 1500€!
1262104937691074560,2020-05-17,21:37:20,Il potere logora chi non l’ha
1262103611552813058,2020-05-17,21:32:04,Adesso si riposi...
1262103588899377154,2020-05-17,21:31:59,Un altro? Andiamo avanti a Dpcm
1262103499069849606,2020-05-17,21:31:37,Grazie Graziella e grazie ar c.......
1262103153882861568,2020-05-17,21:30:15,Notizie del bonus aprile €600? (INPS)
1262103130105405441,2020-05-17,21:30:09,Gli europei possono venire in Italia. Bene x turismo. Ma è accordo bilaterale o se andiamo noi (x business) ci mettono in quarantena?
1262102932364898305,2020-05-17,21:29:22,Fastidioso! Sogno un #Governo che rispetti e tuteli le libertà!!!
1262102073212010496,2020-05-17,21:25:57,Grazie sto facendo posto in casa per tutti i soldi che arriveranno
1262101995516805121,2020-05-17,21:25:39,Forse è l'ora di pensare ad un nuovo Ministro dell'Economia tipo Carcarlo Pravettoni
1262101956404957186,2020-05-17,21:25:29,Sì dice qualcosa se per la #Fase2 è preferibile pedicure con smalto colori pastello o rosso classico?
1262101672307970049,2020-05-17,21:24:22,mah giuseppe perdonami... non vedo tanti consensi qua sotto... secondo te perché?
1262101616926261248,2020-05-17,21:24:08,La cassa integrazione quando minchia mi verrà accreditata?
1262101524630712321,2020-05-17,21:23:46,Tu sei diventato il nuovo Cazzaro ! #GovernodellaVergogna #Contedimettiti
1262101295126777856,2020-05-17,21:22:52,Vattene via buffone!
1262101155468980224,2020-05-17,21:22:18,Presidente non le fa male la mano?
1262101060254081025,2020-05-17,21:21:56,Grazie sua maestà😍
1262100931233144832,2020-05-17,21:21:25,Nessuna indicazione sui #congiuntifuoriregione. Nessuno dei ministri li ha mai considerati in questi giorni. Trattati come turisti..anzi peggio visto che dal 3 arriveranno anche dall’Europa. #nonsiamoturisti
1262100905924669440,2020-05-17,21:21:19,Beh cos'è tutta sta fretta???
1262100891924082689,2020-05-17,21:21:15,Gentilissimo presidente #Conte spero che il contributo INPS arrivi presto.
1262100653184253955,2020-05-17,21:20:19,Mi raccomando sempre profondamente anticostituzionale tenga la linea non faccia le cose per bene continui con l'analfabetismo funzionale.
1262100172370296832,2020-05-17,21:18:24,Presidente buonasera ma non è che per caso nella confusione stress mes immigrati Silvia si è dimenticato di dire alle regioni di pagare la cassa integrazione?
1262100055160492044,2020-05-17,21:17:56,Mi era simpatico ma dopo essersi messo a .90 per favorire Renzi&c e meglio che si dimetta e che si torni a votare
1262099897643421696,2020-05-17,21:17:18,Beh con 24 ore di ritardo dai in confronto al decreto di Aprile siete stati dei fulmini. Per non parlare dei reagenti che Arcuri ancora sta cercando dopo tre mesi 😁
1262099775488495618,2020-05-17,21:16:49,@GiuseppeConteIT basta spaventare la gentebasta distanze e mascherine ridateci la normalità e la vita di sempre
1262099491580190720,2020-05-17,21:15:42,Ma cosa le hanno promesso in cambio presidente eh?
1262099136461049857,2020-05-17,21:14:17,Ficcatelo in culo
1262099119356682240,2020-05-17,21:14:13,alla buon'ora..
1262099007184273413,2020-05-17,21:13:46,chiediamo dal 25 maggio di incontrare i nostri #congiuntofuoriregione viaggiando da soli con autocertificazione e con i dovuti dispositivi di protezione.
1262098649057767427,2020-05-17,21:12:21,Onorevole mi consenta ma la cassa integrazione?
1262098509337186306,2020-05-17,21:11:47,Sa scrivere pure bravo 🤡
1262098476407705600,2020-05-17,21:11:40,Buonasera presidente ma a cassa integrazione come siamo messi?
1262098358111539205,2020-05-17,21:11:11,Presidente buonasera ha notizie in merito al pagamento della cassa integrazione? Grazie anticipatamente. Un saluto
1262098219263299584,2020-05-17,21:10:38,CORONA VIRUS: NESSUNO CHE FACCIA UN CONFRONTO CON LA GERMANIA CI SONO GLI STESSI CONTAGIATI DELL'ITALIA E SOLO 6 MILA MORTI NEANCHE UN MEDICO MORTO. NOI IN ITALIA ABBIAMO GESTITO MALISSIMO TUTTO DALLE MASCHERINE AI TAMPONI UN DISASTRO! TOGLIETE LA SANITÀ ALLE REGIONI!
1262098084944896001,2020-05-17,21:10:06,Scusi presidente ma la cassa integrazione?
1262098011716550658,2020-05-17,21:09:49,Ahhh che meraviglia😂
1262097714130681857,2020-05-17,21:08:38,Ma per i marittimi niente?
1262097547201523712,2020-05-17,21:07:58,Ho 65 anni da quando ho memoria questo governo è il peggiore della nostra storia. Ricordo quel sussurro all'orcchio alla Hitler con gona 'non preoccuparti' quel sussurro si sta concretizzando e capendo....!
1262097475847979011,2020-05-17,21:07:41,Abbiamo ben 15 ore per organizzarci
1262097368587132928,2020-05-17,21:07:15,Ogni tua firma è una condanna a morte per il nostro Paese. Buffone!
1262097282167685120,2020-05-17,21:06:55,Grazie a chi sta lavorando notte e giorno per gestire al meglio questa emergenza senza precedenti. Grazie Presidente.
1262097059794092032,2020-05-17,21:06:02,Ma #Casalino di preciso chi caxxo è? 🤔
1262096887919886339,2020-05-17,21:05:21,Si fai con calma non c'è nessuno che ti corre dietro. Gli Italiani possono aspettare!!! 😠😠😠
1262096469756203011,2020-05-17,21:03:41,Il decreto rilancio che fine ha fatto??????????
1262096446591041536,2020-05-17,21:03:36,Il senso del ridicolo ti è sconosciuto.
1262095951017259011,2020-05-17,21:01:37,il ducetto.
1262095865600249856,2020-05-17,21:01:17,Stiamo aspettando le sue #dimissioni così da poterci liberare di voi avete distrutto un paese!! #CONTEDIMETTITI
1262095661845172224,2020-05-17,21:00:29,Adesso vattene fuori dai coglioni nessuno ti vuole li
1262095621894410241,2020-05-17,21:00:19,E chi se ne...
1262095434090250240,2020-05-17,20:59:34,Si poteva firmare domani mattina dopo il caffè...
1262095422287425539,2020-05-17,20:59:31,Se ne vedranno delle belle i tuoi sostenitori zecche della società come te ed i 5stelle e comunisti abituati a nn lavorare a sfruttare le partite IVA fate schifo ora è finita sei alla fine
1262095313210421248,2020-05-17,20:59:05,si ma quello chiamato rilancio quando lo pubblica la gazzetta ufficiale a giugno ???
1262095044712030209,2020-05-17,20:58:01,Che conferenza ieri sera ha portato con sé l'amante che schifo i due finocchietti da pinzimonio Giuseppi sei uno schifo la vergogna dell'Italia il piccolo arrogante demente dittatore. Bugiardo vigliacco nn avete una lira a giugno Inps nn paga nemmeno le pensioni allora si
1262094787949268992,2020-05-17,20:57:00,...e nessuno si permetta a fare domande scomode cortesemente.
1262094616666476545,2020-05-17,20:56:19,DPCM = DIO PORCO CORROTTI MERDOSI solo una porcheria come Conte lo poteva firmare!
1262094553080791045,2020-05-17,20:56:04,TROPPO  PRESTO....MANCANO ANCORA 12 OREEEEE.....SEI TROPPO IL MIGLIORE GIUSEPPI👏👏👏
1262094533795381253,2020-05-17,20:56:00,tra te e casalino non si sa chi è più pericoloso
1262094521711632386,2020-05-17,20:55:57,Il 47 aprile finalmente è arrivato il decreto di aprile!
1262094412995231749,2020-05-17,20:55:31,Troppa grazia Sire...
1262094287153565696,2020-05-17,20:55:01,Perché ti sei affaticato? Avresti potuto firmarlo anche domani stesso con calma
1262093809086857218,2020-05-17,20:53:07,Gia’? Io sono migliore di Te  posso venire al Tuo posto?..  da come rispondi alle conferenze stampa sembra tu sia propenso ad accogliere al posto della tua schiera chi sa fare di meglio!
1262093532589940737,2020-05-17,20:52:01,Dilettanti... non ne avete imbroccata una. Sarete severamente giudicati dal popolo sovrano! #Contedimettiti
1262093470803599360,2020-05-17,20:51:46,Presidente sapete qual è la cosa positiva..? Che lei da oggi può mandare finalmente tutti affxxculo. Ma. Lei è troppo signore.. La prego non la lasci.. Non ci lasci in mano ai Politicanti🙏❤️
1262093363135815686,2020-05-17,20:51:20,Li sforni come il panettiere sotto casa mia. #Contedimettiti
1262093292793204737,2020-05-17,20:51:04,Le consiglio di firmarlo per la sua famiglia e per i suoi parenti
1262093113495085057,2020-05-17,20:50:21,Speriamo bene... Buona serata Presidente!!!🇮🇹💙🇮🇹
1262093044121206784,2020-05-17,20:50:04,E quindi?fara'arrivare i soldi ai ristoratori?barist?etc visto che li ha promessi questa gente e' disperata e nn puo vivere di promesse
1262092858280083458,2020-05-17,20:49:20,L'Italia di Conte era prima e adesso è sesta la lombardia era prima ed è prima.
1262092849379790855,2020-05-17,20:49:18,Dimettiti arrogante incapace
1262092659323277313,2020-05-17,20:48:33,Avanti Presidente!
1262092312081043457,2020-05-17,20:47:10,Ma non doveva essere un decreto legge? Sempre più bugiardo #Contedimettiti #contebugiardo
1262092303918907396,2020-05-17,20:47:08,È ORA CHE TE LEVI DA COGLIONI
1262092184926466048,2020-05-17,20:46:40,Se le rimane un po’ di dignità si dimetta...avete ridotto l’Italia alla fame...
1262092070161973248,2020-05-17,20:46:12,Sapete se è stata prorogato la sospensione per morosità bollette?
1262092027690397698,2020-05-17,20:46:02,Bravo così tutti possono organizzarsi con largo anticipo
1262091889764970496,2020-05-17,20:45:29,Già fatto? Cit.
1262091618779312129,2020-05-17,20:44:25,Con calma. Che fretta c'è?
1262090827293130754,2020-05-17,20:41:16,Sai dove te la devi mettere l’app immuni giuseppi??
1262090799484895232,2020-05-17,20:41:09,ma il PdR non ancora...
1262090105193463810,2020-05-17,20:38:24,Di già? Ma dai! Dopo 3 passerelle TV show coi giornalisti a domande concordate e buffonate varie già l'ha firmato?Poteva fare di meglio sia sincero. Ma i poderosi aiuti? Che sa? Qui noi comuni mortali non abbiamo visto un euro
1262089933956812808,2020-05-17,20:37:43,Scusate ma visto che @EU_Commission ci vogliono in ginocchio e 4 paesi comandano su tutti vendiamoci a Russia o Cina. Tanto a qualcuno ci venderemo a questo punto almeno gli andrà di traverso.
1262089330941743106,2020-05-17,20:35:19,Eeehhhmmmm..... si poteva aspettare ancora un poco.... per fare una frittata totale!!!!!
1262088987713441792,2020-05-17,20:33:57,Giusto in tempo per organizzarsi e riaprire
1262088978934751232,2020-05-17,20:33:55,FACCIA DI MERDA MA COME MAI LA GERMANIA NAZISTA BOICOTTA IL TURSIMO VERSO L’ITALIA E TU MUTO ??? BRUTTA MERDA !
1262088696490270720,2020-05-17,20:32:48,Con calma eh. Domani anzi tra tre ore e mezza è lunedì. Avere una Task force di 450 persone per partorire minchiate. Siete dei fenomeni.
1262088695664054276,2020-05-17,20:32:48,Già che ci sei firma ✍️ pure le dimissioni 👉fuori delle 🥎🏀⚽️🎾🏐🏉🎱
1262088025405820928,2020-05-17,20:30:08,Governo di criminali vanno cacciati a calci nel sedere subito.
1262088003540914176,2020-05-17,20:30:03,Siete dei dilettanti allo sbaraglio non c'è stato un approccio coerente fin dall'inizionon lamentatevi se poi la gente comune vi insulta . Almeno un merito ce l'avete
1262087965452513280,2020-05-17,20:29:54,3 MILIARDI AL BARACCONE ALITALIA!  VERGOGNA
1262087681875431424,2020-05-17,20:28:46,I soldi Peppeeee i soldiiiiiiii!!!!!!
1262087588493524993,2020-05-17,20:28:24,Hai trovato la penna?
1262087486798548992,2020-05-17,20:27:59,Spero questa ripresa non sia troppo presto.....mi auguro sbagliarmi su questo...per i miei cari connazionali!!!!!
1262087388718862336,2020-05-17,20:27:36,DIMISSIONI.  ABUSIVO.
1262087300281970689,2020-05-17,20:27:15,adesso posso farmi una pippa!
1262087152986439680,2020-05-17,20:26:40,#AIFA È RESPONSABILE DELLA PANDEMIA. Non ha autorizzato i farmaci per il #Covid19. Finita la Dittatura vi manderemo tutti all’ergastolo per STRAGE PREMEDITATA. #Fase2
1262087149396074502,2020-05-17,20:26:39,Grazie e Grande Presidente.
1262086974606921730,2020-05-17,20:25:57,Hai mai preso in considerazione l’idea che il popolo non vuole più essere rappresentato da te?
1262086477393133569,2020-05-17,20:23:59,Un grande passo verso una democrazia parlamentare elettiva. Bravo Presidente. Il primo ad insegnare le norme costituzionali a noi italiani fascistoni.
1262086193870540800,2020-05-17,20:22:51,Cesareo o naturale?
1262086176804134918,2020-05-17,20:22:47,Mentre ci sei firma le dimissioni
1262086088404983809,2020-05-17,20:22:26,Pagliaccio
1262086043802755074,2020-05-17,20:22:15,Gentile Presidente io sono stato dalla sua fino a ieri ma averla sentita definire "rischio calcolato" coloro che si ammaleranno e moriranno in conseguenza delle riaperture mi ha fatto decisamente rivedere la mia stima nei suoi confronti.
1262085771948953600,2020-05-17,20:21:11,Ok.  Oggi quante volte è andato al bagno? Non vuole farcelo sapere?
1262085500032204800,2020-05-17,20:20:06,Ma facendoci uscire sei convinto che dimentichiamo tutto ciò che hai combinato fino adesso. Ne sei sicuro? Non dimenticheremo più ciò che avete fatto ci ricorderemo alle prossime elezioni👍
1262085314329415683,2020-05-17,20:19:22,Ha fatto in un lampo! Ci si è affannato proprio...
1262084714959118336,2020-05-17,20:16:59,Il problema ora sarà prendere i soldi (se ci sono)
1262084681937424390,2020-05-17,20:16:51,Vabbè Ma almeno l'hai colorato?
1262084519999483905,2020-05-17,20:16:12,Fate almeno finta di aver letto il testo e criticare nel merito se ne siete capaci
1262083978040954880,2020-05-17,20:14:03,già firmato il decreto di aprile? con le riapertura domattina? vii non avete nessun rispetto per chi lavora... dimettiti faresti migliore figura
1262083827297632256,2020-05-17,20:13:27,05 Marzo  Abbiamo stanziato 5 MLD e mezzo  11 Marzo  Abbiamo deliberato 25 MLD  16 Marzo  Attiviamo flussi per 350 MLD  28 Marzo  Pronti 4 MLD e 4 e aggiungiamo 400Milioni 6 Aprile  Liquidità immediata per 400 MLD  29 Aprile  Pronti 55 MLD  Nessuno ha visto un soldo cazzaro!
1262083811543789574,2020-05-17,20:13:23,Bravissimo sono estasiata. Mi chiedevo solo perché i congiunti fuori regione sono meno congiunti dei congiunti in regione ?
1262083038592339970,2020-05-17,20:10:19,Quindi quello sulle misure fiscali....ancora nulla.....!  Agghiacciante!
1262082790402777089,2020-05-17,20:09:20,di quanti anni avete prolungato questa farsa???
1262082362415996930,2020-05-17,20:07:38,‼️ AUTOCERTIFICAZIONE PER I #congiuntifuoriregione!
1262082331516469248,2020-05-17,20:07:30,Oggi è il 47 aprile non vedo ancora il decreto "milamille miliardi"... Mancherà la comunicazione delle Regioni! ?!? O aspettate la bancarotta del paese x giustificare il MES?!?!   #GovernodellaVergogna #CONTEDIMETTITI
1262082289460264961,2020-05-17,20:07:20,Parole e Firme... senza vergogna! 12 dipendenti senza aver ricevuto un euro!
1262082106110488581,2020-05-17,20:06:37,Pare che la Panini faccia una raccolta di figurine sui decreti di Giuseppi
1262082071692029953,2020-05-17,20:06:28,Muoversi prima no? @GiuseppeConteIt inetto che non sa nemmeno cosa vuol dire la parola "lavorare"   ma come pensi che la gente si organizzi 14ore prima di aprire???  #GovernodelContagio: fate schifo!  Verremo a Roma. Saremo in tanti. Verremo per cacciarvi!!!
1262081900476338180,2020-05-17,20:05:48,Con la proroga dell'emergenza per almeno 6 mesi?
1262081587740643328,2020-05-17,20:04:33,Grazie di ❤️
1262081464398745602,2020-05-17,20:04:04,E sti cazzi?
1262081283783561219,2020-05-17,20:03:21,Alleluja finalmente...eravamo in astinenza: era passato tanto tempo.
1262081194340110341,2020-05-17,20:02:59,Talmente bravo efficiente veloce che le darei un aumento subito!
1262081109497692170,2020-05-17,20:02:39,Grazie supremo leader con calma.... In fondo hai fatto la conferenza stampa solo qualche giorno fa 🤡🤡
1262081018661613570,2020-05-17,20:02:17,Mi sembra assurdo che i cittadini i commercianti ... debbano conoscere domenica 17 il Dpcm che andrà in vigore il lunedì 18!!!
1262080865598930946,2020-05-17,20:01:41,Grandissimo presidente l'Italia seria è tutta con te! La adoriamo oggi più di ieri
1262080775371083777,2020-05-17,20:01:19,Il corona virus è una fortuna per lei per i 450 espertoni che paghiamo noi per i M5S PD e per le sue ambizioni.
1262080717510623233,2020-05-17,20:01:06,Sempre la domenica sera per il lunedì mattina. Non potrebbe firmarli di martedì pomeriggio o giovedì mattina ? Viene quasi il sospetto che sia per andare in prima serata da Fazio.
1262080659927040000,2020-05-17,20:00:52,Tu con @roccocasalino che brutta #coppia 🤣
1262080557296607233,2020-05-17,20:00:27,#sempreconConte Grazie Presidente!
1262080489277526017,2020-05-17,20:00:11,Bastardo sei un figlio di puttana mal cagato
1262080475532800002,2020-05-17,20:00:08,Hai ridotto la gente Italiana un automa  e svenduto il Paese già ci prendevano in giro tutti  ora ancora peggio
1262080343156428805,2020-05-17,19:59:36,Sei uno stronzo meriti di soffrire tuo figlio morirà tra atroci sofferenze tua moglie idem e la tua commpagna soffrirà  le pene dell'inferno. Stai facendo fallire l'Italia ma noi non lo permetteremo o ti togli di mezzo o sarà la Guerra Civile
1262080315415298050,2020-05-17,19:59:30,Non stimo Conte ma credo sia migliore di molti commentatori che scrivono ingiurie e volgarità. Non si pretendono critiche articolate ma ...  proverò a farne una nel prossimo post.
1262080308775718913,2020-05-17,19:59:28,Di firme lei caro incaricato ne ha messe tante non so su cosa visto che di quello che dite NULLa sino ad ora è vero e viene da voi rispettato
1262080271223934982,2020-05-17,19:59:19,ovvio...e quando si firmano le regole per riaprire se non la Domenica per il Lunedì? Che sia per questo che 1/2 Italia non funziona?
1262080201242091525,2020-05-17,19:59:02,Presidente sempre più in confusione he. Ma la colpa non è sua è di chi c'è l'ha messo.
1262079996341952513,2020-05-17,19:58:14,A quanto pare manco la X sei riuscito a mettere sul #decretorilancio. Ma lo volete capire o no che alle imprese servono i soldi che non incassano da due mesi e anche in fretta ? Ci sono scritte cose già dette e ridette 1000 volte. Gli spiccioli della liquidita non servono a nulla
1262079850573152256,2020-05-17,19:57:39,Chissà lo schifo
1262079787167817735,2020-05-17,19:57:24,Stai prendendo tutti x i fondelli e tanta gente purtroppo  non se ne è ancora resa conto
1262079579151351808,2020-05-17,19:56:34,È il decreto rilancio?
1262079490852823053,2020-05-17,19:56:13,Con calma tanto negozi  e attività  riaprono "solo " domani!!!😤😠  E il decreto rilancio quando lo firmi???
1262079481147199490,2020-05-17,19:56:11,Tempo record complimenti! Adesso i cittadini avranno ben 14 ore per prepararsi!
1262079351136432128,2020-05-17,19:55:40,Grazie presidente
1262079210149105669,2020-05-17,19:55:06,Una cosa positiva questo governo l'ha capita ed è quella di dare più potere ai governatori delle regioni eravamo impantanati in una palude si sono levati un po' di responsabilità e dall'altra invece anticipato un po' la vita normale speriamo! 🤔
1262079132244066304,2020-05-17,19:54:48,Ma quelli che mettono il cuoricino a Conte che problemi hanno?
1262079017018101760,2020-05-17,19:54:20,Grazie presidente non riesco ad immaginare quest’emergenza con nessun altro diverso da Lei (a partire dalle opposizioni e finendo con qualche “alleato”). Grazie per quello che ha fatto e che sta facendo. #coronavirus #coronavirusitalia #conte #Fase2 #dpcm #salvini #meloni #renzi
1262078885518282753,2020-05-17,19:53:49,Con tt il rispetto se non sburocratizzate edilizia seriamente!...molte misure aria fritta e Italia non riparte...ma so cm andrà  a finire...
1262078560975626240,2020-05-17,19:52:31,E ci si pulisca il culo.
1262078373406347265,2020-05-17,19:51:47,Hai firmato la condanna a morte della Repubblica italiana
1262078070728654849,2020-05-17,19:50:34,Caro presidente del consiglio mi spiace che anche questa volta un importante documento come il nuovo DPCM  non risulti accessibile con l’uso  delle tecnologie assistive utilizzate dalle persone cieche e ipovedenti#  #accessibilità #disabilivisivi
1262077806978256897,2020-05-17,19:49:32,Ok ora se ne può andare.
1262077651302391813,2020-05-17,19:48:54,Del decreto "rilancio" quello che dovrebbe portare i soldi quello pluriannunciato da due conferenze stampa ci sono notizie?
1262077607849459717,2020-05-17,19:48:44,Si è dimenticato dei #congiuntifuoriregione
1262077588668907520,2020-05-17,19:48:40,Firmato ora per aprire domani ridicoli.
1262077552371347462,2020-05-17,19:48:31,Partorito un altro topolino?
1262077433441910784,2020-05-17,19:48:03,Riposati un po che tu stai affaticando troppo a firmare i tuoi DPCM contro gl'italiani..........😡😡😡
1262077175680901123,2020-05-17,19:47:01,Prima che leggo... è previsto il pagamento della cassa integrazione?
1262077069258895360,2020-05-17,19:46:36,Perché così presto c’era ancora qualche ora
1262077061067345920,2020-05-17,19:46:34,Un altro dpcm? E te ne vanti pure? Giuro che non riesco a capacitarmi di come tu possa trovarti ancora lì è allucinante.
1262077003018223622,2020-05-17,19:46:20,Ora puoi dimetterti e andar a casa
1262076968494923777,2020-05-17,19:46:12,Perché la conferenza di ieri sera? Non avevate ancora raggiunto un accordo con le regioni. E se io domani riapro tu mi hai dato meno di 12 ore di tempo x adempiere ai tuoi dettami. Si vede che NON AVETE MAI LAVORATO.
1262076810986209280,2020-05-17,19:45:34,Quindi tu prima  vai a fare lo splendido in tv  poi girmi il giorno dopo il decreto. Mania di protagonismo vedo per te un futuro alla Pippo Baudo anni 80
1262076736310849537,2020-05-17,19:45:16,Bravissimo presidente. Alla faccia di tutti quelli che dicono che non sai scrivere.
1262076687996649477,2020-05-17,19:45:05,ora ti devi riposare❤️
1262076608208388096,2020-05-17,19:44:46,Bene la prima.... avanti con la seconda.... un'aggiustatina al capello.... Mi raccomando non guardi la camera quando firma e avanti con Casalino e il Grande Bordello... Firmi le dimissioni
1262076568186294275,2020-05-17,19:44:36,Già mi manca l'autocertificazione!
1262076549521649667,2020-05-17,19:44:32,La storia la giudicherà indegno incapace!
1262076131202797576,2020-05-17,19:42:52,È il 17 maggio !!! Se ne vanta anche
1262076067633922048,2020-05-17,19:42:37,Sicuro non è che poi cambi idea.
1262076023434248193,2020-05-17,19:42:26,Ma nte vergogni.
1262075988663513093,2020-05-17,19:42:18,Di già? Un fulmine!
1262075931499409409,2020-05-17,19:42:04,L animadelimejomortaccitua è de sto INFAME che non sei altro
1262075795423604737,2020-05-17,19:41:32,Perfetto tutto come chiesto nella letterina a Babbo Natale
1262075735004663808,2020-05-17,19:41:18,Basta prese in giro vogliamo avere gli stessi diritti di quelli che hanno i congiunti nella stessa regione #congiuntifuoriregione
1262075433316765706,2020-05-17,19:40:06,Non siamo turisti vogliamo l'autocertificazione per i #congiuntifuoriregione
1262075347270602753,2020-05-17,19:39:45,Autocertificazione per #congiuntifuoriregione
1262075149475549190,2020-05-17,19:38:58,Quanta ipocrisia è peggio del covid in piena epidemia hanno fatto le manifestazioni il 25 aprile con la bandierina rossa si può fare a Genova con Conte Assembramento sconsiderato lo stesso per Silvia però il 2 giugno quando siamo tutti liberi NO!! eccola la vera dittatura..
1262075002620444672,2020-05-17,19:38:23,Ci sono i DPCM gli esperti Arcuri Gigino giuseppi e #Casalino ma le mascherine non mi pare escano ancora dal magazzino
1262074865894424579,2020-05-17,19:37:50,Continui a firmare decreti costituzionalmente illegittimi che stanno distruggendo l' Italia. Ma non ti vergogni? Abbi il coraggio di dimetterti
1262074835636817921,2020-05-17,19:37:43,RICORDATI CHE AL NORD LA TUA CONSIDERAZIONE È  SOTTO ZERO COMPLIMENTI
1262074787914022912,2020-05-17,19:37:32,Peccato non ci siano le figure per tutti quelli che qui fanno fatica a leggere
1262074777273094145,2020-05-17,19:37:29,È arrivato l'ultimo volume dello Zibaldone dei pensieri gatesiani
1262074764237115392,2020-05-17,19:37:26,Allora forse conferenza con lo statuario Casalino stampa pure oggi!!! 😍🌈👏👌
1262074573975171072,2020-05-17,19:36:41,GRAZIE PRESIDENTE   ANDATE AVANTI  SIAMO ORGOGLIOSI  DI TE
1262074477334192133,2020-05-17,19:36:18,Ma che biro si usa con una tale podenza di fuogo? Un gannone?
1262074350892732418,2020-05-17,19:35:48,Presidente in #Piemonte il presidente @Alberto_Cirio non ha ancora sbloccato i tirocini  in Lombardia il presidente #Fontana l'ha fatto venerdì sera   Le dia una sveglia 
1262074333792473090,2020-05-17,19:35:44,Si riposi Presidente almeno 10 ore di sonno se le deve fare!!! Se le merita! 😉
1262074054896496640,2020-05-17,19:34:37,mi chiedo ma le mascherine e i guanti  da utenze non domestiche sono considerati rifiuti speciali? O li conferiamo in discarica
1262073807315120128,2020-05-17,19:33:38,Ancora Dpcm la dittatura applicata.
1262073793910013953,2020-05-17,19:33:35,Grazie buon lavoro presidente
1262073745356853250,2020-05-17,19:33:23,Per 3 mesi mi hai impedito di raggiungere la mia seconda casa.Però l'IMU i comuni non ci rinunciano neanche per i mesi per i quali non ne ho potuto usufruire.Grazie Giuseppi
1262073741317726208,2020-05-17,19:33:22,Sei stato abbastanza veloce.. Poteva essere notte.
1262073683553681410,2020-05-17,19:33:09,Già? Mamma mia che velocità!
1262073629921157125,2020-05-17,19:32:56,Perché piscine palestre stabilimenti balneari bar ristoranti centri ludici cinema teatri possono riaprire le riunioni possono essere fatte ma i corsi professionali no?  Qual è la logica sottostante di gestione del rischio?
1262073552116813825,2020-05-17,19:32:37,Ma sai anche scrivere oltre che fare danni e cazzate?
1262073490284445696,2020-05-17,19:32:22,Finalmente ce l’avete fatta💪🏻 Sempre grazie Pres per tutto quello che hai fatto e che stai facendo per l’Italia❤️
1262073446282006531,2020-05-17,19:32:12,Di già?
1262073291147300864,2020-05-17,19:31:35,Vuoi la medaglia?
1262073241348321287,2020-05-17,19:31:23,Infaticabile Grazie di ❤️
1262073195710099457,2020-05-17,19:31:12,Sì grazie abbiamo sentito il botto della BODENZA DI FUOGO
1262072929195614208,2020-05-17,19:30:09,A quelli che devono aprire domani gli hai dato ben 12 ore per leggerselo e mettersi in regola...
1262072900829548546,2020-05-17,19:30:02,Ecco adesso togli pure il disturbo.
1262072846664306689,2020-05-17,19:29:49,Caro avvocato arrogante  arrivista e borioso  firmi le sue dimissioni!
1262072775877038083,2020-05-17,19:29:32,Non fate altro che pubblicare firmare e proclamare. Avete capito che siamo senza un centesimo possibile che non si può sapere con certezza quando pagate cassa integrazione? Mi lasci dire che siete incompetenti
1262072756537102340,2020-05-17,19:29:27,Grazie DUCE! 🖐🏻
1262072713721643009,2020-05-17,19:29:17,Addirittura scrivi anche un tweet #17Maggio #ripartenza #Contedimettiti
1262072705752408065,2020-05-17,19:29:15,Comunque potevate farlo anche alle 23.59
1262072508553072648,2020-05-17,19:28:28,Domani avrò il denaro per una mascherina nuova
1262072298347147265,2020-05-17,19:27:38,Complimenti dice tutto è niente cose che già tutti sanno gli italiani non sono cretini saluti 👋👋👋👋
1262072187240034306,2020-05-17,19:27:12,Colui che ti darà lo sfratto insieme a casalino e la banda capeggiata da @luigidimaio è il Presidente @VincenzoDeLuca
1262072182810783744,2020-05-17,19:27:11,Firmi le dimissioni e di tolga dai ...... #CONTEDIMETTITI #contebugiardo #contevergognati
1262072070860668930,2020-05-17,19:26:44,Posso sapere perché il bonus bicicletta è disponibile solo x comuni con più di 50000 abitanti? Solo così x capire la logica. Io sono in un comune di 48600 abitanti e x andare a lavorare mi farebbe comodo un monopattino elettrico ma nn posso usufruire del bonus. Perché?
1262072043245309954,2020-05-17,19:26:37,L’ennesimo
1262072035305553922,2020-05-17,19:26:36,Lei sa solo governare con il DPCM .. la fa sentire il capo ma lei non avrà mai il ns rispetto . Lei non e’il mio presidente
1262071966397337602,2020-05-17,19:26:19,È stato pessimo. Grazie ed addio!!! Saluti al portaborse Ci aspettiamo le Scuse pubbliche al Dott. #ciapparoni mi sembra il minimo
1262071962257567744,2020-05-17,19:26:18,Ma stavolta non basta la tua croce da analfabeta deve passare ancora dal Parlamento! #IoStoConSaraCunial
1262071934503866368,2020-05-17,19:26:12,Stasera gli gnomi e gli elfi lavoreranno alacremente in battigianei bar e nei ristoranti magicamente all'opera per preparare la riapertura di domani hanno chiesto aiuto anche alla fata madrina"è dura ma c'è la possiamo fare" hanno dichiarato alla stampa. #IlmagicoMondoDiConte
1262071914283048961,2020-05-17,19:26:07,Che ometto comico. Hai un protocollo anche per fare la pipì..?!?  Non vedo l’ora che ti levi dai piedi.
1262071896511852547,2020-05-17,19:26:02,Hai fatto conferenza stampa ieri sera e subito dopo vi siete dovuti riunire con le regioni perché alcune cose non erano come stabilito.Fino alle 3.20 del mattino.Firmi un DCPM alle 19 di domenica e il lunedì dovrebbero riaprire con quale margine di tempo per prepararsi? Buffoni
1262071798247632896,2020-05-17,19:25:39,Presidente il testo non è leggibile dai suoi concittadini non vedenti. Può dire ai suoi uffici di evitare queste discriminazioni?
1262071792199438336,2020-05-17,19:25:38,I barbari hanno colpito di sorpresa.
1262071742488510471,2020-05-17,19:25:26,I soldi quando arrivano? Quelli veri però
1262071338807832578,2020-05-17,19:23:49,Hai firmato ufficialmente  La fine del terziario.  Una curiosità perché ieri  Sera al tuo fianco avevi la tua  Fidanzata? P.s. non contare sull'appoggio  Degli italiani per i tuoi piani  Diabolici.  Ricorda che se si affondera'  Verrai giù con noi:  Muoia Sansone con tutti ì
1262071179143192576,2020-05-17,19:23:11,E sti cazzi....
1262071094397280256,2020-05-17,19:22:51,Dovresti firmare le dimissioni
1262071065704087556,2020-05-17,19:22:44,Il DL "Aprile" quando verrà pubblicato in GU?
1262071062944272384,2020-05-17,19:22:44,Hai rotto il cazzo con questi editti dimmerda.  #Contedimettiti
1262071046146007048,2020-05-17,19:22:40,Grande presidente...con rinnovata stima.....sempre con Lei😊😊❤❤👍👍
1262070921717788673,2020-05-17,19:22:10,Il DPCM  delle tenebre ? Pronto ? Ne menziono giusto un paio  prorogato stato di emergenza fino al 31 gennaio autorizzazione al chip di BioWAX  be dicono le tenebre ? Le fanno i complimenti ?
1262070839912157189,2020-05-17,19:21:51,Carta straccia. Sappiamo bene che solo la Commissione #UE gestisca le scelte economiche e strutturali dell'Italia.
1262070837479440388,2020-05-17,19:21:50,Vabbè ma una diretta che mettevi la firma potevi farla
1262070748656668680,2020-05-17,19:21:29,Ma non hai proprio niente da fare ????
1262070724967247874,2020-05-17,19:21:23,Sei un poveretto un arrogante presuntuoso non eletto da nessuno che ha umiliato ieri un giornalista che le ha fatto una scomoda domanda sul Commissario delle mascherine #Arcuri.. Lei si è comportato come il peggiore politico miserabile sarebbe un complimento @GiuseppeConteIT
1262070616036978695,2020-05-17,19:20:57,Almeno avessi le palle a rispondere a qualcuno di noi per capirci meglio noi che ti paghiamo 14 mln l'anno per svenderci alla #UE #pagliaccio
1262070590351060992,2020-05-17,19:20:51,Autocertificazione per i #congiuntifuoriregione
1262070586928398337,2020-05-17,19:20:50,Perché questa fretta poteva aspettare ancora qualche giorno tanto serve per domani. Buffone dimettiti #Contedimettiti
1262070439603572737,2020-05-17,19:20:15,grande presidente tutta la mia stima
1262070434624933888,2020-05-17,19:20:14,Grazie presidente ♥️✊
1262070425825222656,2020-05-17,19:20:12,Sapevi da solo dove firmare oppure ti hanno aiutato ?
1262070392371453954,2020-05-17,19:20:04,Solo 18 giorni di ritardo rispetto alle promesse. 2 mesi di ritardo rispetto agli altri paesi
1262070034429620225,2020-05-17,19:18:38,Quanti miliardi ancora peppi? @GiuseppeConteIT
1262070022136107015,2020-05-17,19:18:36,Super Conte Grazie
1262069925973315586,2020-05-17,19:18:13,Mo te ne poi pure annà
1262069904917831680,2020-05-17,19:18:08,Presidente ma il codice #V07 è applicabile dai medici di base per i lavoratori con patologie a rischio???
1262069880460902405,2020-05-17,19:18:02,Che bello vivere a Topolinia. Ps il bonus medici e infermieri per il #COVID19 ci è rientrato? #conte #GiuseppeConte #decretorilancio
1262069871753465857,2020-05-17,19:18:00,Buffone
1262069859292262400,2020-05-17,19:17:57,Questa volta siete stati davvero veloci. Grande Giuseppi.  Ah ma domani è lunedì!!! Scandalosi scandalosi  Dimissioni immediate.  PS saluta casalino
1262069790895734784,2020-05-17,19:17:40,Con comodo è
1262069749502148608,2020-05-17,19:17:31,Non importa cosa si dica il suo comportamento è sempre stato la risposta a tutte le offese.
1262069721807163395,2020-05-17,19:17:24,Troppo in ritardo ...come sempre...adesso vediamo quando arrivano i soldi...quando ci saranno già altri suicidi? Incapaci
1262069569201614852,2020-05-17,19:16:48,Ah vabbè allora siamo tranquilli!😱😡
1262069544568459264,2020-05-17,19:16:42,Alla buon'ora. Sempre con comodo vostro!!!
1262069536334938113,2020-05-17,19:16:40,Alla buonora fenomeno!
1262069534967635968,2020-05-17,19:16:39,Grazie per averci lasciato tutta una notte per organizzarci se troveremo dove leggerlo!
1262069445255708672,2020-05-17,19:16:18,Quando firmerete le dimissioni ci sarà in italia una festa come quando venne liberata dai nazisti.
1262069404256387072,2020-05-17,19:16:08,Ha notizie dei miei 600 €uroni che mi rendono sereno dopo due mesi di fatturato stellare?
1262069281992343553,2020-05-17,19:15:39,Ma nn era un decreto legge?
1262069265387212802,2020-05-17,19:15:35,Ma si capisce qualcosa o è come l'ultimo? 😄😄
1262069176233070592,2020-05-17,19:15:14,Bene Presidente adesso con cognizione riprendiamoci la libertà. Finora splendido lavoro del suo governo. Veda di sbrogliare la cassa integrazione..grazie. Un saluto.
1262069155504828422,2020-05-17,19:15:09,Avanti così Presidente. Ma massima allerta.. 👍🤞✌😎 #ioStoConConte
1262069053927153665,2020-05-17,19:14:45,E almeno questo semo riusciti a farlo. Del Dl Rilancio già decreto Aprile ... abbiamo news? Non che ci sia fretta eh ...
1262068729552216065,2020-05-17,19:13:27,Dottore il #decretorilancio fu #decretoaprile che fine ha fatto?
1262068676800532480,2020-05-17,19:13:15,Firmato anche le dimissioni???
1262068635767635968,2020-05-17,19:13:05,E meno male... i governatori le hanno fatto fare le ore piccole stanotte tacci loro.
1262068532910739460,2020-05-17,19:12:41,Ancora abusi e stupri della Costituzione MES-chino?
1262068498307715072,2020-05-17,19:12:32,Fino a che data tutte queste regole?
