id,datestamp,timestamp,tweet
1242933231076474883,2020-03-25,22:55:49,AVETE IL DOVERE E SIETE PAGATI DA NOI ITALIANI PER FARLO!!! AIUTATE QUESTA ITALIA LE PICCOLE REALTÀ COMMERCIALI IL TURISMO IL COMMERCIO ED I LORO LAVORATORI SUL CAMPO  INCENTIVI E TUTELE REALI PER TUTTI!
1242909334662778881,2020-03-25,21:20:52,Dimettiti
1242897250000437254,2020-03-25,20:32:50,Volevo farle sapere che la ditta SilCeramiche di Sassuolo (MO) terrà aperto fino a venerdì nonostante il decreto dica di chiudere al massimo stasera. E le persone che ci lavorano continuano a rischiare il contagio solo perché il datore di lavoro non rispetta il decreto!
1242889358006501377,2020-03-25,20:01:29,Mi spiace... C'è la signora in giallo
1242876697097068545,2020-03-25,19:11:10,Una domanda perché si aumenta sempre le pensioni intorno ai 1.500 euro e mai quelle minime e le pensioni di invalidità? Grazie una pensionata
1242872513408925696,2020-03-25,18:54:33,Presidente noi lo sappiamo ma Voi l’avete capito ke bisogna investire sulla salute dei cittadini? Ricerca ospedali !!! Negli anni avete chiuso centinaia di ospedali i nostri ricercatori vanno all’estero xké qui x loro nn c’è futuro !Avete capito ke l’Italia ha i migliori ricerc.
1242828509812318210,2020-03-25,15:59:42,Vergogna!! Siete incompetenti !!
1242824429979262983,2020-03-25,15:43:29,Mi lascerai aiutare?
1242811290386644994,2020-03-25,14:51:16,#COMECINA #Time0  Avere un time 0 da cui partire. Ora non possibiletroppo caos tra chi esce e chi in casa. Ingestibile. Cina in tre mesi risolto tutto.  #COPIARECINA
1242810935863062532,2020-03-25,14:49:52,Manda invece di andare in tv cose necessarie alla Campania o volete fare come in Lombardia Piemonte e il resto del Italia.abbiamo il decreto del 31 gennaio firmato da lei deve dare spiegazioni tutta Italia e ai medici perché non ha fatto nulla facendo morìre tante persone perché
1242796982307094529,2020-03-25,13:54:25,Spero che sarà per dirci che l'Italia torna a stampare moneta propria.... #altrocheMES #NoMES
1242795507887542272,2020-03-25,13:48:33,Buongiorno Presidente mi risulta che i medici e gli infermieri in certe catene di super mercati presentando il tesserino professionale possono saltare le file chilometriche che si formano nei parcheggi degli stessi. I farmacisti non rientrano in questa agevolazione!
1242791229701660675,2020-03-25,13:31:33,uno ogni 15 gg? anvedi non t'affatica troppo! ma che pensi che abbiamo ancora soldi per pagare le multe? svejiate!
1242790499313946624,2020-03-25,13:28:39,uno peggio di te non potevo proprio immaginarlo il peggio del peggio
1242789014861746181,2020-03-25,13:22:45,Presidente non si lasci trascinare dalla mentalità della Lega  che vuole creare il maggior danno possibile col "fermare tutto" in modo da presentarsi come "I SALVATORI DELLA PATRIA" . Al momento hanno ottenuto un risorgere del Nazionalismo
1242786791167528960,2020-03-25,13:13:55,Comandante Alfa: “Conte faccia meno dirette Facebook e più visite negli ospedali” -
1242786551312064512,2020-03-25,13:12:58,Grande Presidente. Ha smorzato le voci degli sciocchi che complottavano sul periodo di emergenza... Sempre molto chiaro e dalla parte del popolo. #respect
1242785274993750018,2020-03-25,13:07:54,Bravo Conte agli Italiani che stanno per strada  3.000 euro di multa !!! E ai Clandestini che stanno a Spacciare che fai ???
1242782802359259141,2020-03-25,12:58:04,Buongiorno Presidente Conte! Ripeto ciò che le ho già detto pochi giorni fa a tutt’oggi 25/05/20 non è possibile la sospensione delle rate di mutui  finanziamenti o leasing con banche o finanziarie varie xchè (dicono) non è possibile attuare il decreto x mancanza di procedure
1242769395140698112,2020-03-25,12:04:47,stellina... leggendo i commenti a questo tuo post non capisco davvero dove siano il 90% degli italiani contenti di te... consiglio di tornare con i piedi per terra...
1242767206494146562,2020-03-25,11:56:06,Vogliamo vedere le distribuzione delle mascherina per il personales SANITARIO ITALIANO i vero guerrieri di questa storia maldetà importata dei CHINESI COVID-19 e che voi continuate a RINGRAZIARE per aver spesso MIGLIONI di EURO DEGLI ITALIANI per comprare RESPIRATORE E MASCHERINA
1242764426744336384,2020-03-25,11:45:03,ma la voi finire di fare un decreto un giorno si ed uno no ci stai facendo impazzire inoltre la notte ci devi far dormire non devi fare gli annunci di notte porti ansia non ci fai dormire ci fai alzare ancora più incazzati. BASTA.
1242764214726516738,2020-03-25,11:44:12,Grande presidente Conte persona umile e seria. Ha dimostrato di essere all’altezza di gestire il tutto. Considerando che eventi così non ci sono mai stati! Non oso immaginare se al suo posto ci fosse stato un B. o un Sal. o una Mel. ?
1242763128749920256,2020-03-25,11:39:53,Mi sembra di riconoscere (basandomi su profezie antiche) una punizione Divina che esula da tutte le soluzioni umane messe in atto. Tale punizione sembra riferita verso il PCC (Cinese) e verso tutti quelli che si sono avvicinati o resi complici della sua politica espansionistica
1242761684969816064,2020-03-25,11:34:09,Vorrei farle notare una cosa che sto meditando da quando tutta questa storia sul coronavirus è iniziata.  Tutto è iniziato dalla Cina dove esiste una politica dittatoriale senza il rispetto dei diritti umani e persegue tutte le discipline di credo lontane dagli ideali del PCC.
1242761260036489216,2020-03-25,11:32:28,Caro Conte perche non usate gli alberghi vuoti per senzatetto disabili e anziani in difficolta e come "opedali provvisori d'emergenza"?
1242761223709413376,2020-03-25,11:32:19,😂😂😂😂povera Italia
1242759957067567104,2020-03-25,11:27:17,Caro presidente condivido tutte le operazioni che fino ad oggi ha messo in atto. con queste parole vorrei trasmetterle la mia solidarietà comprendendo anche le sollecitazioni di urgenza che non sempre possono essere le migliori.
1242747683275788289,2020-03-25,10:38:31,Quando si pretende militaresca obbedienza(pesantissime limitazioni alle libertà costituzionalmente garantite)bisogna dimostrare militaresca efficienza (cit. Borgonovo). Improvvisazionedilettantismo distacco dalla realtàecc. Questo avete dimostrato. Traditori della Patria
1242747661071060992,2020-03-25,10:38:26,Avanti cosi
1242746928040902657,2020-03-25,10:35:31,Con la depenalizzazione dei denunciati ha aperto le porte a tutti. Multa da 400 non interessa a tutti. Avrebbe avuto Valenza diversa il 650 cp con l'aggiunta di una multa da 400 euro. Ora chi può permetterselo va in giro tranquillamente e il lavoro fatto svanito in una bolla. 😩
1242746373130387456,2020-03-25,10:33:19,ma dovete applicare le nuive restrizioni e non essere superficiali come arresto e sanzioni per chi non rispetta le norme di rimanere a casa pugno duro a chi sgarra
1242743280351272961,2020-03-25,10:21:01,Il 31 gennaio dichiari lo stato di emergenza sanitariaa febbraio dicevi niente allarmismi siamo prontissimioggi 25 marzo non riesco a trovare una mascherinae guanti che costavano 499 oggi li pago 13 euro!!GOVERNO VERGOGNOSO
1242740242035204098,2020-03-25,10:08:57,Indegno
1242738718026477568,2020-03-25,10:02:54,Oh preside' mi faccia capi'. Qual è la definizione delle priorità della vita ?
1242736692383166464,2020-03-25,09:54:51,Più di quello che stai facendo insieme alle forze politiche "propositive" non si può fare: dobbiamo essere soprattutto noi tutti con l'atteggiamento giusto a fronteggiare il contagio!
1242736645901881344,2020-03-25,09:54:39,Solo due parole :Grazie Presidente!🇮🇹❤️🍀🌈
1242734359628701696,2020-03-25,09:45:34,MI SPIEGHI A CHE CAXX SERVONO I CALL CENTER CHE VENDONO PROMOZIONI TIM SKY ETC IN QUESTO MOMENTO??? IO NON VADO A LAVORO PER SENSO CIVICO E IL PROSSIMO MESE NON HO I SOLDI PER LA SPESA. ME LI DAI TU???
1242732505154957312,2020-03-25,09:38:12,Avvocato SERVIZIO PUBBLICO ha le porte aperte per i tuoi annunci. Facebook non tutti sono iscritti.
1242731536270741504,2020-03-25,09:34:21,Grazie Presidente
1242731009319358464,2020-03-25,09:32:16,Ancora non ho capito il suo intervento l'unica cosa che si è capito e che ci saranno multe salate poi è stata una confusione totale non ha parlato di aiuti a famiglie e aziende sulla carta avete stanziato soldi nei fatti non si vede una beata minchia siete incapaci e pericolosi
1242729938840625152,2020-03-25,09:28:00,Ma l' #annobellissimo non doveva essere il 2019?
1242729385091895302,2020-03-25,09:25:48,Caro Giuseppi sai solo parlare...ancora non abbiamo visto i fatti...vi siete dimostrati ridicoli e imbarazzanti nel gestire la situazione c'è ancora tanta confusione che regna nella sua testa lei sa benissimo che tante aziende non apriranno più per la vostra incapacità vergogna
1242727657357402114,2020-03-25,09:18:56,Sig Presidente è gisto che lei prenda i provvedimenti dovuti è giusto che noi rimaniamo a casa ma credo sia giusto annullare i pagamenti di acqua luce e gas e aiutare le categorie che in questo momento sono in crisi fino adesso si è solo sentite delle dichiarazioni di rimandarle
1242726651206795265,2020-03-25,09:14:57,Abbiamo Bisogno di più tamponi per i cittadini con sintomi anche lievi e di mascherine per i medici ed aiuti per gli ospedali. Fate qualcosa o questo confinamento non basterà.
1242717672426614784,2020-03-25,08:39:16,Bene tutto anzi come dicono i sindacati andrebbero chiuse molte più categorie che di essenziale non hanno nulla. Va aiutata però l'economia la Germania sta per sbloccare 750 miliardi di €. Noi con 25 sembrava avessimo fatto uno sforzo immane...non ci siamo
1242716931964223488,2020-03-25,08:36:19,Pensi solo a gestire la pandemia che al nostro stile di vita ci pensiamo da soli perchè siamo ancora in un paese libero. Le sue chiacchiere offensive e vuote di contenuto indicano il niente che lei rappresenta. Non avrà mai la statura di uno statista!
1242716607085973504,2020-03-25,08:35:02,Grazie per l'impegno profuso.
1242716153740492800,2020-03-25,08:33:14,Vendo rene al miglior offerente...il fegato no perché ormai è marcio....faccio ironia...i mezzi sorrisetti per quello che farete se li può risparmiare...se non mettete in atto delle misure per aiutare tutti gli italiani...ci mettete nelle condizioni di scendere e venire a roma
1242714510986706944,2020-03-25,08:26:42,Cosa ci state nascondendo....?
1242713940012011520,2020-03-25,08:24:26,Devi morire male infame
1242712817221931008,2020-03-25,08:19:58,Ammiro le sue competenze la determinazione e l'impegno nello svolgimento del suo ruolo in questo delicato momento. Ma una domanda... ma anche i parlamentari percepiranno 600€ al mese? Giusto così per dire... Il sacrificio è per tutti credo sia imperativo! Ci sarà chiarezza?
1242711919313719297,2020-03-25,08:16:24,Vergognati Pinochet
1242709934187241473,2020-03-25,08:08:31,Scusi maestro zen io in questi giorni più che pensare alla vita ho pensato al fatto che non lavoro da un mese ed i pagamenti vari non so come farli!! Che ne dice se al posto dei soldi faccio trovare un bel tema sul senso della vita?? Me lo accettano ugualmente?
1242707690339676160,2020-03-25,07:59:36,Caro Presidente le multe le dovreste fare anche a chi con motivazioni sciocche costringe il personale anche fortemente a rischio ad andare a lavorare in questo momento. E mi riferisco ad uffici pubblici che dovrebbero essere monitorati da VOI
1242704663893413894,2020-03-25,07:47:34,In diretta dal Grande fratello?
1242699019748597761,2020-03-25,07:25:09,Molti di noi italiani continuano a chiedersi perché dobbiamo meritarci un governo di Incapaci nato da giochi di Palazzo per garantire stipendio e poltrona. Ma il PdR cosa sta a fare? Perché l'Italia non meritare altro? Perché?
1242698862965514240,2020-03-25,07:24:31,Se vai a riferire ogni 15gg la prossima scadenza sarà il 6 Aprilepoi  il 24 Aprile. Il giorno successivo guarda caso sarà il 25. Tutti a fare festa x La Liberazione Stavolta speriamo dal tuo INCAPACISSIMO governo
1242696267765100545,2020-03-25,07:14:13,Qualcuno lo informi che oggi scadono i termini  di chiusura imposti con il DPCM 11 marzo....
1242693457577152512,2020-03-25,07:03:03,Ma guarda che mica tutti hanno Facebook imbecille
1242678139723096065,2020-03-25,06:02:11,Ringrazio il Presidente #Conte. Per il modo instancabile con cui sta lavorando per la trasparenza verso i cittadini per lo stile che non cede mai alle provocazioni. Nel dramma della pandemia l'Italia ha la fortuna di avere un Presidente all'altezza della situazione.
1242675473961955331,2020-03-25,05:51:35,E' stupendo come riesci in una conferenza stampa a non dire un cazzo di concreto.
1242668181635903488,2020-03-25,05:22:36,Accettare il MES con 10.000 morti italiani è da criminali. In Europa sono dei delinquenti altro che solidarietà. Dovete ribellarvi in caso contrario lo faranno gli italiani. #stopmes #vetomes
1242640744625692672,2020-03-25,03:33:35,Nel resto del mondo i leader parlano di aiuti all’economia e tu? Multe sanzioni ce la faremo bla bla... cosa farete per le imprese per le partite IVA per le famiglie in difficoltà per il settore turismo che è in ginocchio? E per la sanità? Ma che cazzo ce stai a fa lì?
1242627485734486016,2020-03-25,02:40:54,Proponete un Summit di confronto tra le più grandi eminenze scientifiche. Invitate scienziati giapponesi russi francesi per mettere a punto terapie efficaci da altri già collaudate.per parlare degli antivirali russi e giapponesi e degli antimalarici già collaudati da Raoult
1242614859352735744,2020-03-25,01:50:43,Se fate durare la dittatura fino al 31 Luglio meglio se scappate tutti...sò cazzi vostri
1242604789835468807,2020-03-25,01:10:43,Per fortuna che in questo momento abbiamo il presidente Conte  onesto capace  grazie ! ....quei tre salvini tajani Meloni insieme li guardo e ....meglio che stiano all’opposizione ....mi sembrano 3 furbetti del quartierino ...
1242598364941778945,2020-03-25,00:45:11,Presidente casi di contagio accertati nel call center di Ivrea Marcianise e Palermo. La sicurezza dei lavoratori è più essenziale dei call center. Per la sicurezza di fatto si sta limitando la libertà in nome della stessa sicurezza si dovrebbe imporre lo Smart working.
1242595012384301056,2020-03-25,00:31:51,Dove sono i soldi?
1242593247526084608,2020-03-25,00:24:51,È mortificante leggere certi commenti beceri scellerati e ignoranti. Siete tutti bravi a criticare le scelte del Premier. Per un attimo provare a chiudere gli occhi e immaginate di dover decire cosa fare per un popolo che che si trova a rischiare la vita per un virus. #Conte
1242591371908861952,2020-03-25,00:17:23,Ho notato che una settimana a casa ha scatenato uno  sciacallaggio verso il governo stare a casa che serve a scegliere se vivere o morire sono gia' tutti morti anche senza virus pero' vogliono stare bene quando stanno  in ferie in estate non ho mai visto nessuno morire di fame.
1242588331453698048,2020-03-25,00:05:19,Quanto vorrei per tutti quelli che criticano conte che ci fosse stato il cazzaro insieme alla caciottara al governo
1242585704435236867,2020-03-24,23:54:52,Caro signor Conte sono un medico di Locri  io e te miei colleghi lavoriamo sprovvisti di mascherine guanti e quant’altro possa servire per proteggerci ma.... sa perché? Perché prima di fare il giuramento di Ippocrate  lo abbiamo promesso a Dio . Confidiamo solo in Lui!
1242583919788261377,2020-03-24,23:47:47,Lo sai vero che finito questo allarmismo virus dovrai fronteggiare una cosa molto grossa?  PREPARATI PERCHÉ SIAM PRONTI ALLA MORTE PER RIAVERE LA NOSTRA VECCHIA ITALIA.  #Italexit
1242580745937457152,2020-03-24,23:35:10,Cosa cazzo AVETE fatto dal 31 gennaio ai primi di marzo per contrastare l emergenza che era emersa?? Si può sapere??
1242579402556309504,2020-03-24,23:29:50,Si rendeconto che milioni di italiani domani  non mangerannoperché la loro attività è chiusa enon fatturano da più di un mese?Ha mai provato i morsi della fame?Siamo sotto ricatto europeo e lei lo sa sig.presidente.Nessun patto a ns spese.O ci danno quello che vogliamo o italexit
1242576443395256321,2020-03-24,23:18:04,È ora di finirla con di portare avanti la vostra agenda da traditori del popolo italiano!!  #MesAffanculo
1242575338120581121,2020-03-24,23:13:41,Forza! Coraggio! E soprattutto grazie.@
1242568001561530368,2020-03-24,22:44:32,Sta affrontando un problema enorme di una difficoltà senza precedenti e lo sta facendo con equilibrio e saggezza. Penso però che le restrizioni non possano andare oltre la data del 3 aprile. Bisogna cominciare a parlare di riapertura come sta facendo @realDonaldTrump
1242567791301013510,2020-03-24,22:43:41,Molto apprezzato il suo operato e le sue parole in conferenza stampa. Grazie e Continui così!!!  Con Lei alla presidenza sono sicuro che la ripartenza di questa Italia sarà nell’ottica della sostenibilità ambientale e responsabilità sociale d’impresa.
1242565355018559490,2020-03-24,22:34:01,Riflettere? È servito x confermar che siamo in questa situazione x colpa vostra. Avete sottovalutato il problema predicando no allarmismi. Non pianificato le procedure sanitarie sicure non approviggionato mascherine prima. Anticipato decreti x scappar e contagiare il sud. Grazie
1242564415251189760,2020-03-24,22:30:16,Buffone !
1242563545193238528,2020-03-24,22:26:49,Sto fatto che in uno stato d'emergenza la necessità non conosce legge e che chi è sovrano decide ci sta sfuggendo di mano. La legge dice che vanno garantite le cure e la salute e non di usare come scudo lo scarso senso civico del cittadino
1242562750510960652,2020-03-24,22:23:40,Fontana non intende collaborare e non è capace di gestire la sanità basti vedere cos'è successo a Codogno e Alzano Lombardo (BG). Nel caso della Lombardia bisogna togliere competenze con urgenza Fontana ha già fatto abbastanza disastri muoiono più di 600 persone al giorno
1242562684983402500,2020-03-24,22:23:24,In diretta da rebibbia... arriverà il giorno!
1242559047942971393,2020-03-24,22:08:57,Caro Giuseppe..il 31 gennaio sapevate già e perché non avete fatto scorta di respiratori e mascherine? Pensate che la gente viva d'aria che non hanno da pagare utenze mutui affitti assicurazioni e quelle tasse che vi fanno stare seduti col culo sulle vostre belle poltrone?
1242558291013705734,2020-03-24,22:05:56,Ma torna a fare lo sconosciutoooo
1242557441038069760,2020-03-24,22:02:34,Dove ti sei laureato? All'università di Paperopoli?
1242555867972673536,2020-03-24,21:56:19,Grazie! Gli italiani possono solo che ringraziare un Premier che pensa prima agli italiani che a se stesso!!!❤️❤️❤️
1242555194023518210,2020-03-24,21:53:38,Pure stavolta non hai detto niente
1242554818767589383,2020-03-24,21:52:09,Bellissima l'intervista al TG5. Non si notava assolutamente che si trattava di domande preparate a cui replicavi con risposte scritte. L'Istituto Luce a te avrebbe fatto una sega!
1242553909853466624,2020-03-24,21:48:32,Presidente non finisca questo paese torni indietro SI DIMETTA
1242552857154510851,2020-03-24,21:44:21,L'OMS ci addita come esempio??? Siete stati 20 giorni senza fare una beata mazza dopo aver saputo e ancora ti spacci per uno che sa fare qualcosa?
1242550522135150595,2020-03-24,21:35:04,Ma quando ci sarà un vero aiuto effettivo economico per le persone e per le aziende per fare fronte a spese in primis. E per fare ripartire l'economia?
1242550441348681733,2020-03-24,21:34:45,Perdoni sig. Presidente ma mentre riflettiamo sulla nostra vita che se magnamo? No perché non si riflette bene con la fame sa?
1242548832505860101,2020-03-24,21:28:21,Non ha speso nemmeno una parola per tutti i morti colpiti da coronavirus ma come si fa? Persona alquanto superficiale e cinica fino all'estremo  solo a parlare di multe salate a chi esce ecc...solo il pensiero ai soldi sempre alla cassa che schifo.
1242548316325531655,2020-03-24,21:26:18,Dimettiti per carità di patria hai 7000 morti sulla coscienza hai portato il paese nel baratro assoluto salva il nome dall’infamia storica sei il più grande traditore del popolo italiano mai esistito #GovernoDelContagio #GovernoDeiTraditori #apocalisseitalia #coronaviruaitalia
1242547762232733698,2020-03-24,21:24:06,Basta dirette Facebook ! Quale è la strategia ?
1242546455690317824,2020-03-24,21:18:55,Presidente apriamo il Parlamento e con quegli stipendi lavorate per l’Italia anche di notte non di piu ma almeno quanto medici e infermieri!! Non siate casta ( da riferire ai 5S) ma servitori dello Stato!
1242544625065304070,2020-03-24,21:11:38,Ma chi ha un contratto a tempo determinato e non può lavorare xké a casa rimarrà un disoccupato o verranno protetti tutti i lavoratori? Ci risponde premier?
1242544229399900162,2020-03-24,21:10:04,Le dirette per dire che ci farete il mazzo e ci prenderete gli ultimi spiccioli le fai per dire come pagheremo le bollette e il mutuo il mese prossimo neanche toccare l'argomento. Fate vomitare.
1242543833583362049,2020-03-24,21:08:29,Chiuda le edicole ma non può fermare chi ci porta pellet e combustibili! Come ci riscalderemo in casa? È assurdo!
1242542353442840578,2020-03-24,21:02:37,IL DECRETO DEL MARTEDÌ adesso aspettiamo sabato notte per il prossimo
1242541972570677250,2020-03-24,21:01:06,Grazie
1242541929574928386,2020-03-24,21:00:55,Cordiali Saluti della Francia Monsieur le Président CONTE. Andra tutto bene forza Italia 🇮🇹
1242541757738487811,2020-03-24,21:00:15,Scrissi a fine Gennaio che se aveste gestito questa tragedia  così  come avete gestito  "TUTTI"   (in primis il vostro degno alleato) il post sisma sarebbe stata una tragedia. E che gli Italiani si sarebbero trovati come ci troviamo noi #Terremotati ora: con le pezze al culo
1242541449285120004,2020-03-24,20:59:01,Bastaaaaaa
1242541179230707720,2020-03-24,20:57:57,Il decreto non riguarda gli immigrati ???
1242541002205904896,2020-03-24,20:57:14,PUTIN va negli ospedali di persona!!!... Se ne renda conto di persona perché voi politici non siete solo distaccati dalla realtà ma vivete in un’altra dimensione cucù!!! W🇮🇹
1242540957846945795,2020-03-24,20:57:04,Se invece di andare a sedici comparsate dico sedici in un giorno su tutte le televisioni ti saresti mosso prima  forse non eravamo in questa situazione.  #indaguato.
1242540918877687808,2020-03-24,20:56:55,Io sto con l Italia non con Conte
1242540398087725057,2020-03-24,20:54:50,Presidente   nonostante i diversi provvedimenti varati non si è mai veramente interessato alle aziende Italiane. Non meritiamo forse attenzione anche noi ? Siamo il cuore pulsante di questa nazione. È una richiesta di aiuto  la prego di  ascoltarla. A I U T O.
1242539177163587591,2020-03-24,20:49:59,Grande lavoro di Rocky "the pant" Littlehouse i troll pagati un tanto al kg. proliferano.
1242538219121586182,2020-03-24,20:46:11,Peccato ogni volta ci illudiamo che sia la conferenza che annuncia le dimissioni e invece dobbiamo sorbirci un altro spettacolo circense per mascherare il record mondiale di morti.
1242537164992319490,2020-03-24,20:42:00,Misure economiche ? #CONTEDIMETTITI
1242535934635266049,2020-03-24,20:37:06,ORA. NON IL 3 APRILE.
1242535871783604225,2020-03-24,20:36:51,Sicuri che un pavido come Gualtieri sia ora l' uomo giusto?Lui puo' aspettare il 3 Aprile come ha risposto ai Leader del Centro destra nell' incontro con Mattarella e Conte. Ha la panza piena. Troppi Italiani ora impossibilitati a lavorare hanno gia' problemi. SGANCIATE I SOLDI
1242535282957864964,2020-03-24,20:34:31,Gualtieri alla richiesta di di Salvini Meloni e Tajani di mettere subito in pista l’”helicopter money” - il piano di dare subito soldi ai tanti che stanno già sull’orlo del fallimento - ha balbettato ''no aspettiamo il prossimo 2 aprile quando sarà pronto l’ennesimo decreto
1242534635231379456,2020-03-24,20:31:56,Non ho ancora sentito parlare di progetti che possano far ripartire l’economia partendo dai settori più colpiti credo ci sia bisogno di sospendere pagamento tasse tempo lungo.E poi imporre alle banche accesso al credito agevolato . Il denaro non solo per coprire debito di stato
1242533632369139714,2020-03-24,20:27:57,Ora dite  a brutto muso al leader olandese Rutte che il suo paese serve solo come paradiso fiscale e societario. E ricordare a tutti che se Olanda Danimarca e Svezia escono dall’Unione Europea nessuno se ne accorge se esce l’Italia finisce l’Europa. A MUSO DURO.
1242533479738417152,2020-03-24,20:27:21,Grazie. Continui così....
1242533401120387072,2020-03-24,20:27:02,Cioè il concetto è che fino al 31 luglio potrebbe migliorare ma forse peggiorare non si sa può essere. MA LE SEMBRA UN DISCORSO DA FARE AD UNA NAZIONE?????!!!!! All asilo forse ma non a una NAZIONE!!
1242533260577693697,2020-03-24,20:26:29,Presidente deve togliere quella bandiera europea
1242533115119259651,2020-03-24,20:25:54,Conte stasera dichiara che probabilmente l’emergenza potrà durare fino a luglio poiché già lo avevano previsto a Gennaio . A Febbraio diceva che la situazione era sotto controllo a Marzo dice che siamo in piena emergenza ......🤬🤬🤬🤬⛑⛑🙊🙉🙈 quante palle !!!!
1242531822686351360,2020-03-24,20:20:46,Lei è competente come potrebbe esserlo che ne so un coltivatore diretto.
1242531399447580672,2020-03-24,20:19:05,Giuseppi stasera ti sei superato. Dire che grazie al Coronavirus potremo dedicarci più tempo per riflettere è impagabile vale per lo meno  la Presidenza del Cosnglio a vita come in Cina.
1242530522850615306,2020-03-24,20:15:36,.. a me delle polemiche sotto non frega una cippa. Perché ognuno adesso deve rinunciare a qualcosa per la propria salute e quella degli altri. Ed è certo tutti abbiamo qualcosa di importante: imprese stipendi e grandi punti interrogativi sul futuro. Andateci voi al palazzo!
1242530306982363138,2020-03-24,20:14:44,E niente proprio non ci riesci a non fare il 🤡
1242527599085174784,2020-03-24,20:03:59,Mi piace che dice i rappresentanti del popolo... dovrebbe dire i rappresentanti di Mattarella. Xk mi sembra che il.PD nn rappresenta il popolo. Bo. Penso che qst soggetto lo fa apposta nn credo che lo sia.
1242527127595032576,2020-03-24,20:02:06,Ma chi ci crede a Casalino.
1242526738799898629,2020-03-24,20:00:34,Certo è facile non lavorare ad oltranza se sei un politico o uno statale che riceve alla fine del mese il suo pieno stipendio e non hai nemmeno le spese di trasporto!!! Una partita iva come fa con 600 euro a pagare affitto e mantenere i figli e moglie?
1242526585946804226,2020-03-24,19:59:57,Non firmate nulla.
1242526389821202432,2020-03-24,19:59:11,Un Grazie Immenso al Nostro Presidente che ha saputo distinguersi Egregiamente dagli errori della politica passata....👏👏👏👏👏👏 guidandoci  in questa ardua e desolata  battaglia che sicuramente  vinceremo #iorestoacasa #conte
1242525217945268224,2020-03-24,19:54:31,Quale onore verrà in parlamento ogni 15. Mussolini aveva più rispetto del parlamento di lei. In parlamento ci deve venire per prendere le decisioni con l'aula non per riferire #CONTEDIMETTITI #GovernodellaVergogna
1242524437607526401,2020-03-24,19:51:25,Ma questo  di Presidente Del Consiglio ci comunica solo cazzate... Bhooooooo........cose da pazzi.... Ci sta parlando di sanzioni maggiorate per i cittadini... E poi? E tutte le altre cose più importanti? Ma i soldi a casa delle famiglie italiane arriveranno o no?
1242524304190910467,2020-03-24,19:50:53,Chiaro. Composto. Serio. Un uomo così non può che avere la mia massima stima e il mio massimo appoggio. Lontano dalle indegne gazzare di stampo politico dalle chiacchiere da bar fatte passare per informazione giornalistica dalle bieche provocazioni dei saccenti in poltrona.
1242523018351558657,2020-03-24,19:45:47,Le riflessioni falle tu sul tuo stile di vita che noi non abbiamo bisogno di un padre che ci insegni i nostri valori.  Quelli che abbiamo sono migliori e il tuo compito è difenderli
1242522670433996802,2020-03-24,19:44:24,A lui non importa della gente lui vuole fare bella figura ma.non lo rispetterà mai nessuno guardate la nostra camcelliera merkel non ha fatto lockdown ne multe ne dittatura e tutti la.rispettano e da soli stanno a casa e cosi che si governa impara pivello
1242522145433018369,2020-03-24,19:42:19,Qualcuno può ricorda al signor conte che la buon anima di Hitler e morto?tutta questa dittatura le multe x chi esce di casa da 400 a 3000€?ma davvero vuole recuperare cosi i soldi che sta dando x aiutarci?cosi finisce di distruggere patetico
1242521918500147204,2020-03-24,19:41:24,Questo è prossimo ad un’overdose presto!!!!! @neniambulance
1242521741727092741,2020-03-24,19:40:42,Ma oltre le multe avete previsto AIUTI X LE FAMILGIE?! Ma cosa dobbiamo fare morire di fame?!?
1242521572319117312,2020-03-24,19:40:02,Questo è un golpe e per questo pagherai! Dove sono i soldi per i cittadini che hai imprigionato? ERGASTOLO!
1242521152112726016,2020-03-24,19:38:22,Il 4 febbraio tranquillizzava tutti e ora paghiamo noi le conseguenze! Dovrebbe dimettersi come minimo!
1242520387860213764,2020-03-24,19:35:20,Ok la salute...va bene la quarantena...ma @GiuseppeConteIT qui il rischio che chiudiamo tutti per fallimento...siamo al 24/3 e non ci sono ancora aiuti alle partite iva commercianti artigiani...ci può spiegare con che soldi facciamo la spesa...vergognoso!
1242518941202812937,2020-03-24,19:29:35,Che inutile retorica .... 😔
1242518615922028546,2020-03-24,19:28:17,Presidente che cazzo di misure state prendendo per il sostegno economico a imprese e famiglie oltre alle solite stucchevoli vergognose e vimitevoli chiacchiere? C è urgente bisognovdi concretezza e immediatezza non di parole vuote #GovernodellaVergogna
1242518219707031553,2020-03-24,19:26:43,Le persone che lavorano dove cazzo lo fanno rifornimento di carburante?? Perché so educato sennò de dicevo che sei un PEZZO DE MERDA! #CONTEDIMETTITI #CONTEDIMETTITI
1242518209909198850,2020-03-24,19:26:40,Tutte belle parole e poi permettete a 4000 persone da tutta Italia di spostarsi in Sicilia Bloccate treni navi e aerei forse si riesce a fermarlo sto virus più di una multa di 400 euro
1242517471669690381,2020-03-24,19:23:44,Tra le attività essenziali all'interno dell'industria della #difesa sono dal #governo considerate tali anche quelle per la produzione di armi? #RWM @ReteDisarmo @MinisteroDifesa @guerini_lorenzo @economiadisarm1 @SaveChildrenIT @Focolare_org #COVID19italia #iorestoacasa
1242517230606340099,2020-03-24,19:22:47,grazie 😊
1242516313743994883,2020-03-24,19:19:08,Sei pietoso tu non ti rendi conto in quanti stiamo perdendo il lavoro
1242516213386928128,2020-03-24,19:18:44,Quindi volevate un orario decente per le conferenze è lo avete avuto.  Volevate i giornalisti è li avete avuti Volevate il parlamento coinvolto è lo avete. Vi ha spiegato perché certe fabbriche sono aperte  perché sono essenziali. +
1242515734900719617,2020-03-24,19:16:50,Ora presidente un altro consiglio dei ministri e poi una comunicazione che TUTTO IL POPOLO STA ASPETTANDO...I VOSTRI SACRIFICI.....!!!COSA DONATE AL POPOLO????A NOI CHIEDETE DI CONTRIBUIRE F PER SOSTENERE LA PROTEZIONE CIVILE..VOI I VOSTRI VITALIZI STIPENDI QUANDOOOOO???
1242515719654424578,2020-03-24,19:16:47,Comunque la diretta si poteva seguire anche su diversi canali televisivi incazzarvi a vuoto su Twitter vi fa solo alzare la pressione inutilmente.
1242515159945482242,2020-03-24,19:14:33,Presidente di tutto parla ..ma l'aiuto alle famiglie dovè..la cassa integrazione dovè..siete solo chiacchiere e la gente muore di fame..😡😡😡
1242514764095524866,2020-03-24,19:12:59,Brutta merda!!!!!
1242514596411445248,2020-03-24,19:12:19,Presidente io sono conTe!!!!....però ricordati anche delle piccolissime  imprese che al momento sono senza reddito e l'unica via percorribile è l' indebitamento!
1242514503876648960,2020-03-24,19:11:57,Hai rotto il cazzo con queste multe! Pensa ad comprare attrezzatura medica!
1242514329171382273,2020-03-24,19:11:15,Come sempre complimentibella spiegazione💪🏻❤️Grazie
1242514202129907712,2020-03-24,19:10:45,SECONDO CONFESERCENTI IL 44% DEI NEGOZI RISCHIA DI NON RIAPRIRE PIU'!!! CI STATE ROVINANDO INCAPACI!
1242514201295433729,2020-03-24,19:10:45,Buon lavoro presidente!
1242514058647154688,2020-03-24,19:10:11,Presidè dillo agli imprenditori che stanno perdendo migliaia di Euro di fatturato oppure a chi guadagnava alla giornata ed ora non sta lavorando digli di riflettere sulla vita vedi che te rispondono
1242513996793745409,2020-03-24,19:09:56,grazie Presidente e buon lavoro
1242513962211704839,2020-03-24,19:09:48,Allora non ci senti ti devi servire della RAI servizio pubblico. Che noia!!!!!
1242513951646236679,2020-03-24,19:09:45,"In queste giornate costretti a stare a casa avremo più tempo per riflettere sulla nostra vita. E ne trarremo insegnamento" ok lei è ufficialmente pazzo ma si rende conto della stronzata detta? Qui non si sa tra un mese come mangiare e se le aziende riapriranno #CONTEDIMETTITI
1242513887402045441,2020-03-24,19:09:30,Si ricordi che a @matteosalvinimi e all'opposizione tutta non gli frega nulla di come andrà a finire col Covid19  a loro interessa solo mettere bandierine. Egregio @GiuseppeConteIT Non si fidi questi sono sciacalli.
1242513819731140610,2020-03-24,19:09:14,una mezza lancia in vostro favore premier. ci sta mettendo quante più pezze possibili (va anche bene perchè chi ha mai affrontato una pandemia?) ma... appena finito tutto lo sa che inizia il VERO LAVORO? #uscitaeuropa #NOMES #nessunpagamentotasse (averle rimandate non serve)
1242513775439249409,2020-03-24,19:09:03,Dalle connessioni internet INDECENTI dovreste comprendere come mai questo paese non sarà MAI concorrenziale #sapevatelo Ormai il terzo mondo SIAMO NOI.
1242513699501268992,2020-03-24,19:08:45,Come si gode nel magnificare lo stato di polizia che per colpa delle loro inadempienze hanno dovuto/voluto instaurare. #CONTEDIMETTITI
1242513658934112260,2020-03-24,19:08:35,Spesa minima nei supermercati 30€ Ci lavoro  il 60% dei scontrini e al di sotto dei 10€
1242513450720530432,2020-03-24,19:07:46,Siete la peggior cosa che poteva accadere! Vi sta andando via la mano Giuseppi tutto deve passare dal parlamento non da decreti amministrativi illegittimi!
1242513304272199680,2020-03-24,19:07:11,Vai avanti cosi
1242513293832568834,2020-03-24,19:07:08,Mamma mia che roba... Prendersi i meriti per gli sforzi dei SSRegionali dopo che: -involtini -accuse di razzismo -accuse di sciacallaggio -smetti di fare tamponi -no zone rosse -no mascherine -fai scappare infetti -no chiusura Lombardia -chiusura Italia -no soldi -richiesta MES
1242513266917675012,2020-03-24,19:07:02,State usando l'esercito solo per portare via i morti.
1242512974323109890,2020-03-24,19:05:52,Ancora???  NON SIAMO AL GRANDE FRATELLO  SI VERGOGNI!!!!  #CONTEDIMETTITI
1242512880081215488,2020-03-24,19:05:30,Presidente perché non ha messo il link alla diretta sulla pagina di Palazzo Chigi? Mi perdoni sono un po’ complottista. 🤭
1242512500630990849,2020-03-24,19:03:59,Allora si mette la tessera annuari come in tempi di guerra è da più di un mese che si pensa....
1242512436802080768,2020-03-24,19:03:44,Inascoltabile
1242512260439904261,2020-03-24,19:03:02,@GiuseppeConteIT @gualtierieurope Per favore non firmate nulla non avete la legittimità del popolo per firmare a nome nostro. #NoMes #NoEsm #StopMes #euromafia #Italexit
1242511966427635712,2020-03-24,19:01:52,Governo di criminali infami e venduti!
1242511572540497938,2020-03-24,19:00:18,Cimanca la fusani
1242511555436187648,2020-03-24,19:00:14,Buffone dittatore. Il popolo ti giudicherà. #tribunaledelpopolo #stop5G #stopmes
1242511520543789057,2020-03-24,19:00:05,#Borrelli parlava proprio del numero dubbio dei contagi in Italia.
1242511475845091329,2020-03-24,18:59:55,prima sfrangiate le cosidette e poi manco riuscite a connettervi
1242511419297484800,2020-03-24,18:59:41,6820 morti. Trasparenza e chiarezza occoreva già da Gennaio . #coronavirus #parlamento Conte lei ha fatto troppi azzardi sulla vita di noi tutti ora rischiamo di essere soggiogati dalla UE cge oer l'Italia fin qui è stata solo lacrime e sangue. Conte faccia un passo  indietro.
1242511251869175811,2020-03-24,18:59:01,sei un avvocatino tra i più scarsi che esistano #CONTEDIMETTITI
1242511251416154114,2020-03-24,18:59:01,I sindacati  già   speriamo capiscano
1242511200409313282,2020-03-24,18:58:49,Il 31/01 avete saputo dal OMS del pericolo e firmato uno stato di emergenza perché non avete cominciato a costruire reparti di rianimazione ad approvvigionare materiali sanitari avevate lo specchio cinese davanti con informazioni che a noi non sono date
1242511187469877249,2020-03-24,18:58:46,Se una anziana deve andare a prendere la pensione in una banca che si trova in un comune vicino al suo comune di residenza perché glielo versano sul contocorrenteci può andare? Si può anche far accompagnare con la macchina dalla figlia?
1242511086978506754,2020-03-24,18:58:22,I presidi medici e i medici in aiuto sono previsti anche per la Sicilia o solo oltre lo stretto . Grazie
1242510991797207040,2020-03-24,18:57:59,Ottimo lavoro in bocca al lupo Presidente
1242510971685556225,2020-03-24,18:57:55,Reddito di quarantena per restare a casa. Le multe sono una vergogna! #redditodiquarantena #COVIDー19
1242510917235081216,2020-03-24,18:57:42,Togli l'ammenda metti la multa. Metti er modello 4 togli il modello 2. Prepara il modello 5 ma pensa alla multa 6. Oh il modello 1 rimane valido eh ma solo per le zone rosse 12 e 4. La 5 la mettiamo in 2 senza metterci l'ammenda. Così fino al 2036 salvo il 2028.
1242510859936514050,2020-03-24,18:57:28,Ma non è vero che noi Italiani ci stiamo comportando benemolti ancora sono in giro nei parchinei supermercati nessuna distanza di sicurezza e mi dispiace tantissimo dirloma la maggior parte sono le persone anziane cioè quelle più a rischio.Conte sii più severo!!!
1242510813308440576,2020-03-24,18:57:17,usare hydroxychloroquine. impedirà molte morti. Qualcuno per favore dia queste informazioni al governo. Forgive my Italian I am an Indian who just started learning
1242510705166815232,2020-03-24,18:56:51,Bravo presidente! Ed è la PRIMA VOLTA che te lo scrivo
1242510524652363785,2020-03-24,18:56:08,Presidenteeee! Reddito di quarantena per tutti!!
1242510519044648966,2020-03-24,18:56:07,Una conferenza stampa per definire l’ammontare delle multe e per smentire fake news riguardo al 31 luglio. Le ricordo che il Paese ha bisogno di più chiarezza e fermezza.  Alla prossima conferenza stampa sul nulla 👍🏻👍🏻👍🏻👍🏻 #GovernodellaVergogna #incompetenza
1242510497385234434,2020-03-24,18:56:01,Le domande sono squisitamente a sorpresa?
1242510485079109632,2020-03-24,18:55:59,Io pirla che sto qui ad aspettare la “conferenza del presidente” convinto che possa dare una boccata di ossigeno alla mia azienda e tranquillità ai miei dipendenti. E voi a ragionare sulle multe...
1242510468440363008,2020-03-24,18:55:55,Purtroppo sto vedendo la conferenza Aria fritta Dovevate ascoltare chi già all'inizio vi aveva consigliato di"chiuderci" Ma no la vostra arroganza ha portato a tutto questo macello Perché i carburanti sono assicurati? Non sei contro i Fossili? Chiedete a greta come fare Ipocrisia
1242510462987776000,2020-03-24,18:55:53,Nessun presidente sarebbe stato più idoneo e azzeccato a guidare l'Italia in qst momento!Meno male che c'è lei!
1242510341935947782,2020-03-24,18:55:24,DEVE CHIUDERE ANCHE I SERVIZI D'ASPORTO. NON SONO PRIMA NECESSITÀ. LE PERSONE STANNO A CASA USASSERO LA CUCINA. CHI TRASPORTA E CHI CUCINA ANCHE LORO SONO A RISCHIO. L'ASPORTO NON È UN BENE PRIMARIO.
1242510334256087046,2020-03-24,18:55:23,Reddito di quarantena e moltiplicazione dei test diagnostici! Vergogna!! #COVIDー19 #redditodiquarantena
1242510260117569537,2020-03-24,18:55:05,Grazie
1242510239456473089,2020-03-24,18:55:00,#coronavirusitalia Ma dove abbiamo trovato questo personaggio? Come è possibile abbia il ruolo di primo ministro? È veramente allucinante in tv per dire che la multa passa 400 a 3000 euro.incredibile
1242510208368357376,2020-03-24,18:54:53,L'ha già detto "sarà un 2020 bellissimo"?
1242510055100100613,2020-03-24,18:54:16,era meglio la diretta alle 23.15 sembra di essere tornati al 56k
1242510019838476289,2020-03-24,18:54:08,Vedo il sinistrume tutto bello contento di farsi  sequestrare in casa ad oltranza da Conte Casalino  Di Maio e Zingaretti. Ma se ci fosse Salvini al posto di Conte eravate tutti belli ed ipocriti in casa con le  hit patriottiche dai balconi? Chiedo nè?
1242510000892887042,2020-03-24,18:54:03,Le fabbriche di armi sono essenziali? #COVID19italia #conte
1242509995415142401,2020-03-24,18:54:02,Sanzioni a parte il programma sanitario e il programma economico cosa prevedono?
1242509981477490690,2020-03-24,18:53:58,#STOPMES #CONTEDIMETTITI le uniche cosa che vogliamo sentire!!!
1242509839915520000,2020-03-24,18:53:25,Come dici? Ne usciremo migliori? Forse... ma senza un euro. Semo tutti froci con il culo degli altri!!!!
1242509825134788608,2020-03-24,18:53:21,Ci vuole il reddito di quarantena! Estendete a tutti I non garantiti il reddito di cittadinanza. Se no I soldi delle multe a chi non resta a casa a fare la fame li cacci tu!! #covid19 #redditodiquarantena
1242509813592006661,2020-03-24,18:53:18,Conte Casalino Di Maio Zingaretti e comari dai balconi ci tengono rinchiusi in casa!
1242509759099686913,2020-03-24,18:53:05,8620 morti...neanche una parola...più importante parlare delle multe...
1242509686454333440,2020-03-24,18:52:48,Puro terrore economico (sequestri e multe)  per mantenere l'ordine pubblico. Lo Stato è nudo!🤣🤣🤣
1242509585539358721,2020-03-24,18:52:24,Ci vuole il reddito di quarantena! Estendete a tutti I non garantiti I Rdc. Se no I soldi delle multe a chi non resta a casa a fare la fame li cacci tu #COVIDー19 #redditodiquarantena
1242509581697388544,2020-03-24,18:52:23,Sei rassicurante devo ammetterlo 👏🏻👏🏻👏🏻🇮🇹🦠
1242509560516087808,2020-03-24,18:52:18,Bene nelle parole ma la gente non ha i soldi per mangiare se siamo fermi quandi oltre pensare come fare a prenderli voi con le multe cercate di dare i sodi al popolo non si può ordinare il fermo senza mangiare
1242509469147451397,2020-03-24,18:51:56,Moltiplicate per dieci iTest diagnostici se no come la fermate l'epidemia! Ve lo dice pure l'oms. Basta retorica!! #COVIDー19
1242509439359430663,2020-03-24,18:51:49,Una persona vuotasenza idee senza dignità che parla in diretta senza dire niente facendo supercazzole a caso. Noi italiani non meritiamo tutto ciò liberaci della tua presenza. #CONTEDIMETTITI
1242509323886112772,2020-03-24,18:51:22,Ma si può mandare il meteo durante la conferenza!!
1242509286883852291,2020-03-24,18:51:13,praticamente continua a sfornate decreti per aumentare restrizioni e multe. Non una virgola su immediati accrediti su c/c di chi non sta lavorando. La.fine del mese.è prossima La.gente deve mangiare.
1242509198618959872,2020-03-24,18:50:52,Secondo me del tutto fuori luogo il commento sul tempo che ora abbiamo  per riflettere sulla nostra vita....può andar bene a chi un lavoro ce l'ha e viene pagato anche in questo periodo ma per chi ha chiuso un'attività  può solo riflettere su come arrivare a fine mese
1242509019438362630,2020-03-24,18:50:09,Perché le sanzioni con le fai a @Confindustria che è stata la prima causa del contagio di massa? Migliaia di operai ammassati nelle fabbriche e il vostro problema sono i runners? #COVID2019italia #redditodiquarantena
1242508919303536640,2020-03-24,18:49:45,Tamponi per tutti
1242508819399393282,2020-03-24,18:49:21,Ottimo Presidente 👏
1242508811757408258,2020-03-24,18:49:20,Ma porco zio non ho Facebook della Maremma maiala!
1242508787388493827,2020-03-24,18:49:14,Il tuo sforzo .. è pari al mio di quando vado al bagno... esce la tua foto sempre .... uno stronzo.con il cuore sei un. Buffone
1242508744099016704,2020-03-24,18:49:03,#iorestoacasa  Presidente Buon Lavoro noi Italiani la ringraziamo per quello che fate per noi - certo essere segregati in casa molte volte da soli e in solitudine non è bello ma confidiamo delle vostre decisioni che sono x il nostro bene -
1242508662603763717,2020-03-24,18:48:44,Comunque mi permetta presidente per le frasi filosofiche che dice alla fine delle conferenze le dovrebbero dare un premio Nobel! 👏🏻👏🏻👏🏻👏🏻👏🏻 TrumpBoris ecc.. levatevi proprio...
1242508643985248256,2020-03-24,18:48:40,Ci vuole il reddito di quarantena! Estendete a tutti I non garantiti I Rdc. Se no I soldi delle multe a chi non resta a casa a fare la fame li cacci tu #covid19 #redditodiquarantena
1242508593276035076,2020-03-24,18:48:27,Ci vuole il reddito di quarantena! Estendete a tutti I non garantiti I Rdc. Se no I soldi delle multe a chi non resta a casa a fare la fame li cacci tu! #covid19 #redditodiquarantena
1242508562481532929,2020-03-24,18:48:20,Inguardabile. Inaffidabile. Pericoloso. #CONTEDIMETTITI
1242508538372653058,2020-03-24,18:48:14,Quindi OMS vi aveva avvisato.. Avete fatto il decreto il 31 gennaio ma voi dicevate che eravamo al sicuro.. Che era un influenza e di farci gli aperitivi. Voi meritate la galera!! I morti sono sulla vostra coscienza assassini!!! Dimettetevi!
1242508512598597633,2020-03-24,18:48:08,Presidente nulla da ridire su chi infrange le regole e si becca 3000€ di multa ora dovrebbe prendere provvedimenti verso chi ha sminuito invitando a uscire in strada e anche chi dicendo di aver preso le precauzioni più alte al mondo poi si ritrova con quasi 7000 morti.
1242508507976474625,2020-03-24,18:48:07,SPUTTANATELI TUTTI I LADRI DELLA SANITÀ AL NORD
1242508470957588483,2020-03-24,18:47:58,Grande presidente per l’ottimo messaggio sociale nel suo discorso 👏👏👍
1242508451072356357,2020-03-24,18:47:54,State gonfiando i numeri (nuovi contagiati vittime ecc...) perché state coprendo qualcosa che non volete dirci
1242508376807964673,2020-03-24,18:47:36,Alzatevi il culo dalle poltrone
1242508375855976449,2020-03-24,18:47:36,Quindi se escono delle bozze c'è un problema nel leadership team! non è gente responsabile. provvedere!
1242508368658432000,2020-03-24,18:47:34,Grazie!!! In questo momento non avremmo potuto avere presidente migliore!!! #Conte #ForzaItaliani #coraggioitalia #COVID19 #CoronaVirusitaly
1242508350820155392,2020-03-24,18:47:30,Penoso! L'angelus del martedì!
1242508338455171072,2020-03-24,18:47:27,Aumentano le sanzioni dei divieti ma il #RedditoDiQuarantena rimane = a zero carbonella... il DPCM è anticostituzionale perché non vi è copertura finanziaria tra sanzione e reddito potenziale individuale. Non va bene #Conte per diventare migliori come sta dicendo.
1242508162365820928,2020-03-24,18:46:45,Buon lavoro presidente!
1242508146939179010,2020-03-24,18:46:41,facce na carezza
1242508133525831680,2020-03-24,18:46:38,Ci vuole il reddito di quarantena! Estendete a tutti I non garantiti I Rdc. Se no I soldi delle multe a chi non resta a casa a fare la fame li cacci tu!! #covid19 #redditodiquarantena
1242508051212636160,2020-03-24,18:46:18,Invece di farci la morale defalcate lo stipendio dei parlamentari che non lavorano in questo momento. Vergogna
1242508041066622976,2020-03-24,18:46:16,Ma dimettiti
1242507972149944320,2020-03-24,18:45:59,Rifletti su questo... io mi vendichero di tutto quello che ho sofferto negli ultimi 15 anni.
1242507912783761411,2020-03-24,18:45:45,Ma che senso ha dire che l’emergenza potrebbe durare fino al 31 luglio ma si deciderà mese mese??? A noi che viviamo di turismo ci state rovinando la vita! Incapaci.
1242507908585324544,2020-03-24,18:45:44,Fate presto per i nostri figli. Non possiamo più tenerli in casa. #COVID19 #COVIDー19 #COVID2019
1242507873114107916,2020-03-24,18:45:36,Altra conferenza stampa inutile come poche. Spalletti era più chiaro sei solo un 🤡
1242507867179147264,2020-03-24,18:45:34,Grazie Presidente. Una semplice domanda: #PerchéFacebook? #whyFacebook? E perché non utilizza i profili ufficiali del Governo ma la sua pagina personale? Quando tutto sarà finito cos'è se ne farà dei milioni di dati sugli utenti che sta accumulando con queste dirette? Grazie!
1242507808781803522,2020-03-24,18:45:20,“Essere edotto delle misure adottate”..
1242507802700111873,2020-03-24,18:45:19,Senza estensione del reddito di cittadinanza potenziamento delle strutture sanitarie DPI per il personale ospedaliero aumento della sorveglianza attiva non se ne esce. Non serve a niente alzare la multa!
1242507769447677953,2020-03-24,18:45:11,Parloamo di multe.  E tutto il resto: tamponi mascherine ventilatori polmomari... Ah già roba secondaria...
1242507660148142080,2020-03-24,18:44:45,Sei il miglior presidente che io ricordi ❤️
1242507606528274433,2020-03-24,18:44:32,Oramai ti senti un vero tiranno  non ti rendi conto che a casa sta gente disoccupata  senza soldi  non hai bloccato una bolletta non hai dato un cent  ma come campa sta gente che fa lavori saltuari senza nessuna tutela  il razzismo e' anche questo ....
1242507507056152585,2020-03-24,18:44:09,31 LUGLIO 2030 Pè
1242507401888137216,2020-03-24,18:43:43,Voi e le vostre bozze siete più falsi dei due euro di carta.
1242507394019704836,2020-03-24,18:43:42,Hai fatto bene!!
1242507371571707905,2020-03-24,18:43:36,Come se fosse Antani
1242507347664265220,2020-03-24,18:43:31,Quando ci dai i soldi noi abbiamo negozi imprese non abbiamo entrate vergognati sei un incapace invece di fare tante chiacchiere devi darci i soldi
1242507052213207041,2020-03-24,18:42:20,#celafaremo pieno appoggio al #GovernoConte
1242507027999535104,2020-03-24,18:42:14,Cordiali saluti dalla Grecia. Speriamo che andrà tutto bene
1242506977588252675,2020-03-24,18:42:02,Non ho intenzione di perdere nessuna parola...grazie PRESIDENTE.
1242506864799232000,2020-03-24,18:41:35,Anche oggi arrivi puntuale domani
1242506733370646530,2020-03-24,18:41:04,amo alla buon'ora
