id,datestamp,timestamp,tweet
1245846309203873792,2020-04-03,00:51:21,Dobbiamo uscire all'euro!!! Adesso!
1245838755325411335,2020-04-03,00:21:20,Siamo abituati a vedere la nostra classe politica come nullafacenti ed ingiustamente strapagati e ahimè è così un sistema sbagliato quello italiano che pagheremo caro alla fine di questa Pandemia! Ma con il cuore GRAZIE! Il suo impegno si vede e non è facile essere al suo posto!
1245837425190080512,2020-04-03,00:16:03,Niente Mes ne Sure il paese non si svende o ne pagherete le conseguenze.
1245836803535298562,2020-04-03,00:13:35,Vattene DIAVOLO!
1245834466695639041,2020-04-03,00:04:18,Grande conte l'Italia è con te
1245827964224385024,2020-04-02,23:38:27,Io mi chiedo comandi tu o ISS? Capiremo tante cose fra poco.... #ci aveterovinato
1245825727704039424,2020-04-02,23:29:34,Peppo l unica cosa per cui ti ringrazio ê permettere al tecnico della Tele di lavorare perché mi si ê rotta.Per il resto mi fate cagare.Vedere mia madre chiedere un sussidio da 600 euro con tutto il culo che si è fatta e il sangue che ha sputato è stato svilente.Ptuuuuuu nto culu
1245823882034110504,2020-04-02,23:22:14,Fincantieri annuncia il contratto con la Marina per costruire altri U-212. Una commessa varata nel silenzio. Che ripropone il dilemma sugli investimenti pubblici per tutelare l'occupazione FATE SCHIFO
1245820801011445766,2020-04-02,23:09:59,Io e 25 amici siamo solidali con .sergio sbrissa contractor auditor autorized university agadir politecnico torino former Teacher Itis statale former Ctu Tribunale torino
1245816046696779777,2020-04-02,22:51:06,@GiuseppeConteIT A GIUSE NUN TE VOIO DiN CAZZO MA @nzingaretti E @luigidimaio HANNO TWITTATO DICENDO CHE SEI NO STRONZO 💩🤔🤔🤔
1245802061180088324,2020-04-02,21:55:31,Dimettiti non appena finisce l'emergenza. grazie
1245793528917221378,2020-04-02,21:21:37,Probabilmente non leggerà questo messaggio. Ma grazie. Grazie dell'impegno. Grazie della tenacia. Grazie per tutto quanto sta facendo per tutti noi. Grazie per la sensibilità che nonostante tutto continua ad emergere dalle sue parole e dai suoi occhi. Lei è un grande uomo. ❤
1245793380526968839,2020-04-02,21:21:02,La meritocrazia paga sempre in un modo di raccomandati. Fieri di essere rappresentati da una persona come lei. In questo mondo di tuttologi lei sta facendo le scelte migliori in uno dei periodi peggiori dello stato italiano  #italia #covid19 #iostoconconte
1245793083352121348,2020-04-02,21:19:51,Una cortesía; Sarebbe possibile un'introduzione con tanto di marcia reale ?.... Siore e Siori ecco a Voi reduce da "Che tempo che potrebbe fare" SAIyR Conte.... ma che dico Conte... Marchese.... Duca. e giù applausi !!!
1245792510468816922,2020-04-02,21:17:34,Staccate le antenne che trasmettono il g5 . Ci stermineranno come topi da laboratorio . Staccateli immediatamente prima che sia troppo tardi
1245788575645470731,2020-04-02,21:01:56,Ci spieghi bene perché ha sospeso il FOIA. #NOMES
1245787168456540161,2020-04-02,20:56:21,Altre nazioni hanno provveduto a fare bonifici direttamente ai titolari di imprese o cittadini comuni.  Da noi date la colpa agli hackers per una procedura vergognosa. Vergognati buffone cialtrone
1245786946917433345,2020-04-02,20:55:28,Alleanza dei Paesi del Med! Subito! Siamo stufi delle laceine di coccodrillo! Gicate sil nostro futuro! Vergogna
1245786662745055232,2020-04-02,20:54:20,Si vogliono i minibot invece meglio comprare i titoli che subire una patrimoniale! @SBuffagni mi sembra l'unica poersona al governo SENSATA FACCIA PRESSIONE!
1245783987555045377,2020-04-02,20:43:42,Grazie
1245780893521915905,2020-04-02,20:31:25,Facciamo i tamponi a chi lavora e cerca di mandare avanti il paese meno “mine vaganti” più senso ancora al sacrificio della quarantena
1245779603421114368,2020-04-02,20:26:17,Spiegate alla gente che non deve invitare gli amici a casa. Grazie
1245779082555555853,2020-04-02,20:24:13,Fate qualcosa anche per chi ha firmato il contratto contratto di lavoro dopo il 23 febbraio quando tutto andava ancora bene e ora rischia il posto di lavoro perché non rientra nella cassa integrazione. Grazie
1245778118394163204,2020-04-02,20:20:23,Salve sig presidente devo dire che nell’intervista di ieri vedere la sua commozione alla domanda dei morti nel nostro paese mi tocca il cuore sei uno dei migliori ma potevi fare è puoi fare meglio respect 🤙
1245775153558106112,2020-04-02,20:08:36,Io booooo stanno tutti in giro adesso che stiamo andando meglio. Ma non ho capito sembra fatto apposta booooo che fatalità è uscita sta cosa dal Viminale che permette l'uscita sotto casa coi figlila gente capisce male e bum escono tutti. Voi non state bene.
1245773574176157697,2020-04-02,20:02:20,Ho sentito che alcune aziende vogliono riaprire dalla prossima settimana nonostante il decreto dica di tenere chiuso fino al 13! Chiederanno il permesso al prefetto! Bisogna fare qualcosa altrimenti i contagi non si fermeranno mai! #COVIDー19
1245764596079767554,2020-04-02,19:26:39,Bisogna redigere un vocabolario conte-italiano italiano-conte  esclusi gli farfugliamenti intraducibili
1245763097702338564,2020-04-02,19:20:42,Chiaravalle dalle 20  18 anziani malati rimarranno senza assistenza che dire?ti sembra un modo di gestire una regioneun polologli anziani?perche non vuole aprire a  lamezia e delibera 150 milioni per le imprese e non da mascherine ai medici?
1245762314906845186,2020-04-02,19:17:35,Dopo quattro settimane di serrata adesso ci dite di stare a casa ancora un altro mese???Ma svegliatevi che dobbiamo ripartire #orabasta
1245760956673806337,2020-04-02,19:12:11,Ma ti rendi conto che hai messo a rischio la vita del  ns.Papa...?  La Tv  ti ha fatto vedere vicinissimo al Papa senza la mascherina ..un fatto gravissimo...a ti rendi conto..
1245759981900742657,2020-04-02,19:08:19,Salve signor conte non so se leggerai questo messaggio ma le scrivo in quanto i voli di rimpatrio soprattutto quello di domani verso l'Italia e stato annullato ... Lei sa perché... Ha chiesto alle compagnie di adoperare controlli con i quali non hanno neanche i dispositivi...
1245756016496709632,2020-04-02,18:52:34,Svegliati porcodio lazzarone parli di milioni di euro ma sono per caso virtuali????? La Germania ha già versato i soldini impara l arte pizochero .. e iniziate a prendere la paga da operaio per capire come ci si sente ora ..
1245752521945223168,2020-04-02,18:38:40,la salute del Nord perché del sud se ne stanno fregando TUTTI I POLITICI .MA SI PAGANO LO STIPENDIO CON I SOLDI PUBBLICI.È INACCETTABILE CHE HANNO ABBANDONATO IL SUD A SE STESSI.VERGOGNOSO.POLITICA DEL CA- - O.È BUROGRAZIA DEGLI ASINI.
1245751167474380801,2020-04-02,18:33:17,Carissimo Presidentemi faccia capire ma Lo Stato si ferma a Roma?Il Governatore della Campania ha fatto un appello l'esercito serve anche al Sud vi state concentrando esclusivamente solo al Nord Questo nn è Democrazia ribadisco le responsabilità del sud sono vostre nn dimendichi
1245751130908483584,2020-04-02,18:33:09,Presidente NON SVENDA IL NOSTRO PAESE. L'Italia NON DEVE finanziare nessuna spesa tramite QUALUNQUE strumento che preveda prestiti obblighi o condizionalità.
1245747871078649857,2020-04-02,18:20:11,Levati dalla testa l’idea dei pieni poteri ad #Azzolina!!! Traditore vigliacco!!! #GovernoDelContagio #azzolinadimettiti #ITALEXIT #precariatocriminedistato #BruciaUnoStraccioBlu
1245743586769068034,2020-04-02,18:03:10,Ma... ai lavoratori del comparto sport che hanno contratti atipici ci vogliamo pensare o no? Il sito di Sport e Salute che in teoria dovrebbe fare da tramite per le nostre richieste di indennizzo non si aggiorna dal 23 marzo...!
1245743283407671298,2020-04-02,18:01:58,Egregio Conte OGGI 2 APRILE 2020 A ROMA TOR SAPIENZA LA GENTE HA MAL COMPRESO IL SUO DPCM PROLUNGATO DI 10 GIORNI. ESCONO COME NULLA FOSSE CI SONO PROPRI E VERI ASSEMBRAMENTI COME SE LA SITUAZIONE SI  FOSSE STABILIZZATA E LE FORZE DELL'ORDINE NON EFFETTUANO CONTROLLI.
1245739620664586240,2020-04-02,17:47:24,Milano zona San Siro dal mio balcone a da quello dei miei: pieno di gente che cammina con cani e senza. Molte grazie ottimo discorso quello di ieri.
1245730838861447168,2020-04-02,17:12:31,Grazie mille Presidente per tutto quello che fate per noi compresi gli sciacalli
1245728127696986112,2020-04-02,17:01:44,Caro Presidentenn dimentichi gli anziani nelle  case di ripososono una figlia che ha la mamma in struttura all' inizio emergenza per noi parenti il divieto di visitache mi lasci dire è stato angosciantema i morti ci sono statitroppi nn sono stati i parenti gli untori chi?
1245727950852538374,2020-04-02,17:01:02,Caro sig. Conte nel ringraziarla per quanto sta facendo le chiedo di riaprire i collegamenti con l’estero per l’estate. Il mio regalo per i 50 anni è un viaggio a Londra alla fine di luglio!!
1245724540396810242,2020-04-02,16:47:29,Ad arrampicarti negli specchi sei più bravo dell'uomo ragno 🕷! A CASAAAA! 🇮🇹
1245724397090025486,2020-04-02,16:46:55,In questo momento l’importante è non infettarsi con il #COVID19le altre malattie sembrano andate in ferie. Che la prolungata inattività fisica e il domicilio coatto possono aumentare l’incidenza di malattie cardiovascolarimetaboliche e psichiatriche interessa al Governo?
1245722246112514055,2020-04-02,16:38:22,È possibile avere un chiarimento? In diretta televisiva ha detto che in forma individuale gli atleti possono allenarsi ma in gazzetta ufficiale non specificato. Un tennista (precedentemente autorizzato)che si allena da solo con il coach può continuare a farlo?
1245716930826309632,2020-04-02,16:17:15,Con quella storia della passeggiatina ha sdoganato migliaia di imbecilli in giro con cani e figli Complimenti
1245716295393390592,2020-04-02,16:14:43,Salve Presidente un consiglio di comunicazione: fare come Trump mettere le mani avanti! come quando annunciò 200.000 morti e se va bene solo 100.000! se l'Inps avesse annunciato che il sito avrebbe avuto (era scontato) problemi di funzionamento nessuno ci sarebbe rimasto male
1245714157036621829,2020-04-02,16:06:13,Grazie grazie grazie. Nella sfortuna della pandemia abbiamo avuto la fortuna di avere lei come Presidente. Auspico più restrizioni e controlli d'ora in avanti per non vanificare gli sforzi e le privazioni fatte ad oggi.
1245710960817561601,2020-04-02,15:53:31,Grazie Presidente per il lavoro che sta facendo per tutto il Paese. È un momento difficile e ancor più difficile sono e saranno le decisione da Lei prese e da intraprendere. Abbiamo fiducia nella Sua Persona e nel Suo Operato. Ci faccia uscire quando siamo certi di poter vivere
1245698401968295936,2020-04-02,15:03:37,Ricordate cari politici! Se il 14 aprile sarò in grado di lavorare sarò anche in grado di ANDARE A VOTARE PER IL #Referendum non ce lo dimentichiamo! Grazie! #coronavirus #2aprile
1245696133885767685,2020-04-02,14:54:36,visto che la tutela della salute è un valore prioritario DOVE SONO I DPI PER LA POPOLAZIONE chè è da due mesi che siamo in emergenza e non se ne vede uno in giro..
1245694412899876866,2020-04-02,14:47:46,Art. 42 e 43 Cost.  Che cosa si aspetta?? Riconvertire le ditte produrre respiratori mascherine guanti e materiale medico.  Dare un reddito di esistenza. 200 euro a tutti. Solo per cibo. Chi non ne ha di bisogno non li prelievi. Responsabilizzare tutti ed evitare le sommosse
1245692494173650944,2020-04-02,14:40:09,Un DEBITO con diverso nome è un CAVALLO DI TROIkA.  VERA solidarietà = liquidità garantita da BCE. FALSA solidarietà = debito con un "bel" nome.  VERA solidarietà = semplice veloce zero rischi per tutti FALSA solidarietà = burocratico lento rischi diversi  Chiaro?  #NODEBITO
1245691886595182592,2020-04-02,14:37:44,Conte e questo governo stanno facendo il meglio possibile per il nostro paese e le chiacchiere strumentali della cosiddetta opposizione non sono minimamente da tenere in considerazione.
1245690724789739522,2020-04-02,14:33:07,Avanti così presidente .mettiamo al loro posto e zittimerkel e altri come lei.
1245689190257438723,2020-04-02,14:27:01,Tu devi essere davvero stupido! Devi mandare l'esercito per far stare a casa le persone non annunciare che possono farsi il giretto con i figli. Ma come sei finito su quella poltrona a rovinarci la vita?
1245687642131501057,2020-04-02,14:20:52,Furbacchione ma un taglio di stipendi come ha fatto la Juventus voi parlamentari no? Siete ridicoli e tu ne sei degnamente il presidente 🇮🇹🙋
1245684849400262657,2020-04-02,14:09:46,Noi lavoratori dipendente abbiamo bisogno di un decreto serio che ci permetta prendere tutti i soldi che abbiamo nel fondo pensione senza nessuna tassazione siamo in emergenza
1245682599470587907,2020-04-02,14:00:50,Due domande: perché non approfittarne per pagare tutti i debiti della PA? Qualcuno ha pensato di controllare cosa rispondono le Banche quando un imprenditore con il Decreto Cura Italia in mano chiede un finanziamento o un rifinanziamento? (Fatti bastare 5.000€ di fido)
1245681314080178178,2020-04-02,13:55:43,Solita cosa Italiana sono uno dei 42mila venitori porta a porta con Partita Iva per una svista o per errore (voglio credere) facciamo parte di quelle persone che non prenderanno il bonus di 600 euro come mai? Non avevano detto che nessuno restera' indietro...
1245675711786074113,2020-04-02,13:33:27,Presidente nel prossimo DCPM inserisca un tetto al pagamento delle pensioni e degli emolumenti pubblici. Per qualche mese si può resistere con 2500/3000€ al mese. Il resto glieli daremo quando ci sarà la possibilità. Grazie
1245675235426349057,2020-04-02,13:31:34,Signor presidente io con una bimba di 6 mesi e da 2 mesi schiusa in casa non e il massimo specialmente una bimba abituata ad uscire ho a addormentarsi in macchina va bene non uscire e giusto ma almeno chi a figli minori una passeggiata in macchina si poteva fare .
1245672223316283392,2020-04-02,13:19:36,Grazie signor Presidente Conte.
1245668319597862912,2020-04-02,13:04:05,Vediamo se riuscite a farci fare PASQUA  SENZA UN € .ENTRO IL 15?  SPERIAMO!
1245665659247366144,2020-04-02,12:53:31,date un taglio immediatooooo a questa reclusione. immediatooooooo
1245664983351951361,2020-04-02,12:50:50,Fase 2 : Rastrellare più soldi possibile da mille proroghe e cooperazione internazionale. Aumentare tasse su fumo superalcolici e gioco. Eliminare privilegi di camere nazionali e regionali. Solo stipendio. Aumentare web tax e dazi per prodotti da delocalizzazione.
1245664256751788032,2020-04-02,12:47:56,Le sembra normale portare un bambino al supermercato in questo momento tragico? Rischierebbe di prendere il virus. Siamo seri!!!!!! Il Governatore della Sicilia continua a ribadire le ristrettezze all'interno della nostra Regione. Vogliamo e dobbiamo uscire da questo incubo
1245663450254258176,2020-04-02,12:44:44,La circolare del Viminale era molto chiara sulle passeggiate. Lei invece ha cambiato le parole modificando il senso e ha detto che un minore può andare a fare la spesa con un genitore. A fareeee la spesaaaaa????? I bambini toccano tutto.
1245660452614557696,2020-04-02,12:32:49,1. Perché dare notizie palesemente false.  Prologato sino al 13 Aprile quando a ieri abbiamo avuto ancora più di 800 morti. Non c’è verso che si possa riprendere prima di 3 mesi basti vedere la Cina.
1245659713871609863,2020-04-02,12:29:53,Embè 🤔❓ #exIT ‼️
1245659436623921152,2020-04-02,12:28:47,aiuto urgente per la Casa di Riposo Trisoglio a Trofarello. Ci sono dei morti e chi e' malato non riceve un trattamento adeguato!! Mancano personale e dispositivi di protezione per assistere gli anziani!! Chiama il comune e manda aiuti subito!!
1245659132847243267,2020-04-02,12:27:35,Non deve uscire nessuno di casa nessuna passeggiata. Meglio evitare. Si esce solo x fare la spesa è gia stiamo i pericolo così
1245657651788181505,2020-04-02,12:21:42,Noi piccole imprese siamo senza introiti liquidità da oltre un mese perché il lavoro era già crollato a metà febbraio e le banche CI SNOBBANO le richieste di qualsiasi forma di prestito se non fate qualcosa in questi giorni scoppia una bomba sociale mai vista!
1245653803250016256,2020-04-02,12:06:24,Lei e` l' unico presidente degno di stare su quella poltrona in un momento cosi` delicato. Sappiamo che un uomo solo non puo` sobbarcarsi di tutti i problemi che ci sono nel nostro paese in questo momento. Tenga duro Presidente
1245652497185640458,2020-04-02,12:01:13,La gente è strana....La si deve convincere a salvarsi la vita....Proceda come ritiene opportuno  e non ascolti i fanatici che la insultano! Grazie per tutto ciò che sta facendo per l ' Italia...
1245646385409490945,2020-04-02,11:36:55,Altri 30 anni così sarebbero la fine dell'Italia. Non ci riprenderemo più perchè saremo culturalmente morti prima ancora che economicamente diventeremo il classico paese sudamericano. La povertà porta ignoranza e l'ignoranza porta povertà è un loop da cui non usciremo più.
1245643629877551104,2020-04-02,11:25:58,Quando si dimette? Non vogliamo farci governare da una persona NON ELETTA e da una persona CHE NON SA GOVERNARE. Non vogliamo un BURATTINO DELL' UE.
1245642517933993989,2020-04-02,11:21:33,Complimenti presidente di tutto quello che fa x il paese !! Adesso l’italiani anno bisogno solo di fatti è no di chiacchiere è spero che sarà così anche dopo ! Le è italiano come me è lo sa benissimo che x 100 anni ci hanno riempiti di parole adesso basta ci siamo stufati!
1245641127551578112,2020-04-02,11:16:02,presidente non prima di maggio
1245637273594425348,2020-04-02,11:00:43,Sei stato coraggioso. Scelte difficili. Chiunque avrebbe fatto bene chiunque avrebbe anche un po' sbagliato. Salute Economia Sanità. L'apice del collasso di questi tre fattori. Tutti insieme in poco tempo. Ma tu sei il migliore. Vai bene così. Grazie
1245636743002353664,2020-04-02,10:58:37,Chiunque nel MONDO è riuscito a dare liquidi ai propri cittadini. Conte non è stato eletto dal popolo e CON DECRETI ha cancellato diritti costituzionali senza passare dal parlamento. Parla pacatamente e si comporta come un dittatore.
1245636638274752512,2020-04-02,10:58:12,Non rischiamo di annullare tutti i sacrifici fatti da tutti noi. Aspettiamo manteniamo tutte le restrizioni. Sappiamo farcene una ragione. Meglio rinunciare a qualcosa adesso che rischiare di rimetterci di più dopo.
1245636055807610880,2020-04-02,10:55:53,Buongiorno per favore non allentiamo la presa manteniamo attenzione anche dopo pasqua. Se solo allentiamo le restrizioni nel periodo pasquale può immaginare noi italiani quanti escono. Da sempre la settimana pasquale è quella dove si muove tutto il paese.
1245633964422737928,2020-04-02,10:47:34,Le faccio anche notare che la situazione nella mia provincia (Novara) sebbene in Piemonte non è affatto così drammatica come in altre. Non ha dunque molto senso stare barricati in casa in questo modo. O perlomeno si faccia stare in casa solo chi fosse malato e gli over 65
1245632278941683712,2020-04-02,10:40:52,Le dico che dal suo insediamento a Palazzo Chigi ad oggi non sta andando male....Non si dimentichi del provvedimento relativo alla riduzione delle bollette domestiche mediante sottrazione imposte
1245631869682503680,2020-04-02,10:39:15,Eliminare i video delle baggianate degli ultimi due mesi non salverà nessuno dal disastro provocato! Che tristezza questo paese in mano a degli incapaci! 🇮🇹A CASAAAA dimissioni in tempo zero unica soluzione!
1245630289264529410,2020-04-02,10:32:58,Tutti quelli che viaggiano dovrebbero avere un certificato recente che attesti la negatività al #COVID19
1245628049120309248,2020-04-02,10:24:04,Signor presidente mi è venuta un idea in primis trovare un antidoto per distruggere il virus e poi spruzzarlo in cielo con gli aerei o elicotteri se io comune mortale ci ho persato deve esistere qualcosa
1245626303560085506,2020-04-02,10:17:08,Lei ha detto che gli atleti professionisti potranno continuare ad allenarsi singolarmente in gazzetta ufficiale è scritto diverso o sbaglio? Un giocatore di tennis precedentemente autorizzato può continuare ad allenarsi?
1245622180332756992,2020-04-02,10:00:44,Passiamo ai fatti...portaci fuori...da questa fogna d'Europa...Non vogliamo restare in mano dei strozzini...
1245620387498483713,2020-04-02,09:53:37,Grazie presidente! Sono orgoglioso di lei perchè si sta dimostrando una persona seria e capace che mette la salute di noi cittadini come priorità a questa emergenza. Sono felice che sia lei a guidarci in questo momento. GRAZIE PRESIDENTE!
1245620274461958144,2020-04-02,09:53:10,Gentilissimo Presidente considerando la moltitudine dei lavoratori precari saltuari con ritenuta d' acconto ecc. e che stanno vivendo anche loro come tutti questo periodo nefasto trovo non appropriato ridurre il reddito di emergenza che avevate stabilito in precedenza... !?
1245619191186481152,2020-04-02,09:48:52,Signor conte mi spiega come mai nn cacciate alcuni manager che stanno facendo fallire le nostre società? Guardate fincantieri e nn mi sembra che bono abbia amministrato aziende in utile ma solo perdite. Sveglia @Mov5Stelle @SPatuanelli @GiuseppeConteIT @luigidimaio
1245616593075240960,2020-04-02,09:38:32,#iostoConTe Presidente. Grazie per tutto ciò che sta facendo.
1245615975782744065,2020-04-02,09:36:05,Fiero di essere rappresentato da Lei Presidente. Grazie.
1245611873346547713,2020-04-02,09:19:47,RAGAZZI QUESTO È UN GRANDE UOMO E PER ME È IL MIO PRESIDENTE NON SOLO DEL CONSIGLIO MA PUÒ FARE IL PRESIDENTE DELLA REPUBBLICA 👏👏👏👏👏👏👏👏👏 🇮🇹🇮🇹🇮🇹🇮🇹🇮🇹🇮🇹🇮🇹🇮🇹
1245610880768733184,2020-04-02,09:15:50,Da quanti anni il Paese non aveva un Presidente del Consiglio di tale spessore politico e umano. L'emozione finale del Premier Conte sul canale 9 parlando dei deceduti è l'emozione di tutti Noi Italiani . Nessuno è perfetto ma gli è toccato un compito difficilissimo💖💖💖💖💖💝💝
1245610713080459265,2020-04-02,09:15:10,Non può esistere periodo di convivenza con questo virus non si possono usare mezze misure non si facciano altri tragici errori. È necessario aspettare contagi zero. Impariamo dall'esperienza cinese. Vorrei ricordare che tutto è partito da 1 o 2 persone infette.
1245604398820028424,2020-04-02,08:50:05,Le parole più capite e ripetute tsnunami
1245600296312528899,2020-04-02,08:33:47,Se passa il MES anche senza condizioni non accetterò supiinamente la svendita dell'Italia. Non starò più chiuso in casa scenderò sicuramente in piazza.
1245599963196747778,2020-04-02,08:32:28,MANDATE I SOLDI NEI CONTI CORRENTI DEI CITTADINI!
1245596924142473218,2020-04-02,08:20:23,Ma sul tema migranti? Qui continuano a sbarcare. Probabilmente questa volta ci sarà una rivolta popolare.
1245593053378666496,2020-04-02,08:05:00,LE IMPRESE LE IMPRESE LE IMPRESE LE IMPRESE ........NOI PICCOLI STIAMO IMPLODENDO  MA GLIENE FREGA QUALCOSA OPPURE NO ???? SIAMO AL TRACOLLO ...!!!!!!!!! MA  A VOI CHE VE NE FREGA  I SOLDI LI PRENDETE LO STESSO! SOLO UNA COSA ANCORA NON VI È CHIARA VOI SIETE NOSTRI DIPENDENTI !
1245591882320633858,2020-04-02,08:00:21,Sintesi della conferenza: dove hai fatto Pasqua fatti pure Pasquetta!!! #StateACasa #COVID19italia #Conte
1245588696780300291,2020-04-02,07:47:41,Non ti sopporto più. Appaiono tratti di Megalomania.
1245588231598403585,2020-04-02,07:45:50,ha il naso sempre piu rosso. cosa succede?
1245588064375693313,2020-04-02,07:45:11,Il più grande incompetente che abbia mai rivestito questo ruolo. Ad oggi l'Italia è in ginocchio ma lui continua a percepire somme vergognose. Il suo amico Zingaretti si aumenta lo stipendio e così al suo staff e continuano a riscuotere senza fornire i servizi essenziali.
1245586785503076353,2020-04-02,07:40:06,Molto chiaro grazie presidente.
1245580236365811715,2020-04-02,07:14:04,Peppi' non fare scherzi. La Germania non la vogliamo. O esci o siamo morti che camminano.
1245577996724891649,2020-04-02,07:05:10,MA ALMENO UNA BUONA NOTTE A TUTTI
1245544428267339776,2020-04-02,04:51:47,Conti: La proposta di dividendi del governatore è stata approvata per alzata di mano dall'assemblea a palazzo Koch. Esponenti con delega insieme a Visco e Oliveti condividono a sostegno delle autorità nazionali e locali.
1245517476626157568,2020-04-02,03:04:41,Gentilissimo Presidente vorrei che i funerali e le cremazioni dei morti per covid19  fossero a totale carico dei Comuni delle vittime! Sarebbe terribile per i familiari vedersi arrivare il conto...! Spero si voglia valutare questa ipotesi. Grazie infinite per tutto!
1245506680185671685,2020-04-02,02:21:47,NON SI RISOLVE UN CAZZO A STARE A REGIME DITTATURA...LO CAPITE O NO......NON FINIRÀ COSI PER MAGIA QUESTA COSA....È INUTILE...DOVREMMO STARE BLINDATI UN PAIO DI ANNI PER VEDERE LA FONE..volete farlo? ....IO NO...mi dispiace ma la mia psiche non reggie
1245495370353971201,2020-04-02,01:36:51,La prego Presidente non molli la data del 13 Aprile per allentare le misure di sicurezza è troppo vicina meglio qualche mese in più che ritrovarsi dopo ancora nei guai. Grazie.
1245491724044120064,2020-04-02,01:22:21,Presidente tenga duro. Vada avanti e non ceda e nessun ricatto politico. Dobbiamo resistere tutti!
1245486466890731520,2020-04-02,01:01:28,Bisogna uscire subito prima di domani dalla comunità europea #exitusitalia
1245485904245948416,2020-04-02,00:59:14,E niente i politici italiani deputati senatori ed ex senatori stanno lavorando talmente tanto per questa emergenza che non vogliono rinunciare ne tantomeno ridursi gli stipendi vitalizi e benefit. Riflettiamoci su.
1245483473751748609,2020-04-02,00:49:34,.... poi davvero secondo voi uno porta il proprio bambino a passeggiare al supermkt o in farmacia? .... vediamo di usare più razionalità e meno panico. #riapriamotutto #siamorespomsabili
1245482926373994496,2020-04-02,00:47:24,Ma i bambini allora possono accompagnare mamma a comprare broccoli e patate al supermercato? Anche loro con mascherina e guantini? Invece a spasso per prendere aria e sfogarsi un po' no? 🤡 #CONTEDIMETTITI
1245480746262945793,2020-04-02,00:38:44,Sei una piaga.. Un flagello.. Dopo Monti e Renzi credevo che avessimo giá ingoiata tutta la merda possibile.....mancavi tu! #mavaffanculo ASSASSINO!
1245475450413080577,2020-04-02,00:17:41,Va bene contemperare diversi principi  e l importanza della salute ... cerchiamo di considerare che se il.Paese si impoverisce ancora o facesse default le  conseguenze sulla salute potrebbero essere ancor  più gravi e durature #riapriamotutto #siamoresponsabili
1245472382409719813,2020-04-02,00:05:30,ciò che hanno detto gli analisti di commerzbank 18 % proprietà dello stato tedesco a  proposito dei nostri Bpt sono da considerare una sorta di dichiarazione di guerra   una minaccia inacettabile a tuttta l'economia italiana.
1245471157924630528,2020-04-02,00:00:38,Prossima volta leggi la circolare del @Viminale prima di andare in diretta Facebook. Eviteresti di fare l’ennesima figura di merda
1245470965129191429,2020-04-01,23:59:52,Italiani...questi incapaci si sono macchiati di strage l’unica protezione che ci danno è seppellirci in casa come topi e per di più senza soldi (quelli ci sono solo per tunisini neri clandestini preti e statali in sovrannumero).Ribelliamoci!!!
1245469602626392068,2020-04-01,23:54:27,Ma perché invece di fare conferenze inutili non ne fa una in qui dice che sapeva benissimo da dicembre/gennaio che c'era questa situazione perché ha aspettato così tanto tempo per chiudere le fabbriche perché non lo dite chiaramente al popolo come sono andate le cose
1245467790326345730,2020-04-01,23:47:15,Il MES è irriformabile e lei lo sa. Non ci interessa dimostrare che la UE c'è ci interessa uscire e quel che fanno in UE non sono affari nostri.
1245467557588393984,2020-04-01,23:46:20,Anche oggi molti morti possibile che non si riesca a fermare questa piaga investite nella sanità date le protezioni al personale medico. Vi supplico basta morti @Roberto_Fico @robersperanza @matteosalvinimi @GiorgiaMeloni @luigidimaio @pierluigi @nzingaretti @berlusconi
1245466539891011585,2020-04-01,23:42:17,Egr. premier non si capisce e non si può’giustificare questa assurda e ridicola burocrazia per accedere al misero bonus dal momento che lo stato conosce TUTTO di noi  e potrebbe accreditate direttamente ai cittadini l’importo. Facesse come quando furono prelevati i ns soldi dai
1245466314430390276,2020-04-01,23:41:23,Grazie Presidente!!!👏👏👏🇮🇹
1245465854369837057,2020-04-01,23:39:33,Non faccia uscire i bambini prima del tempo. Siamo con lei.
1245465115283140613,2020-04-01,23:36:37,grazie Presidente!!!
1245465062497751043,2020-04-01,23:36:25,Lei è il presidente di cui questo paese aveva bisogno da 50 anni. grazie
1245464397843177472,2020-04-01,23:33:46,Ehi imprenditori!! 600€ sono pochi?? Sono poco meno di quello che voi date ai vostri dipendenti! Ahh so pochi? Peccato che sia per un solo mese! Quando si ripartirà guardate e trattate i vostri dipendenti in modo dignitoso! #INPS #partiteIVA #600euro #InpsInAscolto
1245464288979857408,2020-04-01,23:33:20,L' esercito a volte non basta
1245463824100208642,2020-04-01,23:31:29,Lascia perdere il MES se grecizzano l’Italia sarai ricordato come il più grande traditore della nostra storia. PREPARA IL TERRENO PER L’USCITA. #ITALEXIT
1245463590058024960,2020-04-01,23:30:34,Solo fino al 13. Tanto dopo toccherà prorogare ancora. Cina docet. Tanto valeva farlo subito. #Conte
1245461753993015305,2020-04-01,23:23:16,la sindrome di Stoccolma è una brutta bestia italioti
1245461356494622721,2020-04-01,23:21:41,gli analfabeti funzionali che venerano il loro capo non capendo cosa dica e lui stesso non capendo cosa comunichi
1245460654233960449,2020-04-01,23:18:54,Quante spese al giorno? Quanti contatti con altri bambini? Quanti contagi portati in famiglia? Quanti I lievi e quanti I gravi? Ma perché. Bambini viziati di una Italia viziata e analfabeta funzionale e non Perché l'ha detto perché?
1245460326780452865,2020-04-01,23:17:36,Guardi che Lei deve uniformarsi al metro comunicazionale del Suo portavoce: non si dice “Palazzo Chigi” ma “Chigi”. Anzi “Chiggi”.
1245459679289004033,2020-04-01,23:15:01,Si deve trovare un vaccino sennò è la fine magari la diaminocillina insieme a qualche antibiotico booohh
1245458433744265221,2020-04-01,23:10:04,Presidente dobbiamo bloccare il pagamento degli affitti chi non sta guadagnando rischia la casa o la sede operativa!! Come si potranno pagare gli arretrati che si accumulano? I proprietari se ne fregano del corona vogliono i soldi!!!!
1245458365419044865,2020-04-01,23:09:48,Egr. Premier e Avvocato degli italiani chiarisca le affermazioni di Arcuri suo tecnico di fiducia  riguardo alla tempistica dei respiratori. Cio’ che stasera abbiamo sentito e’ inquietante. Ci aspettiamo che prenda immediati e seri provvedimenti dandoci risposte chiare e serie
1245457801859731456,2020-04-01,23:07:34,Grazie per come sta gestendo la situazione. Grazie perché ci rende partecipi io non mi sento sola e mi fido delle sue decisioni. Sono fiera del mio Presidente.
1245457725296959493,2020-04-01,23:07:15,Un mese che dite sempre le stesse cose ci siamo annoiatiabbiamo capito che l'europa ci vuole tutti in galera a noi italiani il problema serio che se ci provate ancora per qualche giorno ci incazziamo.
1245457634859286528,2020-04-01,23:06:54,Signor Conte  tutti voi politici lei in primis  avete la responsabilità del futuro dell’Italia  la Germania vuole l’Italia in ginocchio è necessario prendere forti decisioni De Gasperi riuscì nel suo intento spero lei sia all’altezza. Con osservanza
1245456665706745856,2020-04-01,23:03:03,Caro Giuseppi domeni le scrivo.. Forse non mi risponderà mai ma almeno spera che legga la mia lettera... Buona continuazione
1245456472101785600,2020-04-01,23:02:17,#NoMES mai in nessun caso e in nessuna forma e neppure cambiando sigletta.
1245455425186729985,2020-04-01,22:58:07,Grazie Presidente con Lei al timone mi sento sicura. Tanti la criticano ma nessuno pensa al fardello che portano le sue spalle.. Alle decisioni difficili da prendere.. La vedo stanco... Prego per Lei Presidente ché veramente un grande uomo.. Grazie
1245454309829021697,2020-04-01,22:53:41,Presidente ma cosa ce ne facciamo di un'Unione dove bisogna fare le trattative per ricevere solidarietà concreta per il nostro futuro e dove un altro paese anche se in minoranza si arroga il diritto di decidere cosa sì e cosa no. Unione o #AnnessioneEuropea?
1245454033311207427,2020-04-01,22:52:35,Il MES sensa condizionalità o MES leggero non esiste se   accetterai il MES avrai tradito gli italiani. #StopMES #StopMES #StopMES #StopMES  E' quella di un traditore la faccia che vuoi  vedere quando ti guarderai allo specchio? E' agli italiani che devi rispondere non ad altri
1245452708263481345,2020-04-01,22:47:19,Stasera al momento di portare giù la pattumiera ha voluto andare mia figlia pur di uscire. Se la situazione non fosse così drammatica ci sarebbe quasi da ridere... Grazie per aver costretto mia madre a stare in casa: quando glielo dicevo io non capiva la serietà del pericolo
1245449962802077698,2020-04-01,22:36:25,Non mi rappresenti 🇮🇹🙋
1245449588133240835,2020-04-01,22:34:55,SEI UN CRIMINALE.... DI METTITI IMMEDIATAMENTE.... NESSUNO TI HA ELETTO E NON STAI FACENDO NIENTE DI NIENTE....
1245449365323501577,2020-04-01,22:34:02,visto con scanzi risposta sbagliata alla infermiera non ha rassicurato sembrava che dicesse che a fine emergenza “chi ha avuto ha avuto chi ha dato ha dato”
1245449113484713984,2020-04-01,22:33:02,Sta facendo un buon lavoro presidente grazie @GiuseppeConteIT l'opposizione é poco seria ed in continua campagna elettorale la maggioramza é in enormi difficoltà vedi @AlfonsoBonafede. lei é l unico "inesperto" capace di questa classe dirigenziale.
1245448316357394432,2020-04-01,22:29:52,NO MES!!!!!!!!! In nessun modo!!!! Bastaaaaa
1245447979403796480,2020-04-01,22:28:32,Consigli dallo Yemen Per l'Italia riguardo al # Corona Virus. Se hai torri 5G e dispositivi di comunicazione devi fermarti fino ad ora "perché lo è Cerca quello
1245447747492294658,2020-04-01,22:27:36,ma forse non ci siamo capiti: DOVETE EMETTERE TITOLI DI STATO E FARLI COMPRARE ALLA BCE. è l'unica soluzione vera immadiata indolore e non provoca dipendenza da MES. non voglio più sentir parlare di MES MESettini o MESettoni di sorta. cosa non si capisce? COSA?
1245447708397240323,2020-04-01,22:27:27,Legga tutte le risposte Twitter non perdiamo tempo a fare copia e incolla. Se non cambia rotta e lei non cambierà rotta raccoglierà il successo del suo fallimento insieme al fallimento dell'intero paese.
1245447468881412096,2020-04-01,22:26:30,Grazie del coraggio e dell'umanità dei toni pacati e del lavoro costante. Siamo stati fortunati ad avere lei come Premier in questo momento
1245446391402508288,2020-04-01,22:22:13,Grazie Presidente.
1245445641230303235,2020-04-01,22:19:14,Presidente  è un grande uomo .Grazie x quello che sta facendo x noi italiani.
1245445331493453827,2020-04-01,22:18:00,mai avrei pensato di poterle dire che ammiro il suo coraggio e la sua tranquillità mai. Le faccio i miei complimenti
1245444843012268035,2020-04-01,22:16:04,Vuoi fare il Presidente degli italiani allora fai come l'Inghilterra tira fuori le palle usciamo dalla UE stampiamo i nostri soldi e andiamo avanti con la nostra economia Non sò a quale poltrona ambisci se a quella del presidente italiano o a poltronari della UE
1245444629652279297,2020-04-01,22:15:13,Presidente e stato tanto bello vederla emozionato ad accordi e disaccordi  Ha tutta la mia stima
1245443232814825474,2020-04-01,22:09:40,Grazie a Dio che ci ha donato un Premier come te ❤️
1245442885610287106,2020-04-01,22:08:17,Non vogliamo il MES in nessuna forma!!!
1245442785282531330,2020-04-01,22:07:53,NO MES Sotto qualsiasi forma SI a Cassa Depositi e Prestiti come Banca FKV BCE faccia come le altre banche centrali Combattiamo ad armi pari
1245442340828917764,2020-04-01,22:06:07,Pezzente prezzolato e SERVO ue fai schifo.
1245442303659040773,2020-04-01,22:05:59,Mi spiega perché nei supermercati hanno vietato la vendita di calze e cartoleria. Dice che non sono beni di prima necessità. Ma mi dice lei se finiscono quaderni matite o quant'altro serve ai nostri figli per continuare a studiare io dove li compro? Su eBay? E i collant?
1245442214857236482,2020-04-01,22:05:37,Vergogna!#Conte Non siete capaci nemmeno di proteggere i medici e gli operatori sanitari che stanno pagando con la pelle il loro impegno per salvare migliaia di vite a mani nude nemmeno delle ca@@o di mascherine per la popolazione siamo soli a doverci difendere #IoNonDimentico
1245442063979683840,2020-04-01,22:05:01,Noi rispettiamo le regole però aiutateci il supermercato ha chiuso le corsie no food ma se mi serve una lampadina? Uno spremiagrumi? Una mastella aiutateci ad avere una vita normale
1245441671858475022,2020-04-01,22:03:28,Bravo presidente trasmette sicurezza e tranquillità. Grazie ❤️
1245441649066606592,2020-04-01,22:03:22,Ok pres #Conte scendo a pisciare i figli al supermercato con le scarpette da ginnastica e il modulo per l'autocertificazione camouflage ci rivediamo domani per un altro avvincente #DPCM #Lockdown #coronavirus #quarantena
1245441647334359041,2020-04-01,22:03:22,no ma famme capì avvocà giustamente vietiamo spostamenti non essenziali sport passeggiate dei bambini ma sti disadattati del #gfvip e del mentecatto che conduce? è davvero essenziale far spostare tutti quelli che permettono a #mediaset di mandà in onda sta gentaglia?
1245441533949739008,2020-04-01,22:02:55,#StopMES solo BCE che ha dato l'ok. Basta tradire l'Italia. Basta fare lo scendiletto della Merkel
1245440952942166018,2020-04-01,22:00:37,Grazie Presidente
1245440937406406657,2020-04-01,22:00:33,Il diritto al sole e alla primavera l'ha proposto l'opposizione???????
1245439639307026439,2020-04-01,21:55:23,NO MES! #StopMes #ItalExit non ci freghi! LEVATI DAI COGLIONI!
1245439485225156608,2020-04-01,21:54:47,Pres... ha creato ancora confusione indicando che si può fare la passeggiata coi bimbi ma vale comunque l'indicazione della regione... l'italiano medio non sa che fare... ci sono troppe fonti discordanti. Dovere essere più chiari
1245438834931838977,2020-04-01,21:52:12,Finalmente qualcuno che lavora per il bene dell’Italia. Grazie
1245438537421504513,2020-04-01,21:51:01,Fornisca mascherine giornaliere per i bambini che vanno a fare la spesa!
1245438497479176192,2020-04-01,21:50:51,Caro presidente pur trovandomi in Campania credo che le misure di contenimento debbano essere ancora più stringenti esorto lei e i ministri tutti a non fidarsi della capacità di limitarsi degli italiani il rischio del contagio di ritorno è reale. È il momento dei militari
1245438281447333888,2020-04-01,21:50:00,Presidente se un dipendente di un azienda fa una cazzata viene sospeso o licenziato. Ebbene il responsabile del @Viminale che ha firmato la circolare di ieri che mette a rischio la vita di molti bambini dovrebbe essere rimosso dall'incarico e mandato a pelar patate.
1245438275663417355,2020-04-01,21:49:58,Sei un uomo dai grandi attributi presidente! Avanti cosi!
1245437719075082240,2020-04-01,21:47:45,Si sta dimostrando un vero Politico.  Pensare che abbiamo corso il rischio di avere un governo con @matteosalvinimi & C ("politici" del calibro di @borghi_claudio @AlbertoBagnai).  Lui sarebbe in giro a mangiare e i suoi sputerebbero improperi verso tutti.
1245436476936028160,2020-04-01,21:42:49,Questa carogna non demorde insiste ancora sul MES. Criminale traditore.
1245435703913263104,2020-04-01,21:39:45,E ora giù  la burocrazia
1245435517149351937,2020-04-01,21:39:01,Grazie Presidente
1245435409494048769,2020-04-01,21:38:35,Grazie Presidente fiera di essere rappresentata da Lei. Buon lavoro💙
1245435389030076417,2020-04-01,21:38:30,Ma vattene aff.....
1245435331635302401,2020-04-01,21:38:16,Lei ha appena condannato alla povertà migliaia di persone molti dei nostri dipendenti dovremo licenziarli e non troveranno più lavoro. Lo  stato se ne farà carico fino alla pensione sociale e tutto perché Lei non è capace di prendere una decisione veramente coraggiosa. Bravo!!!
1245435051510202376,2020-04-01,21:37:10,Mi permetta di dirLe che ha detto una ennesima stupidaggine. Chi genitore potrebbe I propri figli a fare la spesa ad esempio in un supermercato? È una follia avrebbe fatto meglio a lasciare le cose così come erano.
1245434920064999430,2020-04-01,21:36:38,Il piano è chiaro e la strategia pure: ogni 15 gg ci direte che abbiamo bisogno di altri 15 gg.
1245434916680105986,2020-04-01,21:36:37,Ok avete già deciso di venderci alla Germania..
1245433863180111873,2020-04-01,21:32:26,Ma di soldi non ne parlare!!! Dopo il 14 ci saranno più morti di fame che di coronavirus!!! 1000 euro a famiglia e blocco totale di mutui bollette ecc. E chiusure delle aziende inutili!! Qui sono aperte aziende che fanno bulloni!!!!
1245433741025181696,2020-04-01,21:31:57,Sei incapace a tutto hai portato un paese a morire.
1245433223661961222,2020-04-01,21:29:54,Invito ad uscire tutti i giorni a fare la spesa con bambini?? Ma cosa ha detto!!
1245433011526684674,2020-04-01,21:29:03,😂😂😂... Lei è il Nulla impastato col Niente... Pericciu...
1245432996695543810,2020-04-01,21:29:00,molto giusto informarci delle motivazioni che portano ai dpcm ai contatti con l'UE ed alle problematiche che si stanno affrontando per la carenza di mascherine tamponi....  Le chiederei di continuare  perchè non possiamo ascoltare solo polemiche in tv e sui giornali
1245432708916039682,2020-04-01,21:27:51,Le domande poste dai giornalisti anche se scomode e pressanti le ho trovate di grande interesse per il popolo Italiano. E sopratutto non era concordate.
1245432538472034308,2020-04-01,21:27:10,Oh Giusè sei responsabile sei posatocalmopacato insomma un vero leader.. ma non credi che sia tempo di dare anche risposte concrete ai problemi sociali che stanno per accadere? urgono in fretta misure per lavoratori a chiamata (me) e lavoro nero (purtroppo).
1245432515327938560,2020-04-01,21:27:05,Ovviamente gli aspetti economici sono importanti e si auspica che il Governo intervenga nei dovuti modi. Comunque bravo presidente per le risposte date  in particolar modo a chi chiedeva sull'interazione fra politica e mondo scientifico/sanitario. 🖖
1245432401519685632,2020-04-01,21:26:38,Nei supermercati una persona per nucleo familiare e nessun bambino. La spesa si fa una volta alla settimana giusto? Niente bambini o ragazzi
1245431497663885324,2020-04-01,21:23:02,L'UE (il problema) NON è l'Europa (no prob). Tu vuoi salvare l'UE e te stesso non l'Europa.  L'unico aiuto concreto (liquidità garantita da BCE) non lo dai. Come mai? Giochi con la vita di 60mil di persone. Sei pericoloso. Parli tanto solo per prendere tempo.  Il re è nudo!
1245430895638728704,2020-04-01,21:20:39,Ennesima diretta per non dire niente anzi una cosa l'hai detta e che il MES sarà attuato inutile che ci dici che sono diverse le condizioni ormai non ci crediamo. I cittadini italiani vogliono sentire: abbiamo deciso di liquidare il MES non dobbiamo cambiare il MES.
1245430297681899520,2020-04-01,21:18:16,È inutile che ci racconti balle il MES non lo vogliamo!  #NoMES
1245430053464350720,2020-04-01,21:17:18,Abissale la differenza culturale di Gallera e quella dei vostri ministri caro GC illegittimamente al potere Ancora non capite che non siete in grado di governare? Ancora il @Quirinale fa orecchie da mercante? Attenzione perché il popolo del nord è stanco e pretende autonomiaBasta
1245429755630977024,2020-04-01,21:16:07,SI DIMETTA
1245429451829149697,2020-04-01,21:14:54,E Chigi ne importa!
1245428881559093250,2020-04-01,21:12:38,600€ ? Cosa ci faccio con 600€? Riduciti tu lo stipendio a 600€ Luceacqua metanomancato incasso E dobbiamo anche mangiare Siamo alla canna del gasnon meravigliatevi poi se il popolo sbrocca Non sei il mio presidente Non eletto
1245428479975403530,2020-04-01,21:11:03,..le mascherine grazie a Berlusconi ad oggi i sanitari erano ancora in attesa delle DPI. Ma si rende conto delle figure di m.... che fa. Lei nn ha nessun senso di orgoglio
1245428024885104641,2020-04-01,21:09:14,Ti stimo Presidente !
1245427886263238658,2020-04-01,21:08:41,Un Presidente che mette la salute del suo popolo davanti a tutto è un grande Presidente. Grazie.
1245427789450412032,2020-04-01,21:08:18,Grazie Presidente
1245427623167229961,2020-04-01,21:07:38,Devo dire un discorso mlt convincente e rassicurante faremo diremo è stato chiesto arriveranno ecc. Mi chiedo dal fine febbraio ad oggi cosa è cambiato? Allora faremodireml è stato chiesto arriveranno. Cioè dopo un mese è mezzo nn è cambiato nulla. Se nn fossero arrivate..
1245427111436914690,2020-04-01,21:05:36,Presidente.. non dia soldi ai sindaci..di certo non arriveranno a chi ne ha veramente bisogno!!!!
1245427061415645184,2020-04-01,21:05:25,Ringrazio Iddio che in un momento come questo ci sia lei . Una delle pochissime volte in cui mi sento rappresentata dal Presidente  del Consiglio.
1245427055711436808,2020-04-01,21:05:23,Sei un IGNAVO VERRAI RICORDATO PER QS !#dateciunasperanza # unfuturoperinostrifigli #grazieperaverdistruttoleconomia
1245426451832360961,2020-04-01,21:02:59,Natale con i tuoi Pasqua Con-te
1245426350292426752,2020-04-01,21:02:35,Conte non è il nome "mes" il problema ma quello che rappresenta. Puoi chiamarlo anche PEPPINO ma se si tratta di un DEBITO è comunque INADEGUATO.  C'è bisogno di liquidità garantita dalla BCE. Fine.  Non te la cavi con i giochi di parole!  #STOPMES #NoMes #CONTEDIMETTITI
1245426103268900865,2020-04-01,21:01:36,Forza art. 4
1245426053855817728,2020-04-01,21:01:24,Facci andare dalle persone a noi careeeeee... dacci sta possibilità... tanto a te che cazzo te ne fotte no??
1245425944548052996,2020-04-01,21:00:58,noi siano responsabili.  anche voi: di ben 13000 morti
1245425826281263106,2020-04-01,21:00:30,Ma si rende conto di quello che ha detto oggi? i bambini non possono uscire in strade isolate per una passeggiata ma possono andare al supermercato!!! Cercate di usare il buonsenso.  io mio figlio so dove lo devo portare e non portare. Sicuro non lo porto al supermercato
1245425751391952897,2020-04-01,21:00:12,Ampio pacchetto di ventagli ??? Il MES ancora ? Basta !!!!!
1245425365729804293,2020-04-01,20:58:40,Ma precisamente chi non è d’accordo su ciò che ha detto stasera si aspettava concretamente di passare la pasquetta con diecimila persone diverse? Mah
1245425295773097984,2020-04-01,20:58:24,Grazie
1245425214453841921,2020-04-01,20:58:04,Intervento per evitare danni alla #pandemia in ritardo misure economiche in ritardo sito #INPSdown e #lavoratori #autonomi sbeffeggiati e letteralmente presi in giro per l'elemosina dei #600euro ...che dire ho avuto la conferma di far parte di un Paese di #QuartoMondo
1245425171273580551,2020-04-01,20:57:54,indegno
1245425042466504705,2020-04-01,20:57:23,Forza Presidente! Siamo con lei. E non molli nelle negoziazioni con la UE. O si torna alla mai avvenuta UE del Manifesto di Ventotene o sarà impossibile controllare il malcontento...ed i sovranisti ne approfitterebbero con la loro meschinità.🇮🇹🇪🇺
1245424848865763328,2020-04-01,20:56:37,Tranquillo @GiuseppeConteIT fino al giorno che ripartirà il campionato di calcio qualsiasi cosa tu faccia sarà sbagliata. Fino a quel giorno ci saranno 25/30 milioni di presidenti del consiglio. Poi al fischio di inizio del campionato torneranno tutti allenatori. Continua così
1245424535693860864,2020-04-01,20:55:22,Questo schifoso quindi ha detto che vuole il MES. Infame traditore.
1245424375840608257,2020-04-01,20:54:44,Ma vai in mona
1245424325055873025,2020-04-01,20:54:32,Ci si aspetta da gente seria che qualcuno paghi per i problemi creati dal sito INPS. Risponderanno anche nelle opportune sedi delle varie violazioni della privacy. Questo fa la gente seria. Di pagliacci incapaci ne abbiamo le tasche piene
1245423818220412935,2020-04-01,20:52:31,Lo spettacolo al circo.. Si comincia con i pagliacci
1245423800692416513,2020-04-01,20:52:27,L'unica cosa da fare con il MES è liquidarlo e ci ridiano i 14 miliardi che abbiamo versato. Non esiste "un altro MES" buonoil MES prevede condizionalità=troika un suicidio per l'Italia. Se non è capace di difenderci e dire chiaramente #STOPMES #NoMES alla Merkel si dimetta.
1245423629288030211,2020-04-01,20:51:46,Giuseppi li sta facendo impazzire tutti con la sua calma delicatezza è intelligenza .. I BelPietro i Salusti  i Renzi è poi. Lui lui lui Don Salvini  è Donna Giorgia... quando parla Guseppi che piacere ragazzi!!!!!!!
1245423598807941122,2020-04-01,20:51:39,Non mi interessa più argomentare  #CONTEDIMETTITI #CONTEDIMETTITI #CONTEDIMETTITI #CONTEDIMETTITI #CONTEDIMETTITI #CONTEDIMETTITI #CONTEDIMETTITI #CONTEDIMETTITI #CONTEDIMETTITI #CONTEDIMETTITI #CONTEDIMETTITI #CONTEDIMETTITI #CONTEDIMETTITI #CONTEDIMETTITI #CONTEDIMETTITI
1245423574690693121,2020-04-01,20:51:33,lo so lo so che bisogna andare oltre... lei non lo dice ma io si  andremo dopo il 1 maggio purtroppo non siamo una nazione attendibile e se ti danno un dito noi ci prendiamo il braccio... per il bene di tutti è giusto
1245423515010023436,2020-04-01,20:51:19,Invece di ringraziare delinea con chiarezza il piano d'azione.....se mai ne avete uno. Semplifica e sintetizza perché molti non ti riescono a star dietro.
1245423460047781889,2020-04-01,20:51:06,13000 morti per la sua grave incompetenza e per quella del suo governo. Alla fine bisognerà fare chiarezza e chi ha sbagliato dovrà pagare #GovernodellaVergogna #StopMes
1245423432751292422,2020-04-01,20:50:59,I cittadini restano in attesa di una svolta che da lei è Gualtieri non arriverà mai. Un consiglio: a casa... andateci Voi
1245423356280590336,2020-04-01,20:50:41,Grazie Presidente la Storia le riconoscerà i meriti che molti oggi non le ricoscono.
1245423195315896324,2020-04-01,20:50:03,Grazie Conte
1245423111006289921,2020-04-01,20:49:43,Ma bravo de che!?!? Manda I soldi a casa delle famiglie non le chiacchiere!!
1245423003107831814,2020-04-01,20:49:17,Sono contenta che abbia preso la decisione di non rallentare  la guardia ma stiamo  scherzando dopo tutti i sacrifici che abbiamo  fatto  e da pazzi. Grazie
1245422902725541889,2020-04-01,20:48:53,Presidente al di là del credo politico semplicemente per darle la mia solidarietà come cittadino cinese diventato italiano. Apprezzo gli sforzi e l’impegno che la vedono giornalmente attivo x gli italiani tutti !
1245422679399763969,2020-04-01,20:48:00,Quindi fino al 13 aprile si sta a casa e ci sta..poi si apre per i lavoratori? Si può uscire di casa dal proprio comune provincia o regione anche per altri motivi? O si aspetta il prossimo decreto? Ho la residenza in Piemonte lavoro in valle d'Aosta..son bloccata per quanto?
1245422177740115969,2020-04-01,20:46:00,"non mi riprononete questo Mes."  che vuol dire? che un altro mes.modificato va bene?  #nomes! ma come ti va detto??  domanda: perché non state emettendo titoli visto che la BCE li compra????
1245422068017004544,2020-04-01,20:45:34,Grazie Presidente. Credo che Lei sia una bella persona e stia facendo tutto quello che può.
1245421920788647936,2020-04-01,20:44:59,Grazie mille presidente 🔝😎
1245421779478339584,2020-04-01,20:44:25,"Pasqua con chi vuoi" dicevano
1245421766526328832,2020-04-01,20:44:22,Attendevo da anni una persona seria capace e responsabile alla guida del governo. Qualche speranza finalmente ce l’abbiamo. Grazie davvero Presidente 👏👏👏
1245421617808842752,2020-04-01,20:43:47,Lei ci ringrazia sempre e questo mi fa piacere ma ad oggi NON ABBIAMO RICEVUTO UN EURO e la vita in quarantena senza certezze per il futuro senza soldi e con gli adolescenti che impazziscono e muoiono dentro senza socialità non mi consola un grazie e arrivederci al 14 aprile
1245421583293911043,2020-04-01,20:43:38,Ottimo lavoro....💪🏻
1245421389793894401,2020-04-01,20:42:52,I soliti giornalisti azzerbinati e stasera è anche in un’altra trasmissione ... un vero pavone
1245421333363777537,2020-04-01,20:42:39,LA FILIERA DELLA RACCOLTA DEI PRODOTTI AGRICOLI È FERMA SBLOCCARLA SUBITO.
1245421312081887235,2020-04-01,20:42:34,Sono furibonda! Bambini che correranno fra gli scaffali! Smentisca subito.
1245421245543460867,2020-04-01,20:42:18,Grazie Presidente. Sempre chiaro preciso puntuale nelle risposte. 👏👏👏
1245421138102140930,2020-04-01,20:41:52,Presidente e se facesse gli annunci da casa (darebbe un bell'esempio). Detto questo: chapeau
1245421067436544000,2020-04-01,20:41:35,Finalmente abbiamo un premier all'altezza. L'Italia perbene ha atteso l'arrivo di Conte! Le persone oneste La supportano. Grazie
1245421058137751553,2020-04-01,20:41:33,In diretta x dire quello che già sappiamo.. Un mese e mezzo nn ai fatto un cazzo. Solo dire stare a casa. Chi cazzu fai conti. Ancora a Catania siamo privi d mascherine presidente del cazzo. Nn sei capace nemmeno a fare arrivare maschere in tutto il mondo coglione
1245421039473037315,2020-04-01,20:41:29,Un genitore con figlio piccolo al supermercato??!! Ma scherza! I bambini toccano tutto a far la spesa sola una persona adulta per nucleo! Ho 8 cedimenti vertebrali e mi metto in fila una volta la settimana per spesa anche per i miei anziani che non camminano da settimane.
1245420924108709888,2020-04-01,20:41:01,Quante parole inutili...sembra un naufrago su una scialuppa in alto mare di notte alla deriva...ma ottimista !! E noi a guardare interessati...cambiate canale e cominciamo a dire BASTA! A questo governo di incapaci!!!
1245420914239471627,2020-04-01,20:40:59,Bene Presidente e grazie! Continui a difendere e a lottare per il nostro Paese e la diginità che merita a livello Europeo...l'Italia non è l'ultima ruota del carro.
1245420906840817671,2020-04-01,20:40:57,Non ce la facciamo più a stare a casa non siamo messi tutti male come la Lombardia ci sono posti come Ferrara e Rovigo che i contagi sono pochissimi non ce la facciamo più. Se andiamo oltre il 14 collassiamo mentalmente ed economicamente
1245420854621745152,2020-04-01,20:40:45,..."l'accompagno del bambino a fare la spesa" è molto più rischioso e meno gestibile dal genitore di una semplice passeggiata col bambino... mah!
1245420762145718274,2020-04-01,20:40:23,Ma dov’è finito Ciapparone??? @rtl1025 😂
1245420725630119939,2020-04-01,20:40:14,Economia inchiodata a tutti i livelli anche quella che non richiede contatti stretti fra le persone deve ESSERE SBLOCCATA SUBITO.
1245420668600147974,2020-04-01,20:40:00,Come! Fare la spesa con i bambini? Ma siete matti.
1245420637734277121,2020-04-01,20:39:53,Ma perché è consentito ai giornali di mettere nei titoli delle bugie che confondono e inducono comportamenti pericolosi? Vedi Libero e IlGiornale
1245420615487586310,2020-04-01,20:39:48,Ma vuol dire qualcosa di concreto ? Un piano per uscire ? Uno straccio di strategia ....
1245420498865000451,2020-04-01,20:39:20,CONTE L'AVEVO AVVERTITA E' L'ANTICRISTO 2008 ULTIMA RICHIESTA GIUSTO LEGGI SACRE BONAFEDE X SFATARE 2020 🙈🙉🙊⚖️🤑TUTTI X IL DIO 🤑🤑🤑QUESTO E' IL RISULTATO👮‍♀️👩‍✈️🕍📺🦇🧛‍♂️😷🌎
1245420347811340301,2020-04-01,20:38:44,Deve ripartire subito tutto il lavoro che non rischia la diffusione del contagio è urgente se non vi rendete conto non siete adeguati ai vostri incarichi.
1245420220128296963,2020-04-01,20:38:13,Meno chiacchiere movete a caccia i soldiiiiii moveteve
1245420144534392839,2020-04-01,20:37:55,Ma ci riesci a parlare in modo chiaro e semplice invece di fare discorsi insulsi e contorti???
1245420001164738562,2020-04-01,20:37:21,Dimissioni!!!!!!! Fuori dai...
1245419839054852100,2020-04-01,20:36:43,DIMETTITI
1245419748969582599,2020-04-01,20:36:21,Ma basta...conferenza inutile come sempre parole senza nessuna soluzione concreta.I cittadini hanno bisogno di fare la spesa non sanno come pagare le bollette...insentibile!!!
1245419737980469260,2020-04-01,20:36:18,#contedimettiti  avrai sulla coscienza tutti i morti l'#italia non ti perdona
1245419709316694018,2020-04-01,20:36:12,Il lavoro dei braccianti agricoli per la raccolta come tutto il lavoro che non ha rischio di diffusione subito libero dal blocco.
1245419499219804162,2020-04-01,20:35:22,io io io io io io io io io io io io io io io io io io io io io io io io io io io io io io io io io io io io io io io io io io io io io io io io io io io io io io io io io io io io io io io io io io io io io io io io io io io io io io io io io io io io io io io io io io io io io
1245419367048896513,2020-04-01,20:34:50,Non stai dicendo niente per aiutare il popolo!!!!!!!!!!
1245419366050598913,2020-04-01,20:34:50,Non ha capito che il.mes leggero non esiste non lo deve firmare capito
1245419363433316352,2020-04-01,20:34:49,Presidente se i nostri amici europei ci chiedono come conciliamo 2-300000 braccianti che mancano nei campi e nei frutteti e la gente affamata che va supportata economicamente noi .... cosa rispondiamo?
1245419259184001024,2020-04-01,20:34:24,Quindi Basta con la polemica del MES.... vi è chiaro il messaggio di stasera o c è da fare un disegnino. #salvini&c
1245419186052108288,2020-04-01,20:34:07,Non è che con la scusa di non uscire lei può non andarsene......
1245419090229039105,2020-04-01,20:33:44,Su Twitter escono sempre tutti presidenti del consiglio lasciateli lavorare teniamo fede alle restrizioni passiamo il momento tragico diamogli la possibilità di risanare la situazione e poi si fanno i conti. Ora stare a dire bisogna fare questo o quello non serve a nessuno
1245419086059900928,2020-04-01,20:33:43,Comunque Dante Alighieri ti avrebbe messo insieme a Celestino V
1245418998608658437,2020-04-01,20:33:22,Gli italiani di sacrifici ne stanno facendo tanti per l'emergenza covid-19. Presidente potrebbe dirci quali sacrifici sta facendo lei...?
1245418820929495041,2020-04-01,20:32:40,Ma per i genitori saranno aumentati i giorni di congedo? Come facciamo? Non bastano più i 15 gg
1245418811131650054,2020-04-01,20:32:37,Ennesima diretta per dirci quello che Speranza ha detto giustamente in parlamento? Se deve fare questa farsa propagandistica ci parli dei temi economici e si metta in testa che il MES o qualsiasi cosa simile è un suicidio #STOPMES #NoMES #CONTEDIMETTITI
1245418796954914818,2020-04-01,20:32:34,basta con le conferenze stampa a sorpresa. Sottoponga le sue idee al Parlamento.
1245418761290727425,2020-04-01,20:32:26,Dimmi che è un pesce d'aprile
1245418698015473665,2020-04-01,20:32:11,È il N 1 Presidente senza se e senza ma.
1245418687861047296,2020-04-01,20:32:08,"Ci sono dei giornalisti..." cioé quelli con cui hai concordato le domande tipo come fai con il tuo scendiletto e che ti faranno sembrare un eroe. Ma finiscila e vai a lavorare tu Casalino e quella banda di scappati di casa
1245418663882240001,2020-04-01,20:32:02,Parla per te quando discuti con leader europei. Per te non va bene il MES. Per me di può fare
1245418662892371969,2020-04-01,20:32:02,Ma perché questi giornalisti incapaci continuano a fare domande sull'Europa basta. Dobbiamo pensare i cittadini italiani.
1245418630445137920,2020-04-01,20:31:54,No MES  No MES  No MES  Te lo vuoi ficcare in quella testa bacata!
1245418610224508933,2020-04-01,20:31:50,Giuseppe ha appena usato la parola "Patria". Un barlume di coraggio? 🤔
1245418522995556353,2020-04-01,20:31:29,Lei Signor Presidente con le sue parole ci ha fatto capire una cosa che noi siamo il nulla e non contiamo niente le auguro una buona serata
1245418431685496832,2020-04-01,20:31:07,E c’era bisogno di fare una conferenza stampa alle 20.20 per non dire assolutamente nulla di nuovo?! Ah già così si intercettano i telegiornali! 👍
1245418401687896076,2020-04-01,20:31:00,Fottiti! Sei Indegno e abusivo
1245418380867313670,2020-04-01,20:30:55,Bravo Presidente. Sempre più convinta che Lei sia il giusto rappresentante per questo paese 🙏🙏
1245418335006855172,2020-04-01,20:30:44,🆘🆘🆘🆘 LE CONCESSIONARIEEEEEEEEEEEEEEEEEEEEEEEEEE !! 🆘🆘🆘🆘🆘🆘  FATE SAPERE  LE CONCESSIONARIE E FINAUTO ASPETTANO UNA RISPOSTA !! FERMATE I TRASPORTI LA GENTE CHE LAVORA HA NECESSITÀ DI ACQUISTARE MEZZI !!
1245418289192370176,2020-04-01,20:30:33,ci mancava una diretta finalmente ci si vede Giuseppy novita' su  una nuova dichiarazione ?? dai Giuseppy sei mitico ..
1245418115321729024,2020-04-01,20:29:52,Che spocchia i giornalisti...
1245417983092183044,2020-04-01,20:29:20,Collaboriamo tutti.
1245417888271474694,2020-04-01,20:28:57,Stimatissimo dott. Conte  voglio segnalare che qui a Udine ci sono gruppi di disagiati ( drogati e alcolizzati ) che comodamente stazionano sulle panchine dei giardini pubblici. Sarebbe opportuno un intervento deciso e perentorio. Grazie. Cordiali saluti.
1245417791106269184,2020-04-01,20:28:34,Peppi per te mi farei ancora altri giorni di quarantena ma sarebbe meglio con te😉
1245417729533849601,2020-04-01,20:28:20,Piu quarantena e niente soldi. Volete proprio che la gente assalti i supermercati e le banche per disperazione?!?!
1245417726329401344,2020-04-01,20:28:19,Grazie Presidente ❤
1245417665507872769,2020-04-01,20:28:04,#COVIDー19 Oltre 13.000 morti non sono una ferita sono MORTI !
1245417614962286592,2020-04-01,20:27:52,Hai rotto il cazzo con questa retorica!  Dii le cose come stanno non sapete che pesci prendere!!
1245417607609683971,2020-04-01,20:27:51,Il signore è vicino a chi ha il cuore spezzato.
1245417561967247361,2020-04-01,20:27:40,Bravo Presidente.  Occorre comunicare direttamente.
1245417534955892736,2020-04-01,20:27:33,Sante parole sei un uomo straordinario
