id,datestamp,timestamp,tweet
1263974697856905217,2020-05-23,01:27:06,Conte si ricorda quando disse: "Sono diventato Professore per un concorso per titoli!! Ho mandato il pacco!!"..Ecco i docenti precari con esperienza meritano lo stesso..nè più nè meno!! Nessuna mediazione!!#AnDDL #G36
1263974106111922179,2020-05-23,01:24:45,Presidente se la sua mediazione sarà un accordo al ribasso per la categoria dei docenti verrà a trovarci in piazza. Un presidente ed una intera maggioranza sotto lo scacco di una ministra é una cosa inaccettabile. Non si valuta il merito con un test a crocette. #stabilizzazione
1263971949346160645,2020-05-23,01:16:10,I precari non meritano nessuna mediazione ma soltanto una cosa....LA STABILIZZAZIONE ....che non è nessuna sanatoria...ma è RISPETTO!Che la notte Le porti buoni consigli! Distinti saluti #AnDDL #Stabilizzazione #G36 #TitoliEservizio #TerzaFascia # Infanzia e Primaria # DSGA_FF
1263969791905271808,2020-05-23,01:07:36,Il precariato è un crimine di stato!!! No al concorso a crocette XXX  Stabilizzazione dei precari  #ANDDL #G36 #Titoli e servizi 🔥🔥🔥
1263968803219791872,2020-05-23,01:03:40,❌No Mediazione ✅Si stabilizzazione  Stop Quiz Si concorso per titoli e servizio 🔥🔥🔥 #AnDDL #stabilizzazione #titolieservizio #G36
1263968301375520774,2020-05-23,01:01:41,Premier Conte c'è una direttiva europea la n°70 del 1999 che stabilisce che tutti i lavoratori pubblici o privati dopo 36 mesi di lavoro a tempo determinato vanno stabilizzati. Una norma attuata in tutti i Paesi dell’ UE; in Italia No! #AnDDL #stabilizzazione#titolieservizio
1263965533264904206,2020-05-23,00:50:41,📌I PRECARI DA ASSUMERE STANNO INSEGNANDO DA ANNI! 📌 HANNO GARANTITO IL DIRITTO ALLO STUDIO 📌#AnDDL 📌#Stabilizzazione 📌#G36 📌#TitoliEservizio 📌#TerzaFascia
1263965301739266048,2020-05-23,00:49:45,📌I PRECARI DA ASSUMERE STANNO INSEGNANDO DA ANNI! 📌 HANNO GARANTITO IL DIRITTO ALLO STUDIO AnDDL 📌#Stabilizzazione 📌#G36 📌#TitoliEservizio 📌#TerzaFascia
1263964718085083138,2020-05-23,00:47:26,L'unica Mediazione è la Stabilizzazione attraverso concorso per titoli. Non avrà problemi a sostenere una procedura che Lei conosce bene vero Presidente? Confidiamo nel suo buon senso. C'è un popolo di docenti precari che ancora sostengono la scuola che sono esasperati! #AnddL
1263963139432988677,2020-05-23,00:41:10,Un anno fa ci siamo voluti fidare di Lei e la sua "parola d'onore" è  servita solo a tenerci buoni per non farci scalpitare. Adesso non bastano  parole o mediazioni per distogliere i nostri intenti siamo pronti a tutto. STABILIZZAZIONE per Titoli e servizio 🔥#ANDDL
1263963034999050241,2020-05-23,00:40:45,I lavoratori della scuola aspettano risposte serie dal governo! I docenti si aspettano un atto di grande responsabilità da parte della politica! 🔥#AnDDL #Stabilizzazione #TerzaFascia!
1263961608390352897,2020-05-23,00:35:05,Sig. Presidente io sono il suo "nulla". un'impiegata sala vlt e slot . Vergognoso il modo in cui ci state non considerando. Lavoriamo onestamente ma non ci meritiamo considerazione. Chissà se avremo la stessa considerazione quando ricomincerete ad avere i vostri 10mld l'anno.
1263961387732172800,2020-05-23,00:34:12,Stabilizzate  i PRECARI D.LGS 368/ 2001  IL SISTEMA DI ISTRUZIONE NAZIONALE È UNICO 🔥#AnDDL 📌#Stabilizzazione 📌#TitoliEservizio 📌#G36 📌#TerzaFascia
1263961014825033732,2020-05-23,00:32:43,Oggi Renzuccio che ti ha detto di fare? Cambiano i governi ma funziona sempre tutto allo stesso modo.. Un 2 % comanda su tutti... Prima verdini e ora renzi... Fate schifo
1263960941961584640,2020-05-23,00:32:26,‼️ALTRA SETTIMANA SNERVANTE IN ATTESA DELLA POLITICA‼️SIAMO STUFI DI ESSERE CONSIDERATI DEI NUMERI‼️QUESTI NUMERI RICORDATEVI CHE STANNO TENENDO SU LA SCUOLA PUBBLICA ITALIANA‼️NO MEDIAZIONE SI ALLA S-T-A-B-I-L-I-Z-Z-A-Z-I-O-N-E DEI DOCENTI PRECARI DELLA SCUOLA PUBBLICA‼️#AnDDL
1263960768669716481,2020-05-23,00:31:45,🔥🔥🔥 NO AL CONCORSO DELLE CROCETTE ! LE CROCETTE NON SONO LA RISPOSTA ESATTA ! 🔥🔥🔥#G36 🔥🔥🔥#AnDDL
1263960651724132352,2020-05-23,00:31:17,🔥🔥🔥#AnDDL STABILIZZAZIONE PER TITOLI E SERVIZIO! NO CROCETTE!🔥🔥🔥
1263960555338989569,2020-05-23,00:30:54,NO MEDIAZIONE SI STABILIZZAZIONE! 🔥🔥🔥 #Anddl #precariterzafascia #G36 #titolieservizio
1263960544412872705,2020-05-23,00:30:51,#i docenti precari chiedono dignità! #stabilizzazione con un concorso per titoli e servizio!! #AnDdl
1263960405954703360,2020-05-23,00:30:18,NO MEDIAZIONE  SI STABILIZZAZIONE I PRECARI DELLA SCUOLA VANNO STABILIZZATI E NON ESODATI #azzolinadimettiti 🔥 #ANDDL🔥
1263960343379939338,2020-05-23,00:30:03,Non so come si possa giudicare un quizzone a crocette un percorso facilitante per i precari anche decennali della scuola. Io direi più un'offesa a chi si deve cimentare ad una gara di fortuna e a tempo a non sbagliare la crocetta dopo tanti e tanti anni di lavoro. #AnDDL
1263960333284265984,2020-05-23,00:30:01,🔥🔥🔥NO MEDIAZIONE SI STABILIZZAZIONE🔥🔥🔥 #anddl
1263960319455571970,2020-05-23,00:29:58,Giuse ' il bonus della bici come funziona?
1263960271325925378,2020-05-23,00:29:46,AZZOLINA A CASA NON RAPPRESENTA LA SCUOLA ITALIANA  #BASTAAAAAAA
1263960042623156225,2020-05-23,00:28:52,Concorso a crocette per i precari in pandemia prepariamoci alla follia! Concorso straordinario o “ricorso straordinario” cosa si sta organizzando? @AzzolinaLucia @AnnaAscani @GiuseppeConteIT
1263959718592237569,2020-05-23,00:27:34,Avete il nostro futuro e quello della scuola nelle vostre mani!Un bravo docente un bravo professionista NON SI VALUTA CON UN QUIZ A CROCETTE!Valutate sul campo se sappiamo fare il nostro lavoro! No Mediazione solo #Stabilizzazione 🔥🔥#AnDDL #G36 #titolieservizio #TerzaFascia
1263959711998717952,2020-05-23,00:27:33,Come insegnante madre e donna ritengo che bandire un concorso adesso sia stato un atto offensivo dal punto di vista umano (siamo reduci da una pandemia che ha devastato noi ed i nostri alunni concretamente e psicologicamente) e da un punto di vista professionale! #AnddL
1263959519002013698,2020-05-23,00:26:47,🔥🔥🔥#AnDDL STABILIZZAZIONE PER TITOLI E SERVIZIO È L’UNICA MEDIAZIONE!🔥🔥🔥
1263959465046478850,2020-05-23,00:26:34,I precari attendono risposte da anni questo è il momento per darle!! No ai concorsi truffa!! Si a titoli e servizio. 🔥#AnDDL 📌#Stabilizzazione 📌#G36 📌#TitoliEservizio 📌#TerzaFascia
1263959418519109635,2020-05-23,00:26:23,Non c'è mediazione che tenga i precari della scuola vanno stabilizzati con Concorso per titoli e servizi.  No al concorso lotteria in piena pandemia #g36 #anddl
1263959322159185922,2020-05-23,00:26:00,Presidente provi a dare a quel bambino nella sua immagine di copertina dei docenti  stabilizzati( per titoli e servizio) ed il futuro dell’Italia intera le sarà grato. #Anddl
1263959295051419648,2020-05-23,00:25:53,Stabilizzazione precari scuola per titoli e servizio  📌#Stabilizzazione 📌#G36 📌#TitoliEservizio 📌#TerzaFascia 🔥#AnDDL
1263958962891874306,2020-05-23,00:24:34,Fatti non parole! No Mediazione! Si STABILIZZAZIONE!#ANDDL🔥
1263958728451260417,2020-05-23,00:23:38,🔴 BISOGNA ANNULARE IL QUIZZONE A CROCETTE!!! UN SISTEMA CHE OFFENDE LE COMPETENZE ANCHE DECENNALI DEI PRECARI DELLA SCUOLA!!! #AnDDL
1263958633588686849,2020-05-23,00:23:16,Non accetteremo alcuna mediazione. Vogliamo solo la stabilizzazione #ANDDL #PRECARIATOCRIMINEDISTATO #TERZAFASCIACONSERVIZIO #STABILIZZAZIONE
1263958490000904192,2020-05-23,00:22:41,🔴 ANNULARE IL QUIZZONE A CROCETTE!!! UN SISTEMA CHE OFFENDE LE COMPETENZE ANCHE DECENNALI DEI PRECARI DELLA SCUOLA!!! #anddl
1263958172554997760,2020-05-23,00:21:26,NO MEDIAZIONE SI STABILIZZAZIONE! 🔥🔥🔥 #Anddl #precariterzafascia #G36 #titolieservizio
1263957945261449216,2020-05-23,00:20:32,Presidente stabilizzate gli insegnanti precari che da anni con competenza e passione fanno funzionare la scuola italiana #ANDDL #G36 #stabilizzazionepertitolieservizio
1263957930405236738,2020-05-23,00:20:28,🔥🔥NESSUNA MEDIAZIONE SOLO STABILIZZAZIONE 🔥🔥#AnDDL
1263957628574666753,2020-05-23,00:19:16,Intere famiglie di precari stanno vivendo una situazione insostenibile.Da avvocato del popolo italiano faccia valere la Costituzione! Il CONCORSO PER TITOLI E SERVIZI è disciplinato dal d.lgs. 165/2001 e dal D.P.R. n. 487 del 1994!
1263957577592967169,2020-05-23,00:19:04,MA QUALE MEDIAZIONE??? Ma si vergogni!!! I docenti lavoratori precari vogliono solo la stabilizzazione altrimenti sarà sciopero ad oltranza e blocco scrutini ed esami!! 🔥 siamo stanchi delle prese in giro!! #Anddl
1263956390273572869,2020-05-23,00:14:21,🔥concorsi per titoli al ministero giustizia Si!   al MIUR NO ?🔥 Siamo stufi di essere presi in giro.  Giù le mani dal nostro lavoro! #G36 #AnDDL #terzafascia
1263956038404931584,2020-05-23,00:12:57,Rispettare DE 70/99 #Stabilizzazione dopo 36 mesi di servizio. Straordinario non valuta nessuna COMPETENZA i giochini delle navette tra commissioni e blocco emendamenti è grave ed inaccettabile. #G36 mette in cattedra VERAMENTE dal 1/09 a costo zero #AnDDL #g36 #TitoliEservizio
1263955989365211136,2020-05-23,00:12:45,#AnDDL  Decreto Scuola.  È ora di terminare la politica autartica e spesso offensiva della ministra. I precari della scuola si sono formati sul campo reggendo per anni (ed in questi mesi drammatici) il sistema. Crocette? Vanno bene per chi non ha mai messo piede in un'aula
1263955911212699651,2020-05-23,00:12:27,Stabilizzare i docenti precari è un dovere! #AnDDL
1263955861325656066,2020-05-23,00:12:15,Per i lavoratori della SCUOLA...🔥#AnDDL 📌#Stabilizzazione 📌#G36 📌#TitoliEservizio 📌#TerzaFascia 📌#infanziaEprimaria 📌#DSGA_FF
1263955812223004674,2020-05-23,00:12:03,NO MEDIAZIONE  SI STABILIZZAZIONE I PRECARI DELLA SCUOLA VANNO STABILIZZATI E NON ESODATI #azzolinadimettiti 🔥 #ANDDL🔥
1263955642190106630,2020-05-23,00:11:22,NO MEDIAZIONE  SI STABILIZZAZIONE I PRECARI DELLA SCUOLA VANNO STABILIZZATI E NON ESODATI 🔥 #ANDDL🔥
1263955337780121601,2020-05-23,00:10:10,Non ci arrenderemo! Devono riconoscerci dignità professionale!  Lavoriamo con amore e dedizione nonostante le continue offese e vessazioni! 🔥#AnDDL
1263955292171182082,2020-05-23,00:09:59,No mediazione❗❗❗ SÌ STABILIZZAZIONE! #ANDDL💥💥💥
1263955225204994048,2020-05-23,00:09:43,L'unico risultato possibile è la stabilizzazione.  Siamo pronti ad invadere le piazze! Non ci faremo umiliare ancora ed usare come merce di scambio! 🔥#AnDDL
1263955002474876929,2020-05-23,00:08:50,State condannamdo i docenti precari ad un quiz che nn valuta assolutamente le competenze. Fermate il concorso a crocette #g36 #AnDDL #stabilizzazione
1263954401120735232,2020-05-23,00:06:27,🔥🔥 La scuola non accetta MEDIAZIONI! Concorso per #titolieservizio e orale selettivo alla fine dell'anno!  #AnDDL #G36 #AzzolinaDimettiti
1263954204890206209,2020-05-23,00:05:40,Non ci faremo trattare da merce di scambio! 🆂🆃🅰︎🅱︎🅸🅻🅸🆉🆉🅰︎🆃🅴 i precari storici con le G36  🔥#AnDDL 📌#Stabilizzazione 📌#G36 📌#TitoliEservizio 📌#TerzaFascia
1263954149001101313,2020-05-23,00:05:26,NO CONCORSO TRUFFA Le crocette non rilevano il merito Non siamo lavoratori usa e getta #anddl #g36 #titolieservizi #terzafascia #stabilizzazione
1263953855731154952,2020-05-23,00:04:16,La ministra non la sopporta e non la vuole più nessuno (ata dirigenti docenti studenti e tutte le relative famiglie) solo lei.... NESSUNA MEDIAZIONE! SOLO #STABILIZZAZIONE ATTRAVERSO UNA #G36 🔥#AnDDL
1263953760654626819,2020-05-23,00:03:54,Non abbiamo bisogno del contentino! Rispetto e dignità per la nostra categoria! Siamo quelli che permettono di non lasciare le classi scoperte a settembre ogni benedetto anno da più  anni!  🔥#AnDDL 🔥
1263953749233541125,2020-05-23,00:03:51,Stop alle menzogne! Mediazione?!?!?non è il momento di editare e poi con chi? È il momento di stare dalla parte degli onesti lavoratori!
1263953719676239872,2020-05-23,00:03:44,#Azzolinadimettiti #Azzolinadimettiti #Azzolinadimettiti #stabilizzazioneterzafascia  NO MEDIAZIONE SOLO STABILIZZAZIONE  🔥#Anddl 🔥
1263953488905674754,2020-05-23,00:02:49,❌❌❌ STABILIZZAZIONE TERZA FASCIA❌❌❌ 🔥 #Anddl 🔥
1263953476893237248,2020-05-23,00:02:46,🔴SE CREDE NEL CONCORSO A CROCETTE RINUNCI AL SUO TITOLO DI PROFESSORE UNIVERSITARIO. RICORDA? HA FATTO IL CONCORSO PER TITOLI. #STABILIZZAZIONE #TERZA_FASCIA #AnDDL
1263953431309451265,2020-05-23,00:02:35,🔥🔥🔥#AnDDL Il nostro merito sono l’esperienza e la dedizione ai nostri alunni. Non si può valutare il nostro sapere con le crocette che valutano solo il nozionismo. Se non fosse vero sarebbe da ridere!!🔥🔥🔥
1263953322479886339,2020-05-23,00:02:09,📌No MEDIAZIONE  📌Sì STABILIZZAZIONE  📌PRECARI  📌TERZAFASCIA  📌TITOLI E SERVIZI  📌G36  📌AnddL
1263953164094578688,2020-05-23,00:01:32,Basta prese per i fondelli. Siamo incazzati neri. La stabilizzazione è un nostro diritto guadagnato sul campo. Lotteremo con tutte le nostre forze. Continuate così e andrete tutti a casa. 🔥#AnDDL 🔥
1263953022427725824,2020-05-23,00:00:58,No mediazione solo stabilizzazione
1263953012168577026,2020-05-23,00:00:55,🆂🆃🅰︎🅱︎🅸🅻🅸🆉🆉🅰︎🆃🅴 i precari storici con le G36  🔥#AnDDL 📌#Stabilizzazione 📌#G36 📌#TitoliEservizio 📌#TerzaFascia
1263952948494839813,2020-05-23,00:00:40,Non abbiamo bisogno di "mediazioni" e "concessioni dall'alto"! Per mediare vanno aperti tavoli con i diretti interessati! VERGOGNA! 🔥#AnDDL 🔥
1263952822871228418,2020-05-23,00:00:10,🔥🔥🔥#AnDDL STABILIZZAZIONE È L’UNICA MEDIAZIONE!🔥🔥🔥
1263952592687816705,2020-05-22,23:59:15,Non ci arrenderemo! Vogliamo dignità e rispetto! Lavoriamo con amore e dedizione nonostante le continue offese e vessazioni! 🔥#AnDDL 🔥
1263952573838606342,2020-05-22,23:59:11,Siamo stanchi delle sue mediazioni INUTILI. NOI PRECARI DELLA SCUOLA pretendiamo la STABILIZZAZIONE. VOGLIAMO IL NOSTRO LAVORO CHE CI STATE RUBANDO. LADRI DI FUTURO. 🔥#ANDDL🔥
1263952461921992706,2020-05-22,23:58:44,Caro Presidente Conte noi precari che mandiamo avanti la scuola da anni abbiamo diritto alla stabilizzazione con concorso per titoli e servizio 🔥#AnDDL 📌#Stabilizzazione 📌#G36 📌#TitoliEservizio 📌#TerzaFascia
1263952340681441282,2020-05-22,23:58:15,No mediazione  SÌ STABILIZZAZIONE! #ANDDL
1263952328262115339,2020-05-22,23:58:12,Giù le mani dalla scuola Nessuna mediazione STABILIZZAZIONE #AnDDL #G36 #Stabilizzazione
1263952257072185344,2020-05-22,23:57:55,🔥🔥🔥I precari della scuola non hanno bisogno di mediazioni farlocche da chi vince i concorsi per titoli e servizio senza fare il quizzone! #AnDDL #G36
1263952210213421057,2020-05-22,23:57:44,Chiediamo la giusta e dovuta #STABILIZZAZIONE. Dopo anni ed anni al servizio dello Stato abbiamo il diritto di avere certezze!!! Basta con concorsi farsa .Valutate il nostro VERO MERITO!! Siamo FORMATI E PREPARATI a nostre spese!! Siamo stanchi ed incavolato neri!#ANDDL #G36
1263952190072332290,2020-05-22,23:57:39,Lei "proporrà una mediazione"?! Ma a chi? Chi rappresenta i precari?  Ha convocato un tavolo con i diretti interessati?  L'unico risultato possibile è la stabilizzazione.  Siamo pronti ad invadere le piazze! Non ci faremo umiliare ancora ed usare come merce di scambio! 🔥#AnDDL
1263952184556781571,2020-05-22,23:57:38,💪🔥 VIA Azzolina. 💪🔥 VIA Azzolina. 💪🔥 VIA Azzolina. ESODATE AZZOLINA! 🔥 #AnDDL #G36 #terzafascia
1263952173253242883,2020-05-22,23:57:35,No alle crocettesì alla G36 #ANDDL 🔥🔥🔥📌💪
1263952097751511041,2020-05-22,23:57:17,No mediazione si stabilizzazione #ANDDL 🔥🔥🔥📌💪
1263952088301735936,2020-05-22,23:57:15,Nessuna mediazione Una sola soluzione #STABILIZZAZIONE #TITOLIESERVIZIO #G36 #ANDDL
1263952080596852736,2020-05-22,23:57:13,Presidente le mediazioni si fanno con i sindacati nell'interesse dei lavoratori non con i politici per salvare le poltrone! #stabilizzazione per la #terzafasciaconservizio
1263951944109998080,2020-05-22,23:56:41,Chiedere a gran voce la certezza di un lavoro è #dignità. #stabilizzazione #g36 #AnDDL
1263951896865316868,2020-05-22,23:56:29,Questo è stato il suo concorso non se lo dimentichi PER SOLI TITOLI 🔥#ANDDL🔥
1263951799444217858,2020-05-22,23:56:06,Un concorso a crocette non valuta il merito o le competenze didattiche solo le capacità mnemoniche #AnddL
1263951732733808642,2020-05-22,23:55:50,Presidente Il Concorso di azzolina manderà a casa migliaia di docenti che da anni contribuiscono al regolare svolgimento dell’anno scolastico! Che ne sarà di noi? noi cerchiamo di far valere i nostri diritti dopo anni in cui sono stati solo calpestati #stopalquiz #anddl
1263951699447820292,2020-05-22,23:55:42,No concorso a crocette non verifica la nostra preparazione. Chiedete ai nostri dirigenti ai nostri alunni quanto valiamo.  #anddl #G36 #stabilizzazone
1263951636520730625,2020-05-22,23:55:27,Stabilizzare i docenti precari secondo le normative europee è doveroso. #AnddL
1263951599304691715,2020-05-22,23:55:19,Nessuna mediazione siamo stanchi. STABILIZZAZIONE per  LAVORATORI ONESTI che hanno mandato avanti le scuole in questi anni titoli e servizi G36 #AnDDL.
1263951493511684096,2020-05-22,23:54:53,Stabilizzare i docenti con un concorso per titoli come ha fatto lei per diventare ordinario. #AnddL
1263951227580186625,2020-05-22,23:53:50,Presidente si rende conto che vi state macchiando di un grave torto fatto a discapito dei lavoratori?? Si perché i precari con piu di  36mesi sono LAVORATORI al pari di altri. Qui si fa un distinguo fra lavoratori di serie serie b Abbiamo bisogno di #stabilizzazione #ANDDL #g36
1263950995438141440,2020-05-22,23:52:55,Nessuna mediazione siamo stanchi. STABILIZZAZIONE per LAVORATORI ONESTI che hanno mandato avanti le scuole in questi anni titoli e servizi G36 #AnDDL
1263950796661587970,2020-05-22,23:52:07,⛔⛔Non c'è nulla da mediare con la vita delle persone. "Nessuno venga lasciato indietro!" cit. Mattarella. Pretendiamo il nostro lavoro con il suo stesso pacco di titoli!! 🔥#AnDDL 📌#Stabilizzazione 📌#G36 📌#TitoliEservizio 📌#TerzaFascia 📌#infanziaEprimaria 📌#DSGA_FF
1263950027526942720,2020-05-22,23:49:04,IL POPOLO DEI PRECARI NON NE PUÒ PIÙ DELLE VOSTRE PAROLE PAROLE PAROLE....BASTA CON I GIOCHETTI DELLA POLITICA !!!! CI STATE PRENDENDO SOLO PER IL C......!!!!!! #ANDDL 🔥
1263949960552349698,2020-05-22,23:48:48,Concorso a crocette per i precari in pandemia prepariamoci alla follia! Concorso straordinario o “ricorso straordinario” cosa si sta organizzando? @AzzolinaLucia @AnnaAscani @GiuseppeConteIT @pepdecr @vannaio @lofioramonti @NFratoianni #StabilizzazionePrecari180x3
1263949711196786688,2020-05-22,23:47:48,Teniamo in piedi da anni il sistema scolastico italiano lavorando con impegno e dedizione...❗ IL POPOLO DEI PRECARI È STREMATO E STANCO DELLE VOSTRE PAROLEANNI DEDICATI ALL'INSEGNAMENTO CI SENTIAMO SOLO PRESI PER I FONDELLIPRONTI AD INVADERE LE PIAZZE..... ❗ #G36 #ANDDL🔥
1263949269981179905,2020-05-22,23:46:03,⛔ CONCORSO VERGOGNOSO ⛔ ❗BASTA❗ #ANDDL #STABILIZZAZIONE🔥🔥🔥🔥🔥🔥🔥🔥🔥🔥🔥🔥🔥🔥🔥🔥
1263948957815902213,2020-05-22,23:44:49,Lo Stato sta dimostrando che una donna comanda la scuola italiana! 1a donna presuntuosa e arrogante che chiude il becco anche a lei Presidente! La mediazione di cui parla è un'ulteriore dimostrazione che i docenti precari devono subire le scelte di 1a politica corrotta e ammalata
1263947553017679873,2020-05-22,23:39:14,Nessuna mediazione!!! Vogliamo #stabilizzazione #anddl Docenti precari stanchi di non essere rappresentati da NESSUNO!!!
1263947054872657928,2020-05-22,23:37:15,NO MEDIAZIONE! SOLO STABILIZZAZIONE!!! Un bravo docente COSI COME UNO STUDENTE NON SI VALUTA CON UN QUIZ A CROCETTE modello settimana enigmistica!Valutate sul campo se sappiamo fare il nostro lavoro! 🔥🔥#AnDDL #G36 #titolieservizio #TerzaFascia
1263945233982767106,2020-05-22,23:30:01,Noi non accettiamo mediazioni che non siano la sacrosanta STABILIZZAZIONE!!!!SUBITO! ❌BASTA ORA!! siamo stufi!!!!! 🔥La stabilizzazione è la soluzione che include tutti coloro che hanno almeno 36 mesi di servizio.....nessuno escluso!!!!  #anDDL #terzafascia #TitoliEservizio
1263945081691783170,2020-05-22,23:29:25,Noi non accettiamo mediazioni che non siano la sacrosanta STABILIZZAZIONE!!!!SUBITO! ❌BASTA ORA!! siamo stufi!!!!! 🔥La stabilizzazione è la soluzione che include tutti coloro che hanno almeno 36 mesi di servizio.....nessuno escluso!!!!  #anDDL #terzafascia #titolieservizio
1263944558833999875,2020-05-22,23:27:20,Il #concorsoPerTitolieServizio serve a formare una graduatoria di merito con l’indicazione del punteggio per ciascun candidato è difatti la procedura che garantisce l’assunzione dei più capaci e meritevoli. #stabilizzazioneprecari180x3 #IoStoCoiPrecariScuola #G36
1263944379489755139,2020-05-22,23:26:37,I docenti che hanno lavorato per oltre 36 mesi devono essere stabilizzati non perché non si possono fare i concorsi ma perché sono stati illegittimamente discriminati con la reiterazione dei contratti a termine e oggi hanno il diritto all'assunzione a tempo indeterminato. #AnDDL
1263944243267190784,2020-05-22,23:26:05,NO MEDIAZIONE SI STABILIZZAZIONE #AnDDL #G36 #titolieservizi
1263943648875511810,2020-05-22,23:23:43,Presidente noi docenti precari non vogliamo MEDIAZIONE ma STABILIZZAZIONE ! Si metta una mano sul cuore e dia valore al servizio prestato in tutti questi anni. Ci sono docenti con più di 10 anni di servizio alle spalle!
1263941380612558848,2020-05-22,23:14:42,Conte...? Ma che cazzo devi mediare? Hai rotto il cazzo. #G36 #AnDDL #stabilizzazione #stopazzolina
1263940196896292872,2020-05-22,23:10:00,@AzzolinaLucia #MERITOCRAZIA:Sistema di valutazione e valorizzazione degli individui basato esclusivamente sul riconoscimento del loro merito: caratteristico della società liberista. #stabilizzazioneprecari180x3 #concorsopertitoliedesperienza
1263939815092953090,2020-05-22,23:08:29,Stop crocette. Non ho mai giocato d'azzardo figuriamoci giocarmi il futuro a crocete. Lasuzione sta  NEL DPR N.487 DEL 09 MAGGIO  1994 #ANDDL #STABILIZZAZIONEPRECARISCUOLA #G36
1263939710185099265,2020-05-22,23:08:04,Il nulla che avanza...🟥 #anddl 🔥 BASTA RIMANDARE. 🤜ESIGIAMO DELLE RISPOSTE💨NO ARIA FRITTA 🥱NON ATTENDISMO PIÙ CON PAZIENZA.  #ANDDL #G36 🧱 🛑
1263939644271493121,2020-05-22,23:07:48,Assumere per titoli e servizio con ulteriore formazione in itinere ed  esame finale. A costo zero! Crocette e meritocrazia non sono sinonimi!🔥🔥🔥 #STOP PRECARIATO #ANDDL #STABILIZZAZIONE #TERZAFASCIA #G36
1263939571034861568,2020-05-22,23:07:31,Presidente se la sua mediazione porti alla #stabilizzazione di noi #docenti #precari che benvenga. #AnDDL
1263939348908642307,2020-05-22,23:06:38,No mediazione ma #stabilizzazione.  #anddl
1263939136169414663,2020-05-22,23:05:47,Il #concorsoPerTitolieServizio serve a formare una graduatoria di merito con l’indicazione del punteggio per ciascun candidato è difatti la procedura che garantisce l’assunzione dei più capaci e meritevoli. #stabilizzazioneprecari180x3 #IoStoCoiPrecariScuola #G36
1263938816055873537,2020-05-22,23:04:31,@AzzolinaLucia #MERITOCRAZIA:Sistema di valutazione e valorizzazione degli individui basato esclusivamente sul riconoscimento del loro merito: caratteristico della società liberista. #stabilizzazioneprecari180x3 #concorsopertitoliedesperienza
1263933164604526592,2020-05-22,22:42:03,Le crocette non valutano la preparazione acquisita sul campo dopo anni di sfruttamento e precariato. Fateci fare un esame a fine anno se proprio non avete pietà. 🛑 #ANDDL #STABILIZZAZIONE #terzafascia #TitoliEServizio #G36
1263932931145453570,2020-05-22,22:41:08,Le crocette non valutano la preparazione acquisita sul campo dopo anni di sfruttamento e precariato. 🛑 #ANDDL #STABILIZZAZIONE #terzafascia #TitoliEServizio #G36
1263931890307825665,2020-05-22,22:37:00,Forse lei dovrebbe uscire più spesso per capire cosa sta succedendo in Italia dopo tutto quanto di sbagliato che il Governo ha messo in atto.CIGD ancora nullasoldi zeropromesse tante e gente disperata.Chi dobbiamo ringraziare di tutto ciò? Scenda dal Pianeta sul quale lei vive!
1263929361318764545,2020-05-22,22:26:57,Approfittiamo del momento x dare #orario consono x frequentare #locali. #Apertura dalle 21all 1.30 di notte è sufficiente poi tutto chiuso! Garantiamo il riposo l'ordine e meno #incidenti.  Si esce prima si torna prima si beve meno si guida meglio.
1263918118113554433,2020-05-22,21:42:16,Gli unici che ti voteranno ancora saranno sicuramente quelli che vendono monopattini o vaccini
1263915814446645248,2020-05-22,21:33:07,Pandemia falsa come una bancnota da 30 euro. Pagherai per tutti i tuoi crimini contro l'umanità. Fai ribrezzo per come hai mandato a prostitute una nazione intera.
1263912528838635525,2020-05-22,21:20:03,Lei ieri è uscito dal Palazzo per fare  2 passi e visitare dei negozi e mi risulta che sia rimasto deluso dal deserto che ha trovato in giro.Certo questa notizia è incredibilema cosa pensava che gente che non ancora ricevuto la CIGDsenza più soldisi affollasse a fare la fila?
1263906816645267461,2020-05-22,20:57:21,Sto seguendo Stasera Italia su rete4...ho sentito che sei uscito dal palazzo d'oro e hai fatto un giro per Roma restando sorpreso dei bar aperti e vuoti...una domanda...ma fino ad ora dove caspita hai vissuto? Su Marte?
1263904313694400512,2020-05-22,20:47:25,#CONTEDIMETTITI ieri hai fatto capire che omuncolo assetato di potere che sei... vergogna...!!
1263898631691735040,2020-05-22,20:24:50,Dimettiti nn ti vogliamo vai a casa
1263897958766034946,2020-05-22,20:22:10,buonasera nostro presidente una prefettura ancora non è iniziato quando inizia il motore alla prefettura perché sta notando i clandestini per rinnovare il permesso di soggiorno
1263883394305458177,2020-05-22,19:24:17,STABILIZZAZIONE dei docenti precari per TITOLI E SERVIZI.  NO concorso a CROCETTE.  🔥🔥🔥#AnDDL🔥🔥🔥
1263881260692373504,2020-05-22,19:15:48,#StopAzzolina SI a concorso per TITOLI e SERVIZI altrimenti riaprite le scuole se non ci sono rischi. #stabilizzazionePrecari180x3
1263872844645228545,2020-05-22,18:42:22,NON ESISTE UN’ITALIA DIVISA DA CONFINI REGIONALI ( ci stanno deridendo tutti  e non ci sarà alcun turismo )
1263871594956566528,2020-05-22,18:37:24,Blavo! Un glande amico di cinesi
1263867885321150465,2020-05-22,18:22:40,Gentile Dottor Conte in base al decreto rilancio il contratto a td attivo al 23.02.2020 ed in scadenza il 12 giugno 2020 (scadenza dei 12 mesi) può essere rinnovato per altri 12 mesi entro il 30 agosto o può essere rinnovato solo per quanche mese con scadenza il 30 agosto?
1263854122312372228,2020-05-22,17:27:58,Siete dei criminali...in cambio del dio denaro state rendendo la vita alle persone un inferno!!! Le multinazionali e i magnati del mondo si servono di voi per AMMAZZARE le persone!!! Siete delle persone di merda  corrotte ed assassine!!!
1263852326445625347,2020-05-22,17:20:50,Io le dico di piú. Se lei pensa di ributtarci in lockdown per presunte ondate di qualcosa che é sempre meno temibile di questo infausto governo.....questa volta sarà scontro totale e senza esclusione di rivolta! Ne sia sicuro.
1263849078145851393,2020-05-22,17:07:56,Perché non si prendono provvedimenti per chi non rispetta le regole di distanziamento anche in parlamento?È già assurdo vedere in un luogo istituzionale  atteggiamenti aggressivi ma addirittura fare bagarre è vergognoso! Tanti stanno facendo sacrifici per rispettare le regole.
1263845045532348417,2020-05-22,16:51:54,Non ha minimamente presente di cosa vuol dire  risollevare l’economia che prima ancora che da fondi può partire solo dal morale del consumatore e dalla coerenza delle vs parole. Se dite dal 3 giugno si aprono regioni e frontiere e poi boccia ogni giorno lo nega .. pazzi
1263839305878908928,2020-05-22,16:29:06,Raccontaballe senza dignità
1263838499913990145,2020-05-22,16:25:54,Il periodo è tremendo ma per lo meno vi state impegnando a fare.... e se l’Europa oggi è più disponibile è grazie a voi anche se tardiva ... adesso le imprese e i posti di lavoro 👩‍💻👍👍👍🤗🤗🤗
1263838128315432961,2020-05-22,16:24:25,Questo è di gran lunga il miglior governo Italiano che io abbia mai visto. Una manovra imponente che aiuta anche i cittadini e non soltanto i poteri forti. Grazie!
1263830086823874560,2020-05-22,15:52:28,Presidente i precari della scuola confidano in lei! Dopo 36 mesi di servizio quale merito può aggiungere la lotteria di 80 domande in 80 minuti? Assunzioni per titoli e servizi successivamente verifica orale selettiva al termine dell'anno di prova-formazione.
1263826429025882117,2020-05-22,15:37:56,Mi induce sempre un effetto purgante il preside' giuse' co'
1263819148158738434,2020-05-22,15:09:00,Presidente Conte siamo in centinaia di liberi professionisti con il contributo Covid19 di 600€ bloccato a causa di un cavillo della "gestione separata" con @INPS_it.  Sono due mesi e mezzo che lavoro al 10%. Sbloccate questa situazione aiutateci perfavore! Grazie
1263815767235219456,2020-05-22,14:55:34,Potete mostrare finché volete immagini vere o false di presunta movida ma vi dico chiaramente che l’Italia e’completamente ferma! Ciò che la ferma sono la mancanza di fondi e la mancanza del sorriso col vostro terrore e idee che cambiano ogni giorno ci distruggete
1263810540830408704,2020-05-22,14:34:48,AZZOLINA E GRANATO A CASA! 🔥#Anddl 📌#Stabilizzazione 📌#G36 📌#TitoliEservizio
1263808754744791040,2020-05-22,14:27:42,Italia Viva punta sulla presidenza di Commissioni chiave       Ma l'ex rottamatore vuole anche un ministero per la Boschi https://www.huffingtonpost.it/entry/rimpasto-la-fame-di-renzi_it_5ec6b190c5b64a128e8937fe?vsa&utm_hp_ref=it-homepage
1263800845256269824,2020-05-22,13:56:16,Sarai cacciato a colpi di forconi!
1263799987248529408,2020-05-22,13:52:51,Solo bla bla bla .... Vi prende in giro tutto il mondo...
1263799680317751297,2020-05-22,13:51:38,Non mi fido più di cosa dice lei sig Presidente. Appena finisce questa condizione del Covid mi licenzio di mia spontanea volontà  al meno stato non mi trattenni contributi per puoi non offrirmi quello che mi speta in momenti come questi e a dire vero Italia non offre servizi
1263798390992834561,2020-05-22,13:46:31,Occorre stabilizzare chi a scuola ci lavora da anni attraverso una procedura per titoli e servizio che hanno permesso al sistema scolastico di andare avanti in questi anni! No alle crocette! Tuteliamo la salute pubblica!  🔥#AnDDL 📌#Stabilizzazione 📌#TitoliEservizio 📌#G36
1263797992638775298,2020-05-22,13:44:56,Quest'anno al mare andranno solo i ricchi..........
1263796612511469568,2020-05-22,13:39:27,Hai rotto il cazzo!!!
1263796593880416262,2020-05-22,13:39:22,Fate decidere ai genitori se DAD per tutto l'anno scolastico oppure rientro a scuola. Non tutti i genitori considerano i propri figli autovetture da PARCHEGGIARE fuori casa!! Ci sono genitori che considerano la salute una priorità assoluta
1263780166699974657,2020-05-22,12:34:06,Fai un favore agli italiani incapace dai le dimissioni
1263779813346750465,2020-05-22,12:32:42,Vergognati e dai le dimissioni uomo senza onore ne dignità
1263779702663192577,2020-05-22,12:32:15,Il chiacchierone più cazzaro che ci sia
1263768492844728320,2020-05-22,11:47:43,Sei solo un buffone bugiardo è un uomo viscido
1263766229988315136,2020-05-22,11:38:43,Forza presidentesiamo con te ci possono essere errori e anche sbagli ma l'importante è  essere onesti non cambi.
1263765292460707840,2020-05-22,11:35:00,Sig. Conte leggo sui giornali notizie tali per cui dal 3 giugno la mobilità per i cittadini lombardi continuerebbe ad essere vietata. Abito a Milano i miei genitori (anziani) in Friuli devo aspettare che muoiano per poterli rivedere ? Io questo lo chiamo fascismo e Lei ?
1263763518203052032,2020-05-22,11:27:56,Spero per quella tosse chissà che qualcuno ci abbia ascoltato
1263757663495749633,2020-05-22,11:04:41,Investire sulla scuola a partire da quelli che a scuola già lavorano da anni!A settembre la scuola sarà nel caos totale e la responsabilità sarà vostra! I concorsi per titoli sono previsti dalla Costituzione Italiana e Lei lo sa bene!  🔥#AnDDL #G36 #titolieservizio #TerzaFascia
1263756736328015882,2020-05-22,11:01:00,Ah ancora lì sta? Torno più tardi... Quando si dimetterà
1263753643330863105,2020-05-22,10:48:42,Senta bene cosa ha detto il professor Zangrillo;uno che e’stato tutto il tempo in rianimazione!ilvirus non sta più creando effetti devastanti nei nuovi casi egli italiani non sono babbei da richiudere in casa!I bimbi devono andare a scuola altrimenti molti chiederanno l’elemosina
1263750109797527553,2020-05-22,10:34:40,Si deve ascoltare il popolo!! State offendendo e facendo indignare  una categoria onesta che sta lavorando duramente anche davanti alle continue incoerenze#G36 #anDDL #titolieservizio 🔥
1263748900084748289,2020-05-22,10:29:51,La Scuola ha bisogno di risposte! Settembre è vicino. Le famiglie avranno bisogno di istruire i propri figli ma non avranno docenti pronti ad accogliere bambini e ragazzi #G36 #AnDDL #stabilizzazione
1263741044631441408,2020-05-22,09:58:38,Che criterio avete utilizzato nell'assegnare le zone rosse nel decreto rilancio e cm mai il veneto e' stato escluso? Vorrei capire. Grz
1263740238603657217,2020-05-22,09:55:26,I docenti precari vanno stabilizzati non esodati🔥Fermate il concorso a crocette! 🔥#AnDDL 📌#Stabilizzazione 📌#G36 📌#TitoliEservizio 📌#TerzaFascia 📌#DSGA_FF 📌#infanziaEprimaria
1263737756104175617,2020-05-22,09:45:34,Servo venduto e schifoso stai devastando un intero Paese!
1263733018595921920,2020-05-22,09:26:45,💪🏻I lavoratori docenti precari meritano il riconoscimento dei loro diritti!! No a i concorsi lotteria a crocette!❌❌❌ Stabilizzazione per i docenti precari!! 🔥#AnDDL 📌#STABILIZZAZIONE 📌 #G36 📌#Terzafascia 📌#TitoliEservizio
1263731000099721217,2020-05-22,09:18:44,Siamo pronti a scendere in piazza #stabilizzazione #g36 #noquiz #anddl🔥🔥🔥🔥
1263728304508604416,2020-05-22,09:08:01,CI STATE PRENDENDO IN GIRO MA NON DIMENTICHEREMO!!!! 🔥#Anddl 📌#Stabilizzazione 📌#G36 📌#TitoliEservizio
1263727291152171008,2020-05-22,09:03:59,D.P.R. 9 maggio 1994 n. 487 così recita: L’assunzione agli impieghi nelle amministrazioni pubbliche avviene per concorso pubblico aperto a tutti per ESAMI per TITOLI per TITOLI ED ESAMI per CORSO-CONCORSO o per SELEZIONE. #G46 #AnDDL
1263727071592960000,2020-05-22,09:03:07,Adesso basta: i docenti precari sono esasperati. Vogliamo stabilizzazione per titoli come per la giustizia. Si faccia garante della democrazia! #AnddL
1263726219679485955,2020-05-22,08:59:44,Concorsi per titoli e servizi sono costituzionali glielo ricordi alla Sua ministra dell'istruzione. Non più tardi di 2 giorni fa è stato indetto un concorso siffatto al Ministero di Grazia e Giustizia sempre PA è! E lì non si parla di sanatoria o incostituzionalità.
1263724401448693761,2020-05-22,08:52:30,Caro Signor Presidente lei e' per me una persona eccezionale e da CATTOLICA prego per lei afginche' perseveri in questa sua missione .
1263724301896880131,2020-05-22,08:52:07,CI STATE PRENDENDO IN GIRO MA NON DIMENTICHEREMO!!!! 🔥#Anddl 📌#Stabilizzazione 📌#G36 📌#TitoliEservizio
1263723898669064192,2020-05-22,08:50:30,Se in quanto mediatore lascerà che nella maggioranza prevalga la linea dei5 Stelle sul reclutamento precari si prenderà una grossa responsabilità. Evidentemente quanto il mondo della scuola ha fatto con Renzi non vi ha insegnato nulla. Tutelate i lavoratori o no? #Anddl #G36
1263723284631339010,2020-05-22,08:48:04,Assumere per titoli e servizio con ulteriore formazione in itinere ed  esame finale. A costo zero! Crocette e meritocrazia non sono sinonimi!🔥🔥🔥 #STOP PRECARIATO #ANDDL #STABILIZZAZIONE #TERZAFASCIA #G36
1263723218134851585,2020-05-22,08:47:48,Dal 1settembre i docenti precari devono essere stabilizzati impossibile fidarsi del merito delle crocette oltretutto in piena pandemia.i precari della scuola vanno stabilizzati non esodati. valorizzate l'esperienza! Non piegatevi a certi deliri di onnipotenza...   #G36 #ANDDL
1263722948730503168,2020-05-22,08:46:44,Il nulla che avanza...🟥 #anddl 🔥 BASTA RIMANDARE. 🤜ESIGIAMO DELLE RISPOSTE💨NO ARIA FRITTA 🥱NON ATTENDISMO PIÙ CON PAZIENZA.  #ANDDL #G36 🧱 🛑
1263722381371158528,2020-05-22,08:44:29,Noi precari non abbiamo nessun rispetto e nessuna tutela... non dimenticheremo ciò che ci è stato fatto#ANDDL 🔥💪🏻
1263722046183309312,2020-05-22,08:43:09,E i 200 milioni per il Veneto? Vattene a casa!
1263721867011149824,2020-05-22,08:42:26,💥DIGNITÀ a i docenti precari è grazie a noi che la scuola italiana va  avanti!!! I posti devo essere assegnati con concorso a Titoli e Servizio!!! Stop Quiz!💥💥💥Riconosceteci i Diritti fondamentali della Costituzione 📌#AnDDL 📌#G36 📌#stabilizzazione 📌#titolieservizio
1263719692994297858,2020-05-22,08:33:48,Pagliaccio torna a scaldare i banchi di scuola......
1263712320032854022,2020-05-22,08:04:30,Richiami Granato straparla.
1263708755734269953,2020-05-22,07:50:20,Caro presidente tutte queste belle parole non serviranno a far ripartire l’economia e grazie a tutti questi blocchi chi è riuscito a riaprire ha ovviamente aumentato i prezzi... grazie !!!
1263700258590244866,2020-05-22,07:16:34,Il fatto che oggi l’Italia abbia pochissimi nuovi contagi è una grande vittoria segno delle giuste scelte. Così si può ripartire. Altre scelte più facili e più popolari non ce lo avrebbero permesso. Grazie al governo per come ha gestito la situazione. Orgogliosa dell’Italia 🇮🇹💪🏻
1263699386351091717,2020-05-22,07:13:06,Faccia una cosa giusta.... Si DIMETTA.
1263687791759765507,2020-05-22,06:27:02,Mi ha fatto venir voglia di cagare come sempre grazie sig. Pagliaccio
1263671517956669440,2020-05-22,05:22:22,Sei veramente vergognoso! Il bello che come tanti italiani all'inizio ho pensato che eri l'uomo giusto per dirigere la pandemia. Poi ti sei rivelato chi sei sotto le mentite spoglie! Solo per questo fossi in te mi dimetterei.  Hai deluso e rovinato una nazione. Dimettiti
1263668425257336842,2020-05-22,05:10:05,Scusate mi è sorto un dubbio ma secondo voi in questo momento è meglio la cassa integrazione o la naspi perché ancora mi sto facendo i calcoli a che percentuale viene versata io mi ricordavo l'80% del lordo cmq siamo nelle mani di nessuno tutta la poilitica in generale fa schifo
1263661146709667840,2020-05-22,04:41:09,Soliti discorsi sterili e inutili non sei all'altezza dell'incarico che  ricopri sei in piccolo omuncolo.
1263634113891688448,2020-05-22,02:53:44,Venduto Infame dalla🍁🍁🍁🍁🍁🇨🇦🇨🇦🇨🇦
1263619918874005511,2020-05-22,01:57:20,Ma vedi d'annattene pupazzo
1263617908086890500,2020-05-22,01:49:20,Dopo essere stato trattato come un incompetente mi sarei alzato dalla poltrona e mi sarei dimesso e tolto dai coglione Dimettiti deficente
1263611143333064706,2020-05-22,01:22:27,Sempre bello rivederLa in diretta tv caro Signor Presidente Conte! Appassiona i giovani alla vita politica in questo momento storico difficile per la nostra Italia.
1263607123881201664,2020-05-22,01:06:29,Io non voglio sapere chi ti ha dato la patente io voglio sapere chi ti ha dato la macchina! Incompetente e arrogante! Quasi uno stupido!
1263599109979672576,2020-05-22,00:34:39,A va e scupiti u mari...
1263598678545010690,2020-05-22,00:32:56,Presidente tutti i partiti di maggioranza e opposizione parlano di stabilizzazione dei docenti precari. Confidiamo in una sua saggia mediazione che garantisca i lavoratori della scuola e i principi della democrazia! #AnddL
1263597663632539648,2020-05-22,00:28:54,600 euro promessi. Caro presidente presenzialista. La sua immagine televisiva mi ricorda i venditori di lozioni per la crescita dei capelli nei film del far west.
1263596481274974208,2020-05-22,00:24:12,Se tieni agli italiani come "dici" dimettiti..sarebbe un bel gesto patriottico e sarai ricordato per sempre... pensaci
1263592493012025345,2020-05-22,00:08:21,Come si è saputo il governo italiano aprirà IMMIGRAZIONE per i lavoratori dell'agricoltura e del badante.  Il governo deve aprire l'Immigrazione per i lavoratori di altri settori come Fabbriche Maggazini e Ristoranti.  Poiché questi settori stanno anche culminando nell'economia
1263592345754169346,2020-05-22,00:07:46,senza alcuna discriminazione anche i lavoratori di altri settori richiedono documenti e IMMIGRAZIONE.
1263591328622903296,2020-05-22,00:03:43,Presidente Conte Stabilizzate i docenti precari della scuola che stanno portando avanti la scuola con passione e sacrificio. Un concorso a crocette non può valutare la nostra competenza sul campo. Aiutateci perché nessuno deve rimanere indietro !
1263589684971663361,2020-05-21,23:57:11,Grazie Presidente
1263584084569124866,2020-05-21,23:34:56,Si può fare tutto i politici e ministri fanno bagarre in aula distraendo misure di sicurezza in bella mostra ma non siete capaci di riportare gli studenti nel posto sacrosanto dove devono studiare : a scuola
1263583903832371209,2020-05-21,23:34:13,⛔STOP AZZOLINA  ⛔STOP CROCETTE  ✅ STABILIZZAZIONE  🔥#AnDDL 📌#Stabilizzazione 📌#G36 📌#TitoliEservizio 📌#TerzaFascia
1263583789508292612,2020-05-21,23:33:46,Caro Presidente  lei tempo fa ha dichiarato che nesuun lavoratore veniva lasciato indietro  mi può spiegare allora come mai non ferma la Azzolina? Sta distruggendo i precari. Ci pensi domani.  🔥#AnDDL 📌#Stabilizzazione 📌#G36 📌#TitoliEservizio 📌#TerzaFascia
1263581315531591680,2020-05-21,23:23:56,Oggi hanno distrutto ancora una volta le sue balle e ancora non si dimette #CONTEDIMETTITI
1263579097621397505,2020-05-21,23:15:07,In diretta dalla Camera dei deputati cosa? Le tue solite frottole e televendite? E le figure barbine che fate tu e questo governo di bugiardi e traditori? #GovernodellaVergogna #CONTEDIMETTITI
1263571721120100352,2020-05-21,22:45:48,delle tue informative ci siamo davvero rotto i maroni . .. .i tuoi decreti più che #bazooka sono dei fallimenti come i partitini che ti sostengono! PAsserà l'estate e poi sarà tempo di mietere il grano e la feccia che è in #Parlamento . .tic toc tic toc
1263570749836705798,2020-05-21,22:41:57,Chiedo per un amico... La potenza di fuoco che fine ha fatto??? Si è inceppata?? Si è spenta??? Dov'è???
1263567677244792835,2020-05-21,22:29:44,i soldi x gli immigrati scommetto che a fine mese ci sono sempre . E i soldi x gli italiani in cassa integrazione che aspettano da marzo dove stanno ?????
1263557948086857728,2020-05-21,21:51:05,Ma lei si rende conto chi caspita ha mandato a dirigere il ministero dell’istruzione? Non si vergogna? Non sa nemmeno  ciò che dice e ciò che fa! Non si può lasciar u L’istruzione l’istruzione presidente in mani a questa signora
1263555867263275008,2020-05-21,21:42:49,VERGOGNA!!!!
1263554001410428928,2020-05-21,21:35:24,Buffone pagliaccio burattino! la cassa integrazione???  Sei un essere spregevole!  La vita ti presenterà il conto! Fai schifo!
1263548401813159942,2020-05-21,21:13:09,ministro Conte.Sei bravo convindi covin19 ma non bravo reapertura voli tra italia e american.american ancora sotto controlloloro bortare a italia sicuramentericcorda italia bortato a american in Marzo??
1263548131557494785,2020-05-21,21:12:04,Voi 5 stelle avete fatto SCHIFO!!!!!!!
1263547221938765824,2020-05-21,21:08:27,Bravo presidente
1263546740457775105,2020-05-21,21:06:33,Vergognati cialtrona
1263544556555034627,2020-05-21,20:57:52,Per risollevare l'italia ci vuole un lead di grande carisma e caraggio lei sta solo tentando di tenere in piedi una maggioranza litigiosa e poltronista ...non sofnavamo questo modo.di essere amministrati.
1263541551650701312,2020-05-21,20:45:56,che schifo l'applauso del @pdnetwork e del @movimento5stelle DOVE SIETE QUANDO GLI ITAILIANI MUOIONO O PERDONO IL LAVORO O NON POSSONO FARE LA SPESA PERCHè NON ARRIVA LA CIG?
1263536681447284736,2020-05-21,20:26:34,CIG tassata al 23%... vergognatevi indegni !
1263534160410488832,2020-05-21,20:16:33,Fate pena ci risolleveremo senza di voi
1263532097240694786,2020-05-21,20:08:21,Lei l'ipocrisia fatta persona... L'opportunismo l'incompetenza la boria lei ci ha portati alla parola FINE   "sento... la sofferenza che cresce.... 🤣🤣🤣🤣"  Ma vada a farsi un giro in osteria
1263530882578685953,2020-05-21,20:03:32,Certo che leggendo i commenti non si può pensare che siano tutti di parte perché alcuni dicono oggettive verità ma quando poi Vi si sente parlare sembra che guardasse tutto da un altro mondo .Non capite la differenza tra stare dietro un tavolo o davanti
1263526425904254976,2020-05-21,19:45:49,Ancora fa propaganda?SIAMO CONSAPEVOLI!!!MA A CHI LO DICI ORMAI NN TI VUOLE NESSUNOTI SEI CAVATO LA FOSSA CON LE TUE MANI.VERGONATEVI LA LUMACA È PIÙ VELOCE.
1263522952047403008,2020-05-21,19:32:01,Oh fenomeno. Posso fare lo. Smart working con un bambino di 1 anno?? 2 3 4 5 anni?????????
1263522709423689728,2020-05-21,19:31:03,Grande Presidente faremo barriera a fascisti populisti razzisti xenofobi ed omofobi non passeranno stua tranquillo gli sbarreremo la strada con le buone o con le cattive
1263518745512869891,2020-05-21,19:15:18,Giorgia #Meloni ti ha letteralmente brutalizzato non ce la fai contro di lei ha una forza soverchiante.  T’ha dato certe randellate così forti dietro le recchie che boccheggiavi...e noi tutti a godere. Grande @GiorgiaMeloni #CONTEDIMETTITI
1263518008439431168,2020-05-21,19:12:22,Oggi quando andrà a decidere per la nostra sorte si ricordi del suo pacco per concorso universitario. Anch'io vorrei partecipare a un concorso presentando il mio pacco con i miei titoli e servizi. Se lo ricordi ok????????????? #anddl
1263515112826175490,2020-05-21,19:00:52,Spero che nella rouniore di questa sera i precari della scuola verranno salvaguardati. Non so perché state remando contro di noi. La cosa certa è che ci sono  80000 precari pronti a scioperare. Ritrovarsi migliaia di persone in piazza per il Governo non è una bella cosa.
1263514261063716864,2020-05-21,18:57:29,Scuola: una parola per anni dimenticata. Cambiamento: ciò che avete promesso. È triste da dire ma la scuola non sta cambiando anzi. Il Miur non ascolta i suoi docenti continua a bistrattarli. Non si può essere tanto sordi di fronte a un malcontento così generalizzato.
1263512423505571843,2020-05-21,18:50:11,#CompagnidiScuola di gigino alias @luigidimaio: 1. De Falco Pasquale al CDA FINCANTIERI 2. De Falco Dario a Palazzo Ghigi 3. Carmine America* CDA LEONARDO * il suocero è un fornitore Leonardo Avranno tutti lo stesso curriculum di Gigino? #OnestàOnestàOnestà @GiuseppeConteIT
1263511849410191362,2020-05-21,18:47:54,Ci potete dire quali sarebbero queste "riforme"?  Una è la "semplificazione " della burocrazia  ... e poi??
1263506479144894464,2020-05-21,18:26:34,Ricordati una cosa signorina Conte...il periodo della pandemia delle quarantene delle mascherine finirà prima o poi e quello che avrete fatto e lasciato al popolo italiano RIMARRÀ
1263505608441028608,2020-05-21,18:23:06,E' apparso un nuovo imbecille di portata nazionale: il deputato 5Stelle Ricciardi.  Ha detto bene la Meloni: ha recitato con maestria il copione scritto da Conte.
1263504770729459714,2020-05-21,18:19:46,COLPO DI STATO. NESSUNO VI VUOLE. LIBERATE IL PAESE.
1263504187414978560,2020-05-21,18:17:27,Magrissima (per non usare un’altra parola) la figura fatta  del Presidente del Consiglio davanti all’intervento di @RicRicciardi . #CONTEDIMETTITI #VoiNonMiRappressentate
1263503516242522114,2020-05-21,18:14:47,ma questo è del mestiere?
1263497447776694275,2020-05-21,17:50:40,Grazie Presidente.
1263493589495156736,2020-05-21,17:35:20,Se le può interessare GIÙ LE MANI DALLA MIA LOMBARDIA!!!!
1263488871205126150,2020-05-21,17:16:36,Ma del decreto Giugno non si è parlato???? Scioccante...come se la pandemia fosse già finita
1263486578544050177,2020-05-21,17:07:29,InDiretta? Al posto suo mi  sarei diretto dal presidente della repubblica a consegnare le dimissioni! Un atto DI BUON CUORE VERSO GLI ITALIANI!
1263484302517579776,2020-05-21,16:58:26,La scuola non e’una questione che si possa rilegare solo al sopperimento con altro della socialità come nel caso di centri estivi (a questo ha alluso l’incapace azzolina la scuola e’insegnamento e’comprensione e’svolgimento!! A settembre tutto devono tornare a scuola incapaci
1263478163734224901,2020-05-21,16:34:03,Ho sono pagati dai cazzari oppure sono persone imbecilli questi personaggi che danno  tutta la colpa a Conte
1263477239695450112,2020-05-21,16:30:22,Vattene via sparisci vai a curarti le adenoidi.
1263476956529659907,2020-05-21,16:29:15,Scusi eh cosa detto l’azzolina ? Rientro a settembre graduale ?? Voi cosa volete dire ! La scuola”  a settembre deve riprendere a scuola !!! State impazzendo davvero ?? Ma per cosa avete presi i ragazzi ? Per dei poveretti che se non imparano e’meglio ?!
1263476259851550721,2020-05-21,16:26:29,Presidente come commenta la stragrande maggioranza di aziende rimaste fuori dal bando Invitalia? No comment per rispetto alle istituzioni ma Voi a noi non ne avete per nulla di rispetto.
1263473539627319298,2020-05-21,16:15:40,Buffone  aspettiamo ancora i 600 euro di marzo
1263469255410036736,2020-05-21,15:58:39,Presidente prima di elargire tutti questi aiuti economici controlli le precedenti dichiarazioni dei redditi Oggi tutti in deficit ma tanti EVASORI FISCALI
1263466731525283842,2020-05-21,15:48:37,carissimo conte sono un ragazzo di 25 anni di Roma disperato é da marzo che aspetto la cassa integrazione non ancora arriva nulla ho 2 affitti arretrati da pagare bollette scadute e spesa alimentare da fare. dove vado a mangiare e a dormire a breve...
1263463985728323584,2020-05-21,15:37:42,Qualcuno informa il M5S che il ospedale di Milano Lombardia è stato fatto con soldi dei PRIVATI non quelli dello Stato !!!!!! O i risparmi e soldi dei cittadini sono quelli dello stato ???? Per sapere siamo nella DITTATURA o schiavitù???Magari ci delucida lei Onorevole Conte!
1263461411021303809,2020-05-21,15:27:29,Caro Giuseppe Conte oggi ho saputo che la domanda del bonus di 600 euro di mio marito è stata respinta secondo lei con quali soldi noi possiamo sfamare i nostri figli ? Ci vuole invitare lei? Avevo riposto tante speranze in lei ma mi sento veramente delusa e presa in giro
1263460327108349953,2020-05-21,15:23:10,Io non so piu che Insulti Farti... I Soldi della cassa Integrazione ma che cazzo hai deciso brutto coglione!
1263458720593465345,2020-05-21,15:16:47,La bici Shimano la date ai primi che telefonano all'INPS?
1263458674430939147,2020-05-21,15:16:36,Quando gli fai notare che quest individuo si è alleato prima con Salvini e poi con Renzi pur di pararsi il culo e mantenere la poltrona(insomma un uomo tutto di un pezzo) I bimbi e le bimbe di Conte ammutoliscono o partono con gli insulti..fa male la verità vero? #CONTEDIMETTITI
1263456404813361152,2020-05-21,15:07:35,Grazie PRESIDENTE!
1263456099803553793,2020-05-21,15:06:22,Ma dimettiti che dopo ieri ci fai più bella figura burattino! Basta M 5 💩
1263454336807505922,2020-05-21,14:59:22,Tempo massimo te lo ruberai tutto ma sono felice di una cosa ovvero che sia questa legislatura che la presidenza della repubblica ha un termine costituzionale poi non vi vedremo e sentiremo più. Godo solo al pensiero di quel momento. Merde siete e merde tornerete
1263452025955778560,2020-05-21,14:50:11,Uno dei pochi politici che ringrazia i cittadini! Bravo 👏🏻 Mi e le chiedo però se ritiene veramente poco rischioso per i sacrifici fatti finora permettere a giugno l’arrivo di stranieri per turismo senza alcun vincolo di quarantena! 🤔
1263450129098555393,2020-05-21,14:42:39,Giuseppe metti una pezza alla sparizione del bonus medici ed infermieri. Toppate alla grandissima se non li premiate.
1263448557199200265,2020-05-21,14:36:24,Magari dite a Salvini che non bloccasse dal suo profilo chiunque lo critica. Fate una legge che impedisca ciò. Tutti hanno diritto a sapere cosa scrive e cosa propone chi si candida ad una carica pubblica. #Salvinivergognati #salvinicensuraitaliani
1263448140478373888,2020-05-21,14:34:45,grazie all'opposizione scellerata di questo governoche  ho votato in passato (mai+)ho capito oggi che hanno creato un passato ignobile e ci sputano ancora sopra dando la colpa ad un governo che vive un male sconoscito. Viva Presidente.Con stima:un artigiano e figlio di anziani
1263446644068155395,2020-05-21,14:28:48,A ridicolo ti sei alleato primi con Salvini e poi con Renzi pur di non perdere la poltrona ma non ti vergogni neanche un po sei un insulto alla politica #CONTEDIMETTITI
1263446103158128640,2020-05-21,14:26:39,Dimettiti fai più figura!!!!
1263445890389487617,2020-05-21,14:25:48,Ricordo altra cosa brutta che la Lombardia è stata aiutata da tutte le regioni del sud ospitando e salvando vite lombarde... Il vicino Veneto amico di @FontanaPres nessun aiuto...
1263445359193448448,2020-05-21,14:23:41,Mi chiedo perché la sanità lombarda nn è già commissariata?Se la cattiva gestione lombarda fosse accaduta da un altra parte Italia la lega sarebbe la prima a chiedere il commissariamento
1263440065382023168,2020-05-21,14:02:39,Presidente...ci vuole una banca di Stato che eroghi i prestiti altro che il buon cuore dei banchieri privati. Con stima e buon lavoro.
1263438425207844864,2020-05-21,13:56:08,Continua a parlare al futuro. Mi riguarderò il discorso per vedere quante volte ha usato i termini farò faremo ecc... Il pinocchio con la pochette... Il discorso di Ricciardi e’ opera tua... Vergognati
1263435632220782592,2020-05-21,13:45:02,98 decreti attuativi ? Ma scherza !? Questi vanno in vigore a fine anno così ... siete impazziti
1263434855498604544,2020-05-21,13:41:57,H1N1 a Marzo inizia la propaganda per il vaccino che poi nessuno ha fatto. Oggi si cambia registro si mette in scena una Pandemia per arrivare ad imporre il Vaccino.  Partenza diversa traguardo uguale.
1263433719110602752,2020-05-21,13:37:26,Per poi accorgerci che manco le mascherine a sufficienza c'erano? A proposito...nemmeno oggi ci sono...ma tu li hai visti i medici del 118 vestiti coi sacchi dell'immondizia perché non avevano I DPI? dal vivo intendo non in TV...
1263433381943132161,2020-05-21,13:36:06,A parte i soldi che non arrivano...ma la smettete con il siparietto ormai stucchevole di attaccare la sanità lombarda? Ma dobbiamo ripercorrere la storia dalle ormai famigerate frasi "il rischio in Italia è praticamente zero" e " siamo preparati a fare fronte a tutto?"
1263432978279079936,2020-05-21,13:34:30,Si vergogni io ho ascoltato le parole della #Meloni e non l'ho mai votata e se tutti le ascoltiamo C'è tanto di vero... Più soldi al bonus monopattino che alle persone disabili. Lei dovrebbe mettere la faccia sotto terra come gli struzzi. #colluso #assassino #delinquente
1263431511505862656,2020-05-21,13:28:40,Le imprese costituite a Gennaio 2020 non hanno accesso né ai finanziamenti garantiti né ai contributi a fondo perduto un quanto non hanno nessun raffronto con il 2019. Non è discriminazione? Siamo in difficoltà!
1263430851716689921,2020-05-21,13:26:03,sei un chierichetto dell'Unione Europea re della pseudo-democrazia. Mi ripugni! #CONTEDIMETTITI
1263430645604405249,2020-05-21,13:25:13,PRESIDENTEIL SUO #AFFANNO PSICO/FISICO TRA LE RIGHE DEL SUO ALTO INTERVENTO AL SENATO APPESANTITO DALLA FIBRILLAZIONE”INCAMERATA” CON LA CALMA DEI FIRTI  CONFERMA LA SUA  #POTENZAPSICHICA! IL SUO GRAN CUORE HA FORTEMENTE VOLUTO BATTERE AL RITMO DEL  CUORE DELL’ITALIA #ONESTA!
1263430245362917377,2020-05-21,13:23:38,Un Pinocchio come te non poteva che descrivere un immaginario...paese dei balocchi mentre la gente disperata vaga per il paese senza futuro perché tu lo hai ucciso!
1263429688002822149,2020-05-21,13:21:25,il  Vostro scopo e portarci al fallimento. Sperperate miliardi  mentre si aspetta ancora la cassa integrazione in deroga oltre all'elemosina di €600.  Siete degli  intrallazzoni  senza vergogna Ve ne dovete andare. Fate  veramente schifo.!!!
1263429424587976706,2020-05-21,13:20:22,Avanti Presidente! Non ascolti le critiche... a criticare sono bravi tutti ma io ringrazio che c’era lei al comando in questo terribile momento visto che ha gestito tutto con il più alto senso di responsabilità... x oggi.... come sempre grazie per il suo lavoro!
1263428479623868417,2020-05-21,13:16:37,Massone arriva l'ONU e Trump..dimettiti
1263428325051170816,2020-05-21,13:16:00,Ma basta!!!!! Da marzo che non abbiamo stipendio!! Ma si vergogni Presidente!!!!!!
1263426624789319680,2020-05-21,13:09:15,Mamma mia quanti frustrati sfigati sotto ai suoi tweet. Io considererei l'idea di disattivare le risposte ora si può così i perdigiorno non sapranno più dove vomitare la loro ignoranza.
1263426469436538883,2020-05-21,13:08:38,E' arrivata qualche vagonata di merda nei commenti?
1263425725413183488,2020-05-21,13:05:40,Caro presidente il 15 aprile aveva garantito il pagamento della cassa integrazione! Complimenti per le promesse mantenute!!
1263425180547928064,2020-05-21,13:03:31,Vergognati sei peggio del covid per gli italiani schifoso
1263424977828806662,2020-05-21,13:02:42,abbiamo capito tutti che avete un piano per far fallire l'italia... volete continuare sulla vostra strada? ricordatevi che il bene alla fine vince sul male in qualche modo verrete ripagati come meritate per le vostre azioni... #MAGA
1263423808515571713,2020-05-21,12:58:03,Per il bene dell'Italia di dimetta anche Mattarella che fino a questo momento l'ha sempre protetta ha detto no al prolungare lo stato d'emergenza #CONTEDIMETTITI #GovernodellaVergogna
1263423086910734336,2020-05-21,12:55:11,Ma chi vi crede più fate solo ridere.
1263422455332421634,2020-05-21,12:52:41,Caro presidente non so più che fare se non arriva la cassaintegrazionele bollette arrivano e devono essere pagatei figli devono mangiare L’azienda per cui lavoro ha rimbalzato il problema a l’INPS e per vedere qualcosa in stipendio devo aspettare un altro mese Come posso fare?
1263422295495913473,2020-05-21,12:52:03,Giusto incentivare il turismo in italia. Ma proprio per questo é grave che nessuno abbia pensato ad aiutare i nostri musei dove abbiamo centinaia di opere d'arte bisognose di restauri URGENTI. E i musei sono alla base del turismo italiano.
1263421237025476614,2020-05-21,12:47:50,Non dia ascolto alla Meloni e Salvini. Lei deve sempre comunicare specialmente con emergenze prima con il POPOLO tramite TV internet quotidiani ecc. poi può farlo in parlamento. Il POPOLO è SOVRANO il parlamento e i politici NO! Continui a comunicare come sta facendo!
1263420754777038850,2020-05-21,12:45:55,Vaffanculo
1263418582056218624,2020-05-21,12:37:17,Vattene affanculo!!
1263418545431592960,2020-05-21,12:37:09,La "poderosa potenza di fuoco" annunciata da Conte sta portando i suoi frutti naturali. Cenere e distruzione.
1263418454633218048,2020-05-21,12:36:47,PRESIDENTE CONTE SEMPRE CON LEI.... GRAZIE D'ESSERCI .
1263417015546634240,2020-05-21,12:31:04,Pagliaccio osi ancora parlare di soldi quando di tutte le promesse che hai fatto non ne abbiamo vista una concretizzarsi?Vergognati.  #CONTEDIMETTITI #GovernodellaVergogna
1263414831727640581,2020-05-21,12:22:23,dica alla azzolina che i genitori non volevano aperte le scuole per far parcheggio dei figli ma perché la dad non e’stato istruzione per nulla! Nemmeno per chi ha avuto la fortuna di aver a disposizione pc e linee internet! Non e’istruzione per loro non sono universitari
1263412787188989952,2020-05-21,12:14:16,Fantoccio senza rispetto e dignità! Sparisca #CONTEDIMETTITI
1263412743677317121,2020-05-21,12:14:05,Lo dicevano fin dal primo decreto covid che raccontava frottole. Per un momento ho creduto alle sue promesse ma ad oggi mi rendo conto che cio che dicevano era realtà. È ora che tu faccia un piacere grande al popolo dimettiti. Quanti siamo a non aver visto un euro?
1263412225945018369,2020-05-21,12:12:02,Invece di auto-incensarvi tra voi della maggioranza con tanta retorica e moralismo ma senza costrutto vai in mezzo alla gente in difficoltà che hai escluso o dato 4 soldi di elemosina...stanno piangendo perché non possono riaprire con i tuoi prestiti capestro! Vergognati!!!
1263411803368849408,2020-05-21,12:10:21,Incapaci e chiacchieroni al governo. Italiani senza un soldo dalle CIGD.
1263411408919769088,2020-05-21,12:08:47,Se non mi fate tornare a lavorare per i vostri timori etici in vacanza rimanere si in Italia ma a casa mia visto che non avrò i soldi per fare più di 1 km caro il Signor Presidente del Consiglio.
1263410514530643968,2020-05-21,12:05:14,Attenzione caro conte Big ben ha detto stop. Il tempo a disposizione per far arrivare i denari e’ampiamente  terminato mi creda se le dico che gli italiani sono stanchi la sua fase due rispetto all’economia e’una cavolaia colossale vada al Quirinale
1263409903923867649,2020-05-21,12:02:48,Che infame fino a 3000 euro di multa a chi sta cercando di ripartire senza i Vostri aiuti # movida. Ringraziamo il governo per l’ennesima mossa per fare cassa!
1263409356588158976,2020-05-21,12:00:38,GRAZIE Soprattutto della pazienza.
1263409060013125633,2020-05-21,11:59:27,3 mesi ancora neanche un soldo della cassa integrazione dovreste solo tutti voi stato ed INPS vergognarvi vergogna
1263408731934556160,2020-05-21,11:58:09,Grazie per aver distrutto l’Italia. Alle elezioni ci rivediamo... spero per l’ultima volta.
1263408291335593984,2020-05-21,11:56:24,troppe assurdità  non si può ascoltare la fantascienza
1263407366487388162,2020-05-21,11:52:43,Le istituzioni su fb buffoni
1263406918657286144,2020-05-21,11:50:57,Serietà unica...chi la offende lo fa per rabbia...chi urla contro lo fa solo perche avrebbe voluto quel potere che mi auguro non giunga mai...altrimenti l Italia veramente verra piegata in due..vada avanti Presidente come sempre fatto.l Italiano intelligente è con LEI
1263405682067484672,2020-05-21,11:46:02,allora quello degli scafisti  l'immigrazione clandestina è un'industria complimenti
1263404710263914496,2020-05-21,11:42:10,Anche tu sei come Trump. Un bugiardo ignorante e disinformante. l'Italia è al 25. posto per i tamponi. fatti x 1milione di abitanti. Russia 53.451 Italia 52.450 Nuova Zelanda 50.819 L'unica dato giusto è il numero 3.171.719 tamponi che usi per impressionare la plebe Vergognati!
1263404454025596936,2020-05-21,11:41:09,Ti stai dimostrando una persona con grandi capacità anche politicamente. Continua così.
1263403890961272833,2020-05-21,11:38:55,Cos è presidente è una barzelletta quello di fare le ferie in Italia? Se il suo ministro Boccia già dice che forse la Lombardia dal 3 giugno non verrà riaperta agli spostamenti interregionali invece il confine con la Svizzera verrà riaperto. Quindi uno svizzero al mare ci potrà
1263401528548786176,2020-05-21,11:29:31,Una cosa però dovrebbe spiegare: quando a deciso le chiusure ha permesso che con adeguate precauzioni che i supermercati rimanessero aperti. Ma perché lo stesso metodo non è stato attuato per tutti i negozi. Perché ha ucciso l’economia mettendo nei guai tanti
1263400281485778944,2020-05-21,11:24:34,Presidente se lei è un uomo dovrebbe dimettersi ma purtroppo più che il bene degli Italiani come ha sbandierato ai quattro ventilei ha a cuore solo lasua poltrona altrimenti data la sua incapacità si sarebbe fatto da parte#CONTEDIMETTITI
1263400160035573760,2020-05-21,11:24:05,Che figura era talmente imbarazzato  nel raccontare storiella e balle incredibili che non riusciva nemmeno ad argomentarle senza difficoltà oratoria. Il peggior presidente del consiglio della repubblica.
1263399019973312512,2020-05-21,11:19:33,Riapri i bar ma non ci si può  andare perché  fai assembramento.tutto logico.
1263398929217007616,2020-05-21,11:19:12,La notizia che tanti aspettano è quella del vostro arresto per tradimento
1263398796354097158,2020-05-21,11:18:40,Complimenti Presidente Avanti così Grazie di esserci 👏👏👏👏💪💪💪💪💪💪
1263398511871062016,2020-05-21,11:17:32,La ricchezza annebbia la saggezza... 😔🙏🙏🙏
1263396992581021696,2020-05-21,11:11:30,La verità verrà fuori dopo Obama in America i prossimi siete tu grillo renzi e company!!!!!!
1263396601881600000,2020-05-21,11:09:57,Togliete di mezzo quel troglodita idiota di boccia e azzolina con di maio sono irricevibili!! Basta con Dpcm e concessioni anti democratiche se ne vada santo Dio non possiamo permetterci la vs incapacità
1263396216689344513,2020-05-21,11:08:25,Beh io come commerciante ho chiuso ai primi di marzo ed ad oggi ho ricevuto 600 euro al 15 di aprile. Immagino che lei i suoi bei 15-20.000 euro al mese li abbia ricevuti costantemente ogni mese. Si vergogni
1263396085860614144,2020-05-21,11:07:54,Ha deluso lei con i 5 stelle tutti quelli che Come me avevano creduto in un cambio serio ad agosto. Invece ha stracciato la costituzione ci ha solo chiuso in casa senza sapere cosa fare dopo ha distrutto econom e moral le famiglie senza cassa in lei non vale nulla
1263394524556144641,2020-05-21,11:01:42,Da avvocato indubbiamente e’capace nell’orazione ma l’economia e la gestione di una struttura come lo stato han bisogno di altre capacità e intraprendenza. Lei non cosa siano se ha un minimo di patos se ne vada
1263393952675377153,2020-05-21,10:59:25,scusami Giuseppy porto i cani in giro per la pipi di ordinanza poi vedo di ascoltarti ... salvo imprevisti. Quante cazzate racconti oggi ?
1263393719451103233,2020-05-21,10:58:30,Gli italiani ritengono che il governo non stia affrontando la voragine economica come dovrebbe guardi i sondaggi  calando alla grande perché la cruda realtà e’davanti agli occhi togliete di torno gli incapaci di maio Azzolina boccia e franceschiniultimi due rovinano il turismo
1263392710339280896,2020-05-21,10:54:29,Si dimetta!!!
1263392486552199168,2020-05-21,10:53:36,Mi spiega come facciamo ad andare in vacanza in Italia se non ci sono soldi?
1263391830273638400,2020-05-21,10:50:59,L’EUROPA CI GIUDICA! GL’ITALIANI NON MERITANO L’UMILIAZIONE DI UN ANFITEATRO PARLAMENTARE CHE FA RIMPIANGERE IL COLOSSEO!VIOLENZA VOLGARITÀ  PROVOCAZIONEISTERIA  HANNO OFFUSCATO IL #MAGISTRALE INTERVENTO DEL PRESIDENTE CONTE SINTESI COSTRUTTIVA SINERGICAUMANA RESPONSABILE
1263391791866355713,2020-05-21,10:50:50,Ciao Giuseppe...sei il nostro orgoglio finalmente l'Italia ha una voce autorevole. Ti auguro tutto il bene di questo mondo e di stare li dove sei per mettere a tacere i maleducati ignoranti che della costituzione italiana non conoscono neanche il primo articolo...forza Giuseppe!
1263391316970438657,2020-05-21,10:48:57,Hai rotto il cazzo
1263389180262055938,2020-05-21,10:40:27,È vergognoso vedere come uomini fatti e finiti si trasformino in belve da circo perché in disaccordo con l’opinione altrui. Mi chiedo come non sia prevista una sanzione a tanta inciviltà da parte di chi dovrebbe rappresentarla più di tutti
1263388435496218631,2020-05-21,10:37:30,Pensate al settore del restauro delle nostre opere d'arte. Abbiamo urgenza di far ripartire un intero settore  strategico anche per il turismo. Moltissimi dipinti dei nostri musei hanno URGENTE bisogno di restauro ma nessuno ne parla!!!!
1263387354800295938,2020-05-21,10:33:12,DO CAZZO STANNO I SOLDI
1263387227582857216,2020-05-21,10:32:42,Diretta sospesa per non fare vedere la verità in diretta. Che figura di merda mondiale italiana. Vergognati
1263386788258893824,2020-05-21,10:30:57,le vacanze le andrò a fare in un Paese libero spiace per le valide strutture in Italia
1263386786899902466,2020-05-21,10:30:57,Spero ci arriveremo ......
1263386632968794112,2020-05-21,10:30:20,Forse conveniva fare un governo di unità d Italia con alla guida Draghi ...... un pochino più esperto ...... credo
1263384778356723712,2020-05-21,10:22:58,Grazie Presidente! Per dare opportunità alle donne bisogna migliorare il welfare la famiglia deve avere servizi adeguati
1263384658328379393,2020-05-21,10:22:29,Facebook ve lo potete infilare in quel posto  Ci sono canali istituzionali che paghiamo
1263384642289352704,2020-05-21,10:22:25,Grazie anche oggi di non aver in alcun modo fatto riferimento ai lavoratori del turismo a tempo determinato sempre più abbandonati a se stessi #vergogna #decretorilancio
1263384582939906051,2020-05-21,10:22:11,Che favola ci racconti oggi? Dai che sono curioso. Rimaniamo sul classico o ci mettiamo una punta di fantascientifico tipo che arriva almeno qualche spicciolo vero da tirare nelle fontane.
1263384258258837505,2020-05-21,10:20:54,come fosse antani......
1263383924186570752,2020-05-21,10:19:34,NUTRO ORA SERI DUBBI CHE TU ABBIA MAI SVOLTO LA PROFESSIONE DI AVVOCATO NON AVENDO ALCUN TIMORE REVERENZIALE VERSO CHI SVOLGE UNA PROFESSIONE ISCRITTA AD UN ORDINE CONSIDERANDO LOZERO ASSOLUTO DI SUSSIDI CERTAMENTE TU CON I TUOI 1.200.000 TE NE FREGHI  vergognati @FratellidItalia
1263383333964259329,2020-05-21,10:17:14,Iniezione di liquidità e non di cazzate!!!
1263382327700402177,2020-05-21,10:13:14,peccato c'è un documentario sul ciclo vitale del paramecio su Focus. Se non ci fosse stato l'avrei seguita volentieri l'argomento è piuttosto simile
1263382126315134976,2020-05-21,10:12:26,Buon lavoro presidente 🇮🇹
1263381926834057216,2020-05-21,10:11:38,Ma lei segue le trasmissioni di approfondimento sulle varie reti televisive? Vede le richieste di aiuto delle PMI delle P.IVA? Penso di no. Altrimenti non direbbe le bugie che dice #CONTEDIMETTITI #VogliamoVOTARE
1263381590979293184,2020-05-21,10:10:18,Buongiorno presidente conte ma a noi invalidi civile non si può aumentare la pensione pensate a tutti a dare un sussidio ma nio prendiamo un piccola pensione di 290 euro non arriviamo mai a fine mese
1263381559165554691,2020-05-21,10:10:10,L'app immuni non dovete SCARICARLA!! ATTENTI è una truffa! Il governo è criminale!
1263380977209966592,2020-05-21,10:07:52,Grazie Presidente equilibrio e onesta intellettuale nella gestione di questa crisi sanitaria senza precedenti. ❤️
1263380461969178624,2020-05-21,10:05:49,Ti stiamo tutti guardando 😉😍
1263380238580539392,2020-05-21,10:04:56,Io già ti sto guardando♥️
1263379865862053888,2020-05-21,10:03:27,odiosi schifosi siete delle merde ve ne dovete andare dovete morire (cit.)
1263379431432818688,2020-05-21,10:01:43,emorroide indegna ed incapace...........da linciare il governo fallimento italiano
1263378985418919937,2020-05-21,09:59:57,Quante balle ben confezionate ci racconta oggi??
1263378187121315840,2020-05-21,09:56:46,Grazie Presidente!
1263377801069166592,2020-05-21,09:55:14,In diretta dal circo massimo il burattino Conte è tutta la brigata circense succhia sangue e soldi. Chiudiamo il parlamento rivediamo la nostra Repubblica fondata sui ladri e sulle mafie. #ridiculous
1263377746153156613,2020-05-21,09:55:01,Si te lo avevo detto che il #MES non serve a un caxxo se gli italiani ti cacciano 14 miliardi e gli istituzionali italiani altri 26 miliardi = 40 miliardi il #MES era solo 37 miliardi quindi gli #Italiani ti hanno detto #gualtieri=#NOMES ci pensiamo noi!Voto #M5S!
1263377490954850304,2020-05-21,09:54:00,Vergogna italiana
1263376955740696576,2020-05-21,09:51:53,Oggi non mi va nemmeno di insultarti..
1263376870638333952,2020-05-21,09:51:33,Buongiorno da BagnoliFuorigrotta
1263376834164596737,2020-05-21,09:51:24,Non vedo l'ora di poter dare un'occhiata al codice di Immuni. Sono davvero curioso.
1263376764677566465,2020-05-21,09:51:07,#FCA fallita per l'ennesima volta visto che 63 miliardi dallo #Stato sono troppi per essere solo un momento#FCA deve dare corrispettivo in azioni di 63 miliardi in #garanzia se vuole 63 miliardi di #prestito!#Stato in #CDA #FCA circa 30% e li chiede ritorno sede in #Italia!
1263376345217843201,2020-05-21,09:49:27,Secondo me non ti crede manco più tua madre
1263376179937116160,2020-05-21,09:48:48,Ti dimetti??? Ah no... Devi prima sistemare la poltrona per la Boschi... Chiedo scusa!!!
1263376158307033088,2020-05-21,09:48:43,Incapace a 5stelle
1263375981143785472,2020-05-21,09:48:00,La cassa integrazione.
1263375926445903872,2020-05-21,09:47:47,i soldi della cassa integrazione... Tra un pò la gente se li viene a prendere con le proprie mani...
1263375620215537664,2020-05-21,09:46:34,Vergognatevi ometti
1263375417055952898,2020-05-21,09:45:46,Già che state lì... Un'interrogazione parlamentare pe er gol de Turone?
1263375149195243520,2020-05-21,09:44:42,Smettiamola annuncia le tue dimissioni
1263375074754772992,2020-05-21,09:44:24,cialtronaggine acuta!! mica vorrete rinchiudere tutto per le movide!! recitatele a numero chiuso! o lo fate per svendere ai cinesi i fallimenti che avete provocato con questi pretesti?!
1263374649452363776,2020-05-21,09:42:43,Che vergogna di presidente del consiglio che è lei.. Stà portando l'Italia al fallimento all'esproprio alla svendita di tutto dalle grandi azinde al negozietto all'angolo. Non è riuscito neanche a garantire guanti e mascherine. Patetico e vergognoso.
1263374636764393477,2020-05-21,09:42:40,ancora...ma non ti tolgono ancora dalle spese?
1263374255946940417,2020-05-21,09:41:09,Vattene. Vergognati amico di #Renzi. Aspettiamo l'#OBAMAGATEGATE
1263374227320770567,2020-05-21,09:41:02,Bravo Presidente!
1263374167635824641,2020-05-21,09:40:48,Buffone
1263373922159992833,2020-05-21,09:39:50,Fai schifo. Sei un usurpatore. Non sei stato votato dal popolo. Sei un dittatore della peggiore specie.
1263373861757820930,2020-05-21,09:39:35,Beppe perdonami ora devo studiare sennò la laurea non la vedo nemmeno col binocolo  Ci vediamo all’informativa in Senato 😌
1263373700004536320,2020-05-21,09:38:57,tutte per te amo
