id,datestamp,timestamp,tweet,label
1240063151309275139,2020-03-18,00:51:09,Ma quali famiglie esattamente aiutate? Anche la mia famiglia ha bisogno di aiuto mio marito non lavora non prende disoccupazione a parte questo mese perché ha lavorato solo 50 gg era meglio se non dicevamo nulla? 😠😠😠,Contrast
1240061863792082951,2020-03-18,00:46:02,La prego Presidente estenda le restrizioni anche ai casi di bambini di genitori separati e divorziati gli unici bambini NON TUTELATI e costretti ad uscire nonostante tutti rimangano fermi nelle.loro case. FACCIA QUALCOSA PER SALVARE QUESTI BAMBINI DAL.CONTAGIO.,Neutral
1240050643911360512,2020-03-18,00:01:27,Sinceramente con il DL mi aspettavo molto di più..... non vedo soldi reali immessi nelle aziende. Come faranno le aziende a sostenere il pagamento delle imposte solo spostate essendo completamente ferme ?,Contrast
1240045623900069890,2020-03-17,23:41:30,Grazie Presidente!!!!💛,Favour
1240041762707644416,2020-03-17,23:26:09,Conte sei una delusione banderuola inaffidabile incapace di difendere i diritti degli Italiani.. Tornate da dove sei venuto tu e i tuoi Ministri.. Che poi tu non sei mai stato scelto dagli italiani.. Fattene una ragione..,Contrast
1240041435258331139,2020-03-17,23:24:51,Ci state abbandonando a noi stessi. Anni di tasse pagate per favorire i favoriti. Nulla per noi neanche di fronte alla pandemia! Ma Lei caro Presidente ha la più pallida idea dei costi di una azienda? Ci dica cosa dovremmo poter pagare con 500€ anzi ci dia l'esempio!,Contrast
1240034538056802305,2020-03-17,22:57:27,L'emergenza rende costituzionale il sequestro dei beni della chiesa. Militari e personale sanitario subito alle cliniche degli orrori e i giudici e gli avvocati che hanno assolto Formigoni a lavorare come infermieri. Basta pignora la chiesa e la mafia salvi le vite e l'economia,Neutral
1240015061382574080,2020-03-17,21:40:03,E basta parole... ma ritirati,Contrast
1240000448251265029,2020-03-17,20:41:59,Io spero però che bonus baby sitter siano dati se veramente la gente ha avuto bisogno di badare i figli a casa...io avevo appena trovato lavoro e mi hanno lasciata a casa dopo una settimana causa virus...con la naspi che finirà...almeno toglietemi le bollette,Neutral
1240000111385686016,2020-03-17,20:40:39,Grazie Presidente,Favour
1239993083456094208,2020-03-17,20:12:43,In Lombardia è ormai emergenza dentro l'emergenza bisogna incrementare i posti di terapia intensiva nei presidi ospedalieri più vicini ai cittadini colpiti dai contagi. Sarebbe auspicabile che potessero essere eventualmente spostabili o riutilizzabili ove ci sarà più bisogno.,Neutral
1239992846591066115,2020-03-17,20:11:47,Vai a fare in culo i conti li faremo alla fine se una fine ci sarà zerbino della Merkel e di Macron ion,Contrast
1239979837487538179,2020-03-17,19:20:05,Eliminate le comissioni su chi paga con le carteridurre i contatti con i soldi.,Neutral
1239975140701528065,2020-03-17,19:01:25,Caro Presidente serve la liquidità immediata perchè chi come me è stato costretto a chiudere non può andare avanti nell'attesa che si decidano le modalità per avviare una richiesta irrisoria che lei chiama "una tantum" e nel frattempo far fronte alle spese fisse.,Neutral
1239975062712635392,2020-03-17,19:01:07,è un peccato che ogni anno escano virus dalla Cina e nessuno faccia nulla?  gli altri paesi dovrebbero richiedere un'indagine approfondita su questi casi!  Dovrebbero presentarsi al tribunale penale internazionale dell'Aia.  tutti gli innocenti pagano queste conseguenze ingiuste,Neutral
1239973831617347584,2020-03-17,18:56:13,Dimmi tu se i miei genitori che hanno sacrificato la loro vita per farci studiare per un futuro responsabile  sia giusto che debbano digerire Casalino al governo. Il fegato sta per scoppiare a tutti gli italiani!  Tranne PD e 5 S.,Contrast
1239968407241363460,2020-03-17,18:34:40,Vergognoso ... accanirsi contro le PMI da anni è sono oltre il 70% delle attività che sostengono il nostro paese... mi chiedo quando avrete l'umiltà di fare un passo indietro e chiedere scusa e finalmente dare un aiuto concreto a chi non riesce più a portare il pane a casa...,Contrast
1239966957111087107,2020-03-17,18:28:54,#CuraItalia ancora una volta il governo si dimentica che esistono anche  partite iva dei liberi professionisti che sono costretti ad iscriversi alla previdenza privata e non alla gestione separata come i liberi professionisti che hano lo stipendio.  GRAZIE,Contrast
1239957905845055489,2020-03-17,17:52:56,il nuovo modello di autocertificazione lascia a desiderare: come si fà a dichiarare  "di non essere risultato positivo al virus COVID-19 " se non si è fatto il tampone?,Contrast
1239952474561183747,2020-03-17,17:31:21,Alle piccole imprese 500/600 euro al mese    TG5  Ogni migrante oltre 1000 euro al mese  Ecco il sostegno del nostro gverno alla spina dorsale italiana,Contrast
1239949582014058496,2020-03-17,17:19:52,Perché non vi fate da parte ? Serve chi sa fare e che sa fare velocemente senza accumulare morti. I morti non tornano,Contrast
1239946990945009664,2020-03-17,17:09:34,Sig.Presidente l'ospedale di Agropoli è già disponibile per l'emergenza virus! Perché non viene riaperto?Il popolo ha bisogno di questa sicurezza sanitaria!,Neutral
1239935169173356549,2020-03-17,16:22:35,No ma continuate pure a sperperare soldi con il reddito di cittadinanza ...,Contrast
1239927603571625985,2020-03-17,15:52:32,600.000 milioni a quella barca marcia dell'Alitalia il covo dei raccomandati dalla pletora becera di politici sindacalisti boiardi di stato ecc ecc. Tutto questo porterà a votare il MEF panacea ideata dai nipoti dei nazisti per distruggere l'Italia.,Neutral
1239917028900835328,2020-03-17,15:10:30,Gentile @GiuseppeConteIT. Somo un architetto. Un libero professionista ordinista. Il decreto #CuraItalia ci ha lasciati fuori. Lei ha detto: nessuno deve sentirsi abbandonato. Io posso risponderle solo cosí: #IomiSentoAbbandonato,Contrast
1239916999096098818,2020-03-17,15:10:23,@GiuseppeConteIT  Buonasera aiutate le famiglie in questo momento di contagio mondiale sii alla domiciliazione ma senza euro come si campa... gli affitti abitativi non avete proprio pensato...,Contrast
1239914181618475010,2020-03-17,14:59:12,Cioè le rate delle cartelle esattoriali rinviate in unica soluzione al 31 maggio? Ma siete impazziti?! Come pretendere che dopo tanti giorni di chiusura uno possa avere i soldi per pagare!!! Per6non parlare che al 31 maggio ci sono già ke altre rate!!!! Senza parole!!,Contrast
1239913939472977920,2020-03-17,14:58:14,Hai spostato di 5.giorni i versamenti iva spostato a.maggio e poi a giugno altre tasse e hai il coraggio di chiamarlo salva Italia 500 € alle partite iva si chiama decreto umilia Italia.  Vergogna!!!!!,Contrast
1239912119962910720,2020-03-17,14:51:00,Mi auguro che nelle misure per la scuola e la pubblica istruzione si sia tenuto conto anche di trovare una soluzione per gli studenti di scienze della formazione primaria impossibilitati a svolgere il tirocinio. Grazie premier per tutto l'impegno che mette tutti i giorni per noi!,Favour
1239909504583696384,2020-03-17,14:40:36,Questo è solo un decreto salva poltrone. Le vostre. Di voi 5 balle che state portando l'Italia alla rovina,Contrast
1239909503124099075,2020-03-17,14:40:36,GRAZIE PRESIDENTE SIAMO CONTENTI PER I NOSTRI FRATELLI ITALIANI PER IL DECRETO NOI SIAMO STRANIERI ABBIAMO SCELTO DI STARE CON VUOI PER AFFRONTARE L'EMMERGENZA MAGARI UNA PAROLA BUONA RIGUARDA L'IMMIGRATI NON FA MALE GRAZIE E BUON LAVORO. ANDRÀ TUTTO BENE,Favour
1239909285284302848,2020-03-17,14:39:44,Grazie mille  🙏Ce la faremo forza 💪,Favour
1239902854233690112,2020-03-17,14:14:11,Il tipografo della Gazzetta Ufficiale è positivo al coronavirus? No perché non vedo ancora la pubblicazione del decreto Incula Italia. Col decreto di aprile Presidente @GiuseppeConteIT  un bella patrimonialina modello Dottor Sottile?,Contrast
1239901561893064705,2020-03-17,14:09:03,Molla la poltrona #CONTE . QUESTA è la risposta .,Contrast
1239900637695000577,2020-03-17,14:05:22,Nel 2017 in Italia ci sono stati 13000- tredicimila/00 morti! Perché non avete chiuso la nazione? Di polmonite si può morire? Pezzi di merda!,Contrast
1239899749957935107,2020-03-17,14:01:51,Presidente grazie ancora! Non ho visto i dettagli ma se mi permette le suggerisco di tenere in considerazione un premio di almeno 5000 euro a beneficio di tutti gli operatori sanitari indistintamente #iolofareiconcuore,Favour
1239898799209840642,2020-03-17,13:58:04,Gli “aiuti” (si fa per dire) ai professionisti  lasciati gestire alle casse di previdenza che metteranno una serie di vincoli e paletti (e potranno trattenerne una parte come previsto). Non solo i pochi che li prenderanno lo faranno chissà quando. Ridicolo!,Contrast
1239895817974136833,2020-03-17,13:46:13,Grazie Presidente. Buon lavoro. Forza e coraggio. Andrà tutto bene,Favour
1239895318851981312,2020-03-17,13:44:14,Tramp metterà sul piatto 800 milioni di dollari. Noi non abbiamo tutti quei soldi.,Neutral
1239894915875770373,2020-03-17,13:42:38,Come sempre tutti pronti a critiche sterili,Neutral
1239893971448614913,2020-03-17,13:38:53,Prima ti dimetti meglio e!!!!!INCAPACE!!!!!,Contrast
1239892486786560000,2020-03-17,13:32:59,600 euro è un'offesa all'intelligenza 780 reddito di cittadinanza immigrati 1050 👍👍👍,Contrast
1239886689767763968,2020-03-17,13:09:57,Manca l’aiuto alle aziende chiuse. Le detrazioni a novembre (60% delle spese) non ci fanno mangiare. Come li fate i conti? Con il pallottoliere??? Zero entrate = zero uscite. Non c’e da girarci tanto intorno. Cancellazione non sospensione fino a ripresa attività!,Contrast
1239883766241398784,2020-03-17,12:58:20,Giovani #avvocati esclusi da indennità #babysitter dove trovarle rata #nido non cancellata e va prorogata consegna isee! #CuraItalia,Neutral
1239882447518654466,2020-03-17,12:53:06,Solo per sapere. Dove cazzo si può leggere sto curaitalia? Gazzetta ufficiale? Gazzetta dello sport? Il lercio?,Contrast
1239877745204703232,2020-03-17,12:34:24,Il decreto ve lo siete dimenticati  sul comodino ? SVEGLIA   VERGOGNA,Contrast
1239877663327731713,2020-03-17,12:34:05,Mi raccomando non riapriamo le attività di parrucchiera se non si è sicuri che siamo in sicurezza è un lavoro troppo rischioso meglio la salute e di conseguenza ci sarà ripresa dell’economia  Grazie per leggere il mio messaggio,Neutral
1239877662249713664,2020-03-17,12:34:05,Benissimo la nazionalizzazione di ALITALIA. Ora basta con le privatizzazioni e nazionalizziamo come la Francia TUTTI i settori strategici: Energia Telecomunicazioni acqua servizi esseniziali. Il Virus è figlio di GLOBALIZZAZIONE E PRIVATIZZAZIONI che sono un disastro!,Favour
1239876287247851520,2020-03-17,12:28:37,Noi italiani non vi autorizziamo a firmare nulla riguardo al MES né la modifica né alcuna "formalità" concernente quello vecchio. Gualtieri dove vorrebbe prendere i 350? SCORDATEVELO‼️C'è la BCE per questo come tutte le banche centrali di tutti i Paesi del mondo‼️No strozzini‼️,Neutral
1239874963357736960,2020-03-17,12:23:21,Ennesima presa per i fondelli...complimenti avete battuto ogni record negativo!!!!,Contrast
1239874860865765379,2020-03-17,12:22:57,Non so se mi fai più schifo come politico o come essere umano sei un uomo indegno hai rovinato il paese con il tuo superego. Quando tra qualche settimana la gente nn avrà più soldi per fare la spesa ci farai sparare addosso dall'esercito? Sei solo un servo della germania,Contrast
1239872074333728769,2020-03-17,12:11:52,Ma daiiiii...adesso anche basta ci prendete in giro con tutto e non vi diciamo nulla..ma se chiami questa coglionata SALVA ITALIA..CI STAI DANDO DEI COGLIONI Per salvare l’Italia SERVE solo che tu e questo governo diate le dimissioni per scegliere FINALMENTE da chi farci guidare,Contrast
1239871573575811073,2020-03-17,12:09:53,Si dimetta SPARISCA!,Contrast
1239869895480881152,2020-03-17,12:03:13,Qualcuno mi aiuti a capire come funziona il blocco dei mutui alle imprese.  I gestori dei conti correnti non rispondono più al telefono quindi se la liquidità é promossa di fatto chi te la concede se nessuno lavora?,Neutral
1239865701440995328,2020-03-17,11:46:33,Ma non vi vergognate a prendere in giro gli italiani anche in questi  momenti ? Avere spostato le scadenze di un paio di mesi accodandole a quelle nuove con tutto chiuso e l ‘economia ferma  non vuole dire aiutare gli italiani #contedimettiti,Contrast
1239861271312424960,2020-03-17,11:28:57,Se non si crea un supporto duraturo all’economia alla prossima siamo punto e a capo . Bisogna creare un programma di sviluppo a supporto delle imprese che vogliono stare in Italia   almeno questo adesso credo sia un concetto palese e tassare chi va a produrre fuori.,Neutral
1239860342307672065,2020-03-17,11:25:15,Grazie Presidente nn ci sn premier di anni passati al suo pari. Ci saranno sempre gli scontenti per l'adozione di provvedimenti così importanti ma vada avanti le persone perbene sono con lei.,Favour
1239859565358911488,2020-03-17,11:22:10,Bisogna attivare il contact tracing. È l'unica soluzione per uscire in fretta. Per favore non aspettiamo ancora.,Neutral
1239858513356165123,2020-03-17,11:17:59,Siete una manica di inetti incapaci e le vostre azione in questo contesto ne sono il chiaro ed evidente risultato. Mi consola solo il fatto che la gente stia finalmente iniziando a capire di che pasta siete fatti. Verrete spazzati presto.,Contrast
1239857824110465024,2020-03-17,11:15:15,Aspettiamo le suedimissioni irrevocabili insieme a quelle del suo patetico governo ha perso un altra occasioneper fare beneed invece ha fattola solita legge pasticciata aspettavamo i soldi  la ciccia e invece ci vuole vendere le pentole #CuraItalia #governodellavergogna,Contrast
1239854764395040768,2020-03-17,11:03:05,Partite iva trattate indegnamente.,Contrast
1239852227340181504,2020-03-17,10:53:00,Ma non grazie a te per averci messo in queste condizioni. #infame sulle tue mani il sangue di tutti i morti le lacrime di tutti i parenti i debiti di tutti i lavoratori.  La macchia piu' vergognosa e indelebile della storia Italiana. #Verme,Contrast
1239843201034473472,2020-03-17,10:17:08,Con le mancette?...faccia una cosa seria si dimetta!,Contrast
1239842858091364355,2020-03-17,10:15:47,Purtroppo gli italiani avranno modo di tastare con mano le idiozie che state partorendo soltanto il giorno che metterete mano ai loro conti correnti.,Contrast
1239839364936499202,2020-03-17,10:01:54,Grazie un cazzo.... Avete dato ben 4 gg di proroga alle imprese; intanto all agenzia entrate concessi 2 anni in più (2 anni no 4 gg per accertamenti ) !!! Dimettiti incapace,Contrast
1239839148233625602,2020-03-17,10:01:02,Grazie 🌈,Favour
