id,datestamp,timestamp,tweet,label
1240063151309275139,2020-03-18,00:51:09, famigl esatt aiut famigl bisogn aiut mar non lavor non prend disoccup mes perc lavor gg non dic angryfac angryfac angryfac,-1
1240061863792082951,2020-03-18,00:46:02, preg president estend restrizion cas bambin genitor separ divorz unic bambin non tutel costrett uscir rimang ferm cas salv bambin,0
1240050643911360512,2020-03-18,00:01:27,sincer dl aspett più non ved sold real immess azi azi sosten pag impost spost complet ferm,-1
1240045623900069890,2020-03-17,23:41:30,graz president yellowheart,1
1240041762707644416,2020-03-17,23:26:09,cont delusion banderuol inaffid incapac difend diritt italian torn ven ministr non scelt italian fatten ragion,-1
1240041435258331139,2020-03-17,23:24:51, abbandon tass pag favor favor neanc front pandem car president più pallid ide cost azi dic dovr poter pag 500 anzi dia,-1
1240034538056802305,2020-03-17,22:57:27, rend costituzional sequestr ben chies militar personal sanitar clinic orror giudic avvoc assolt formigon lavor infermier pignor chies maf salv vit,0
1240015061382574080,2020-03-17,21:40:03, parol ritir,-1
1240000448251265029,2020-03-17,20:41:59, sper per bonus baby sitter dat ver bisogn bad figl cas io appen lavor lasc cas settiman caus virus con nasp fin almen toglietem bollett,0
1240000111385686016,2020-03-17,20:40:39,graz president,1
1239993083456094208,2020-03-17,20:12:43, lombard è orma emergt bisogn increment post terap intens presid ospedalier più vicin cittadin colp contag auspic pot eventual spostabil riutilizz ove sar più bisogn,0
1239992846591066115,2020-03-17,20:11:47,vai cul cont farem sar zerbin merkel macron ion,-1
1239979837487538179,2020-03-17,19:20:05,elimin comission pag carteridurr contatt sold,0
1239975140701528065,2020-03-17,19:01:25,car president serv liquid immed perc è costrett chiud non può andar avant decid modal avvi richiest irrisor chiam una tantum far front spes fiss,0
1239975062712635392,2020-03-17,19:01:07,è escan virus cin paes dovrebber richied approfond cas dovrebber present tribunal penal internazional innocent pag consegut ingiust,0
1239973831617347584,2020-03-17,18:56:13,dimm genitor sacrific farc stud respons giust debb diger casalin govern feg scopp italian pd s,-1
1239968407241363460,2020-03-17,18:34:40,vergogn accan pmi è 70 attiv sosteng chied pass chied scus dar aiut concret non riesc più port pan cas,-1
1239966957111087107,2020-03-17,18:28:54,curaital govern diment esist part iva liber profession costrett iscriv previdt priv non gestion separ liber profession han stipend graz,-1
1239957905845055489,2020-03-17,17:52:56, modell autocertif lasc desider fà dichiar di non risult posit virus covid 19 non è tampon,-1
1239952474561183747,2020-03-17,17:31:21, piccol impres 500 600 eur mes tg5 migrant eur mes sostegn gvern spin dorsal italian,-1
1239949582014058496,2020-03-17,17:19:52,perc non fat serv sa sa veloc accumul mort mort non torn,-1
1239946990945009664,2020-03-17,17:09:34, agropol è già dispon virus perc non vien riapert il popol bisogn sicurezz sanitar,0
1239935169173356549,2020-03-17,16:22:35, continu sperper sold redd cittadin,-1
1239927603571625985,2020-03-17,15:52:32,600 000 barc marc cov raccomand pletor becer polit sindacal boiard port vot mef panace ide nipot nazist distrugg,0
1239917028900835328,2020-03-17,15:10:30,gentil som architett liber profession ordin decret curaital lasc sent abbandon poss rispond iomisentoabbandon,-1
1239916999096098818,2020-03-17,15:10:23,buonaser aiut famigl contag mondial sii domicil eur camp affitt abit non pens,-1
1239914181618475010,2020-03-17,14:59:12,cio rat cartell esattorial rinv unic soluzion magg impazz pretend tant chiusur sold pag per6non parl magg già rat parol,-1
1239913939472977920,2020-03-17,14:58:14, spost 5 giorn vers iva spost giugn tass coragg chiam salv ital part iva chiam decret umil ital vergogn,-1
1239912119962910720,2020-03-17,14:51:00, augur misur scuol pubblic istruzion ten cont trov soluzion student scienz formazion primar impossibilit svolg tirocin graz premier mett,1
1239909504583696384,2020-03-17,14:40:36, è decret salv poltron ball port rovin,-1
1239909503124099075,2020-03-17,14:40:36,graz president content fratell italian decret stranier scelt star vuo affront parol buon riguard non graz buon lavor andrà ben,1
1239909285284302848,2020-03-17,14:39:44,graz mill foldedhands ce farem flexedbiceps,1
1239902854233690112,2020-03-17,14:14:11, tipograf gazzett ufficial è posit coronavirus perc non ved pubblic decret incul ital decret april president bell patrimonialin modell dottor sottil,-1
1239901561893064705,2020-03-17,14:09:03,moll poltron cont è rispost,-1
1239900637695000577,2020-03-17,14:05:22, ital 13000 tredicimil 00 mort perc non chius nazion polmon può mor pezz merd,-1
1239899749957935107,2020-03-17,14:01:51,president graz non dettagl permett sugger ten consider prem almen eur benefic oper sanitar indistint iolofareiconcuor,1
1239898799209840642,2020-03-17,13:58:04, aiut si profession lasc gest cass previdt mett ser vincol palett e potrann tratten previst non poch prend chiss ridicol,-1
1239895817974136833,2020-03-17,13:46:13,graz president buon lavor coragg andrà ben,1
1239895318851981312,2020-03-17,13:44:14,tramp mett piatt dollar non que sold,0
1239894915875770373,2020-03-17,13:42:38, pront critic steril,0
1239893971448614913,2020-03-17,13:38:53,prim dimett,-1
1239892486786560000,2020-03-17,13:32:59,eur è redd cittadin immigr thumbsup thumbsup thumbsup,-1
1239886689767763968,2020-03-17,13:09:57,manc azi chius detrazion novembr 60 spes non mang fat cont pallottol zer entrat zer uscit non gir cancell non sospension ripres attiv,-1
1239883766241398784,2020-03-17,12:58:20,giovan avvoc esclus indenn babysitter trov rat nid non cancell prorog consegn ise curaital,0
1239882447518654466,2020-03-17,12:53:06, sap cazz può legg curaital gazzett ufficial gazzett sport lerc,-1
1239877745204703232,2020-03-17,12:34:24, decret ve dimentic comodin svegl vergogn,-1
1239877663327731713,2020-03-17,12:34:05, raccom non riapr attiv parrucchier non è sicur sicurezz è lavor rischios sal consegut sar ripres graz legg messagg,0
1239877662249713664,2020-03-17,12:34:05,benissim nazionalizz alital privatizz nazionalizz franc settor strateg energ telecomun acqua serviz essenizial virus è figl globalizz privatizz disastr,1
1239876287247851520,2020-03-17,12:28:37, italian non autorizz firm riguard mes nè modif nè formal vecc gualtier vorrebb prend 350 scordatevel doubleexclamationmark c è bce banc central paes strozzin doubleexclamationmark,0
1239874963357736960,2020-03-17,12:23:21,ennesim fondell compl batt record negat,-1
1239874860865765379,2020-03-17,12:22:57,non so più schif polit uman indegn rovin supereg settiman non avrà più sold spes spar addoss serv german,-1
1239872074333728769,2020-03-17,12:11:52, daiii adess prend gir non dic chiam coglion salv ital ci dand coglion salv serv govern diat dimission scegl farc guid,-1
1239871573575811073,2020-03-17,12:09:53, dimett spar,-1
1239869895480881152,2020-03-17,12:03:13, aiut cap funzion blocc mutu impres gestor cont corrent non rispond più telef liquid è promoss conced lavor,0
1239865701440995328,2020-03-17,11:46:33, non vergogn prend gir italian moment spost scadenz pai accod nuov chius econom ferm non vuol aiut italian contedimett,-1
1239861271312424960,2020-03-17,11:28:57, non cre support duratur prossim punt cap bisogn cre programm svilupp support impres vogl star ital almen cred concett pales tass produrr,0
1239860342307672065,2020-03-17,11:25:15,graz president non premier pass par scontent provved cos import vad avant perben,1
1239859565358911488,2020-03-17,11:22:10,bisogn attiv contact tracing è soluzion uscir frett non aspett,0
1239858513356165123,2020-03-17,11:17:59, manic inett incapac azion contest chiar evident risult consol iniz cap past fatt verr spazz prest,-1
1239857824110465024,2020-03-17,11:15:15,aspett suedimission irrevoc patet govern pers altra occasioneper beneed fattol sol legg pasticc aspett sold cicc vuol vend pentol curaital governodellavergogn,-1
1239854764395040768,2020-03-17,11:03:05,part iva tratt indegn,-1
1239852227340181504,2020-03-17,10:53:00, non graz averc mess condizion infam man sangu mort lacrim parent deb lavor macc vergogn indelebil stor italian verm,-1
1239843201034473472,2020-03-17,10:17:08, mancett facc ser dimett,-1
1239842858091364355,2020-03-17,10:15:47, italian tast man idioz partor mett man cont corrent,-1
1239839364936499202,2020-03-17,10:01:54,graz cazz dat ben gg prorog impres agenz entrat concess più 2 gg accert dimett incapac,-1
1239839148233625602,2020-03-17,10:01:02,graz rainbow,1
