id,datestamp,timestamp,tweet,label
1231004537974140933,2020-02-22,00:55:27, controll,-1
1231002550981320704,2020-02-22,00:47:33,president ragion dobb preoccup non coronavirusital è govern ignor diam becc malatt tornateneavolturar,-1
1231001686401077248,2020-02-22,00:44:07,dov farl primaaa,-1
1231000480660250630,2020-02-22,00:39:20, mort qual azion necessar cred svolt ma non punt,-1
1230998885344120832,2020-02-22,00:32:59, polit san vol process preg affinc non accad grav,1
1230998701226766336,2020-02-22,00:32:15,più fint fals cos non può,-1
1230998247789006849,2020-02-22,00:30:27, mort padov govern,-1
1231729783937130497,2020-02-24,00:57:19,dimett coglion,-1
1231727836685328385,2020-02-24,00:49:35, parl cazz anzi mess ginocc inter coscienz dir è torn cas fin prend gir nazion inter dignit,-1
1231727337953284097,2020-02-24,00:47:36, non dic idioz non mic scem,-1
1231724631557640192,2020-02-24,00:36:51,dimettet,-1
1231724545851129862,2020-02-24,00:36:30, cuor sed,-1
1231720448301453312,2020-02-24,00:20:13,non caus già mort onest dovrest dimett,-1
1231719800696537088,2020-02-24,00:17:39, odi,-1
1231719192291876867,2020-02-24,00:15:14, costitu perc non difes patr dimettet,-1
1230998030498877445,2020-02-22,00:29:35, man sporc sangu vergogn,-1
1230996516929757185,2020-02-22,00:23:35, parol ve freg è grand delusion lasciatec pac andat cas cos non fat casin,-1
1230996179116228609,2020-02-22,00:22:14, sprovved pres situazion legger è verit colp è prendeten atto,-1
1230995005617164289,2020-02-22,00:17:34, 24h divent nazion più contag è gest provved rivel ridicol più govern camb govern total,-1
1230994180845064193,2020-02-22,00:14:18, incompetent andeteven prim dann,-1
1230993479905546240,2020-02-22,00:11:31,dov imporr quaranten obbligator rientr paes espost chius stall scapp buo portichius respons almen speranz viv disper muor poutingfac incoscient poutingfac,-1
1230993405976686592,2020-02-22,00:11:13,brav sper almen abbracc più cines infett mass imbecill presuntu,-1
1230993295238729728,2020-02-22,00:10:46,tien talment alta sogl prossim rientr cin toscan blocc vol dirett arriv vann scal francofort pover ebet più ignor coragg mett lik,-1
1230992579107459076,2020-02-22,00:07:56,dimission sottovalut problem non degn govern mess risc cittadin governoacas,-1
1230991898074062849,2020-02-22,00:05:13, nonn pall flipper quatt accend special band cialtron,-1
1230989964856451072,2020-02-21,23:57:32,non sap cazz vergognat dimettet indegn,-1
1230989884623552512,2020-02-21,23:57:13,sper coron virus intacc prim vogl govern president repubbl continu sosren govern mand cas indir nuov elezion govern capac govern più bell mond,-1
1230989123051237377,2020-02-21,23:54:12, incompetent,-1
1230989074841907201,2020-02-21,23:54:00, incapac vergognat,-1
1230988426478006273,2020-02-21,23:51:26,è settiman govern leghist chied tard mort staser coscienz,-1
1230988225239506945,2020-02-21,23:50:38,fat schif cazz dov togl suddett precauzion andav fatt mes imbecill,-1
1230988076530442241,2020-02-21,23:50:02,razz coglion incapac,-1
1230987600288239616,2020-02-21,23:48:09, sodal poss svegl fredd domattin,-1
1230985198130495488,2020-02-21,23:38:36, pazz scaten foll irrespons rinchiud gett chiav,-1
1230984063869181954,2020-02-21,23:34:06,prim italian coronavirusital,0
1230983132146544640,2020-02-21,23:30:23,test cazz,-1
1230982829716262913,2020-02-21,23:29:11, sogl prevenzion aspett prim verific cas anzic preven cos idiot è ver non è capac eserc ignor infett paes,-1
1230982097797615618,2020-02-21,23:26:17,signor signor respons è ricordiamocen sed opportun preg,-1
1230980183005503489,2020-02-21,23:18:40, utilizz metod usat immigr coronavirus tubercol,-1
1230979020440907776,2020-02-21,23:14:03,vai coglion incompetent,-1
1230978423700496387,2020-02-21,23:11:41, vergogn gravissim ritard inammiss negligt spes italian,-1
1230976570413723649,2020-02-21,23:04:19, precauzion non imporr quaranten rientr cin,-1
1230976138056470528,2020-02-21,23:02:36,vergogn incompetent anzi dimett badogl,-1
1230974381700141058,2020-02-21,22:55:37, è disastr complet sub cosegut,-1
1230974143652343810,2020-02-21,22:54:40, consigl rob non cred ricord govern più ridicol incompetent stor,-1
1230973699064549382,2020-02-21,22:52:54, pessim dov dimett,-1
1230972768264609795,2020-02-21,22:49:12, preg dimett,-1
1230971579791745024,2020-02-21,22:44:29, è incapac incompetent risult ved andav chius front blocc arriv cin,-1
1230970941997486081,2020-02-21,22:41:57, dimett prim coronavirus,-1
1230969954385747968,2020-02-21,22:38:02, chiest merkel blocc coronavirus salvin poveracc fall,-1
1230967689696481280,2020-02-21,22:29:02, briciol dignit ministr sal dimettet,-1
1230967052699099136,2020-02-21,22:26:30, spiac non fid,-1
1230966938358210566,2020-02-21,22:26:03,maledett imbecill respons contag coronavirus coronavirusital,-1
1230966867851870209,2020-02-21,22:25:46,legg comment deplorevol mapp contag rend cont tratt pandem entrar specif colp div paes natur immagin salvin non success ver,0
1230966685273927681,2020-02-21,22:25:02, misur precauzional tutel popol andav pres com è evident non è fatt,-1
1230966206477324288,2020-02-21,22:23:08, attent sal pubblic incapac cialtron pressopoc dimission fatecivot,-1
1230965961743880192,2020-02-21,22:22:10,continuiam barzellett fà piang per sol figur merd pront pront moment prim rend cont dov mett quaranten lombard andat cag,-1
1230965434758897664,2020-02-21,22:20:04, bugiard conclam ragion govern cdx prevenzion,-1
1230963755971940352,2020-02-21,22:13:24,bla bla bla bla non cred più minister sal buon man,-1
1230962895862804480,2020-02-21,22:09:59,chiud gius lockedwithkey lockedwithkey lockedwithkey,0
1230961874910556160,2020-02-21,22:05:55,vergognat,-1
1230961233303658496,2020-02-21,22:03:22,pagliacc è tard chiud cancell buo scapp dimett,-1
1230958957121937410,2020-02-21,21:54:20,indegn dov pens prim chiud front blater razzism vergogn,-1
1230957676445696001,2020-02-21,21:49:14,è tard svegl non scelt poss prend polit dov fid espert,0
1230957053826478080,2020-02-21,21:46:46, medic esam laborator avvert rispost sottovalut problem tampon sicurezz farl pens poter contratt verr casin,0
1230955977534529536,2020-02-21,21:42:29,bast blocc arriv cin non è risult ved mand codogn lamorges ministr sal dat continu problem,-1
1230955904813674496,2020-02-21,21:42:12,vergognat vergognat,-1
1230953714728480770,2020-02-21,21:33:30,perc non blocc git scuol evit ragazz poss corr risc infezion coronavirus,0
1230952421314191360,2020-02-21,21:28:21,non dov arriv sapess succed cin prefer non govern,-1
1230952103436267520,2020-02-21,21:27:06,non fid,-1
1230951140621213696,2020-02-21,21:23:16, razzist chiud port rimpatr delinquent aspett guerr civil,-1
1230950739180216321,2020-02-21,21:21:40,dimettitii chiud port confin,-1
1230950110315589633,2020-02-21,21:19:10, test ospedal arriv sintom pront soccors può ten guid cont tranquill è semplic influenz ital coron virus non potr arriv govern respons buffon,-1
1230949925640441857,2020-02-21,21:18:26,dimission,-1
1230949596559552512,2020-02-21,21:17:08, verific sktri vad padov evit ten alta guard non capac conserv poltron,-1
1230947659407601666,2020-02-21,21:09:26, è prim nazion non prim chiud colleg cin attir stral pechin babbale salvin non sann scriv cazz,1
1230947275788226560,2020-02-21,21:07:55, caxx ten altissim sogl branc incapac irrespons convien togl ver incazz,-1
1230946250171854850,2020-02-21,21:03:50,rincoglion controll andav fatt fluss access zon partenz trov combatt virus romp pall class polit odiern sper almen arriv sen cos diminu,-1
1230945536079024128,2020-02-21,21:01:00, sogl precauzion rollingonthefloorlaughing rollingonthefloorlaughing rollingonthefloorlaughing rollingonthefloorlaughing rollingonthefloorlaughing ridicol mascherin disinfett man manett piffer vad lavor mil,-1
1230945519654121472,2020-02-21,21:00:56, 14cas accertatile p d c all iniz minimizz sosten bast lav man non controlloil irrespons ritard rivel deleterioancor più non mess quaranten rientr cin,-1
1230945400917499904,2020-02-21,21:00:28, spiac non vogl maleduc cre disgust ved tg prim nause,-1
1230945306117910528,2020-02-21,21:00:05,brav giusepp è chiud recint scapp buo dov svegl prim chiud front chiud port mett quaranten arriv cazz buonism ammal colp cialtron incompetent,-1
1230945036256280576,2020-02-21,20:59:01,vergogn propos dar svegl govern toscan,-1
1230944099622117376,2020-02-21,20:55:17, cialtron,-1
1230943764463652866,2020-02-21,20:53:57, govern nord chiest misur rigid quaranten compres arriv cin cin massacr grid razzist incapac dimett,-1
1230943676634992642,2020-02-21,20:53:36,riman dev andar,-1
1230943190661943297,2020-02-21,20:51:41, è matt cammin barcoll perd person cont cont confond problem sanitar paravent razzist dimett dia voc cittadin,-1
1230943167006072846,2020-02-21,20:51:35, divent più infett incapac dov dimett,-1
1230941496859398145,2020-02-21,20:44:57,viet vol cin scal intermed ten quaranten non è razzism è buon norm sens,0
1230941307763339265,2020-02-21,20:44:12,dot centr analis clinic territor tampon test cos autonom può acced test,0
1230941266264850432,2020-02-21,20:44:02, record contag europ non funzion fat mea culp,-1
1230940226832519168,2020-02-21,20:39:54,buffon,-1
1230940007122137088,2020-02-21,20:39:02, cazz ten altissim entrar can porc alcun controll difatt europe più colp criminal,-1
1230939525305774080,2020-02-21,20:37:07, star buonism mor italian innocent colp porc restiamouman incompetent,-1
1230939134216298504,2020-02-21,20:35:33,inettoadess scus poter intrallazz merd europe incul definit italian meseh buffon coronavirus,-1
1230938792028262402,2020-02-21,20:34:12, tard non cap,-1
1230938586431860737,2020-02-21,20:33:23,coronavirus cas confermati5 grav isol e parl quaranten facolt cialtroner incompett livell inusit giusepp speranz chi conosc mater ricopr incar non graz concors apparecc avvert,-1
1230938379493220353,2020-02-21,20:32:34,dimett speranz incompetent,-1
1230938366067249155,2020-02-21,20:32:30, govern inett inutil parass microb coron colg,-1
1230937243059138560,2020-02-21,20:28:03, tard incredibil imbarazz,-1
1230936627926720513,2020-02-21,20:25:36, precauzion dov prend giust pot preg credent star chius cas attu quaranten inter region cin sper virus non diffond più dov incapac fals pericol,-1
1230936292302753792,2020-02-21,20:24:16,inutil chiud recint buo già scapp sciagur è avven ital trov govern più gross accozzagl incapac nasc repubbl gir ve chied cont,-1
1230936158051405824,2020-02-21,20:23:44,dimett deficient accant sper virus gir lì bastard,-1
1230935382042333185,2020-02-21,20:20:39,non val govern è man incompetent vend risc gross perc non pres precauzion vol corr ripar esist giustiz divin pagh car piang lacrim amar coronavirus,-1
1230935367043440640,2020-02-21,20:20:35, problem è dov mett blocc russ perc tattame incapac buon,-1
1230935289964695552,2020-02-21,20:20:17, tard vergognat prend decision sal priorit ver non econom,-1
1230934910967468038,2020-02-21,20:18:47, brav dov svegl prim quaranten arriv torn paes risc non è razzism buon sens continu pagliacc cen cines abbracc non serv,-1
1230934819250540544,2020-02-21,20:18:25, perc non ten altissim veloc fug rest non govern prim dann poltronar traditor elezionisub fuoridaicoglion,-1
1230933968167604224,2020-02-21,20:15:02, comport cialtron pubblicizz vis scuol multietn ristor cines govern nord chied quaranten obbligator grid razzism vicevers buon sens mett,-1
1230932930366779392,2020-02-21,20:10:54,andat farv fot codogn combatt razzism lodigian incapac,-1
1230932891699437568,2020-02-21,20:10:45, cialtron incolp process accad dic giust maledett continu far sbarc raccom,-1
1230932236087767040,2020-02-21,20:08:09,cialtron cialtron strapag cialtron,-1
1237803214663299073,2020-03-11,19:10:58,ferm europ gg ripart turism muoi,0
1237757998774267904,2020-03-11,16:11:17,rend oper poch industr italian costru apparecchiatur sanitar mascherin consegn popol assunzion ospedal ripristin velocissim struttur ospedal abbandon star cas vuol scaric,0
1237748834874294273,2020-03-11,15:34:53,non cur lor guard pass vai president ignor gentagl accus colpevolizzas affoss ultim anniseguac berluscon primad renz salvin orail è continu cos,1
1237731354529402880,2020-03-11,14:25:25, avant conigl,-1
1237724812207886336,2020-03-11,13:59:25, polem spir collabor sugger valut decret hoc oper stamp television immagin ciò accad sal panic ma oper fonic giornal vann tutel,0
1237714804476960769,2020-03-11,13:19:39, più bell figur abbandon nav non è,-1
1237693256655417344,2020-03-11,11:54:02,accipicc haters rob trolls sa cos giust scaten winkingfacewithtongu,1
1237686697544110081,2020-03-11,11:27:58, raccom per chiud port zon ross non più port sicur virus afric,0
1237661035647172608,2020-03-11,09:46:00,dit can gatt non portator virus non abbandon ditel lar anzol bologn,0
1237643974019633152,2020-03-11,08:38:12,bongiorn president graz misur adott livell sanitar dev fatt veloc econom perc san pover entro venerd dov consent sgrav fiscal accogl propost banc intes,1
1237642499402993665,2020-03-11,08:32:20,orma vend approv president non più pover italian,-1
1237601915191492608,2020-03-11,05:51:04,propong fest nazional individu process condann niger per,-1
1237533597369679878,2020-03-11,01:19:36, aggiorn import signor è togl non vot cred dio terr consens pront camb magl ide poch confront popol democrat mand cas,-1
1237533033978191874,2020-03-11,01:17:22, grand president cont è part scacc moss miglior più grand giocator scacc temp fischer vinc sicur,1
1237532406942330882,2020-03-11,01:14:52,traditor schifosoditt cazz,-1
1237465571190595586,2020-03-10,20:49:17, lament ecchissenefreg gol pot italian non freg ben cos president vad avant non guard que nan polit chied scus nan,1
1237450324908146689,2020-03-10,19:48:42,riguard ragazz bambin covid19 perc rai mediaset principal network non predispong april canal tv didatt minister almen bambin ragazz cas stud,0
1237418970963226629,2020-03-10,17:44:07,graz decision drastic fondamental crossedfingers,1
1237417812634865664,2020-03-10,17:39:31,ferm trasport pubblic lombard prim tard,0
1237367673031458816,2020-03-10,14:20:17,graz mill president grand seriet può è coragg import giust ital unit,1
1237363186480930819,2020-03-10,14:02:27, dimett,-1
1237357776080429056,2020-03-10,13:40:57,criminal criminal mes rassicur darc razzist dov riman apert dov fidusc raffreddor mort contag criminal dimettet,-1
1237357523063185412,2020-03-10,13:39:57, becchin,-1
1237353450884694018,2020-03-10,13:23:46,president chiud azi supermerc fin fil bar iniz supermerc be drastic,0
1237351920559435776,2020-03-10,13:17:41,brav prossim pass ferm grand distribuzionetpl ferr gomm taxiaz public uffic insomm fermiamoc mes forz coragg,1
1237346915328634880,2020-03-10,12:57:48,chiud italian pagh stipend non chiud barcon clandestin non puo pretend non cretin,-1
1237328812511236097,2020-03-10,11:45:52, rispost decret snod insult accus vorre esprim uman pensier solidariet ammir rend onor ruol mett anim anim corrett agir cos poster sentenz,1
1237320739918950400,2020-03-10,11:13:47, dimett è notiz vorr sent,-1
1237315588336357381,2020-03-10,10:53:19,buon president lmplor applic modell cines prim tard,0
1237314511582957568,2020-03-10,10:49:02,buongiorn signor cont è ver entro contag non ferm chiud attiv graz,0
1237314054621925376,2020-03-10,10:47:13, infermier dialis serviz pubblic aiut piccol impres negoz bar ristor non posticip tass non poss pag affitt fornitor dobb aiut,0
1237312914027098113,2020-03-10,10:42:41,lavor cerc sguard segnatol espression nascond preoccup non allarm è lì vien bombard med rest educ cortesedistint fier rappresent semplic,1
1237305836516659200,2020-03-10,10:14:34, famos è controll interven non più arrabatt decret ravvicin pot farn rigor subitoevit carneval pap similar lei è dann,-1
1237299161948700672,2020-03-10,09:48:02,graz ministr stim,1
1237294774622859265,2020-03-10,09:30:36,graz mill signor president è person respons concret trasparent person giust bui,1
1237287497874509824,2020-03-10,09:01:41,iorestoacas cas ve ce dov mur incompetent,-1
1237282408917016576,2020-03-10,08:41:28, convint esperit far più solid dobb mostr non resilit antifragil andand miglior livell digitalizz capac lavor distanz ridurr minim sprec,0
1237280923625893888,2020-03-10,08:35:34,graz president,1
1237279898173087744,2020-03-10,08:31:29, president bravissim bisogn pian distribu gener prim necess esigt inderog ferm period necessar imporr misur drastic ferm fannullon,1
1237279554810585088,2020-03-10,08:30:08,graz president cont foldedhands,1
1237278319785259008,2020-03-10,08:25:13,non sopport più neanc voc tiz abus dirett dovrest non è palazz chig regian cel art,-1
1237276895609225217,2020-03-10,08:19:34, aggiorn import aspett dimension process immed art quell idiot rocc casalin dement speranz,-1
1237270318940672000,2020-03-10,07:53:26,incompetent ritir consegn militar,-1
1237267195324968960,2020-03-10,07:41:01,chiud port vai cas togl spar,-1
1237266968937447425,2020-03-10,07:40:07, clappinghands clappinghands clappinghands clappinghands brav president stim,1
1237266499531952128,2020-03-10,07:38:15,graz sper veng pres ser provved fas success scapp nott settentrional incur prossim verosimil procur ampli zon maggior epidem,1
1237259384121688064,2020-03-10,07:09:58,president scus permett ser afferm io decis brutt lapsus freud decis sper prim potrem decis govern vergogn andar cas,-1
1237256977102909440,2020-03-10,07:00:25, aggiorn interess è govern immed ue eur dell chiacc,-1
1237249071246651392,2020-03-10,06:29:00,dimett pagliacc,-1
1237246756506787840,2020-03-10,06:19:48,graz president fiduc govern fastid giornal tv traditor non smett propagand govern mett museruol perc dann enorm ital virus,1
1237180952218079238,2020-03-10,01:58:19,proced cos ok,1
1237174394499354630,2020-03-10,01:32:15, ritard settiman,-1
1237167071932399616,2020-03-10,01:03:10,perfett sent più sicur fragil cas gran coragg tenac coinvolg rem fortun presidt non continu vomit vetrin abbracc graz buon lavor,1
1237163849167634433,2020-03-10,00:50:21, disinfett citt prim cin paes è chied cin continu disinfett contag diminu,0
1237163573077573632,2020-03-10,00:49:15,graz president cont victoryhand victoryhand italy italy italy italy,1
1237162348412092421,2020-03-10,00:44:23, voler minim critic salt occhi è misur andav prim cio virus dilag spost plaus govern perc trov front emergt impreveved,1
1237162235652452352,2020-03-10,00:43:56,maledett incapac serv camer spar sput,-1
1237160100344877058,2020-03-10,00:35:27,president mett strad,0
1237159886452142082,2020-03-10,00:34:36, aggiorn aspett è dov recess tratt eu spes deficit almen 40mld rest ipocr pres pell cittadin italian che non vot,-1
1237159669434667008,2020-03-10,00:33:45,president ascolt lavor centr commercial espost vien lavor non contag chiud doman,0
1237157613177094145,2020-03-10,00:25:34,graz president,1
1237157334071287808,2020-03-10,00:24:28, colp carcer scopp ital,-1
1237153006363254785,2020-03-10,00:07:16,sper dimission contedimett,-1
1237150295093846016,2020-03-09,23:56:30, presidentel ital è perc è italy italy italy,1
1237148844200202240,2020-03-09,23:50:44,brav president,1
1237147597099487239,2020-03-09,23:45:46,cred non perd è gest emergt president graz lavor impegn,1
1237147025453527048,2020-03-09,23:43:30, emergt pass agur serv lasc insegn autosufficient è possibil sanit non scherz tecnolog incentiv lavor rivist non invinc,0
1237146830313590787,2020-03-09,23:42:44,graz president buon lavor,1
1237145635478016000,2020-03-09,23:37:59,provved restritt proporzion contingt sanitar gravit brav,1
1237145629949931521,2020-03-09,23:37:57,graz,1
1237145386508320768,2020-03-09,23:36:59, viv pag stipend poss pass non pot chiud dar altern sostegn non viv sol ari,-1
1237145347807477766,2020-03-09,23:36:50,president espress perfett ital non capito gir ammass supermerc paur mor fam idiotidementinon più parol,1
1237145121377878017,2020-03-09,23:35:56,graz president oper impegn italian più coscienz non pres coronavirus pretest git vacanz non punt ordin star cas italian più furb,1
1237144940246978564,2020-03-09,23:35:13,graz president vorre abbracc pap sgrid mett castig spieg perc punizion un cap dic graz president,1
1237144469532786689,2020-03-09,23:33:21,doman dobb aspett cas diffond panic camb ide,-1
1237144312774828032,2020-03-09,23:32:43, mest corr non trasport ben prim necess costrett lavor potre infett diffond virus rest cas bisogn ferm tuttonon determin lavor covid2019,0
1237144156532887552,2020-03-09,23:32:06,spar,-1
1237144081052114947,2020-03-09,23:31:48, messagg pass inosserv part iva dimentic vol cap difficolt vien incontr doman alzer lavor non verr tutel aiutatec,-1
1237144023460126721,2020-03-09,23:31:34,chiud chiud chiud telefon mart ved lì ospit dilett,-1
1237143813933629447,2020-03-09,23:30:44,bravissim grand orgogl rainbow rainbow,1
1237143766387081227,2020-03-09,23:30:33,sar divertentissim cont decision facil prevision zer aiut econom ondat chiusur licenz ve freg,-1
1237143722988617731,2020-03-09,23:30:23, cont dimission rialz contevirus coronavirus,-1
1237143720644030469,2020-03-09,23:30:22,provved prorog disastr sanitar econom social vuol coragg salv,-1
1237143323481161729,2020-03-09,23:28:47,compl president cacc coglion ben visibil avant,1
1237143048091467776,2020-03-09,23:27:42,cacc sold azi chiud graz,-1
1237142413254238208,2020-03-09,23:25:10, vol mult port spass can ridicol controll dov controll rovin lavor aiut libert mor virus mor arriv sicil mil controll,-1
1237142250934673409,2020-03-09,23:24:32, raccom italycoronavirus zonaross lampedus agrigent backhandindexpointingrightlightskinton mic sbagl soros incazz,-1
1237141894108524546,2020-03-09,23:23:07, continu sbagl non è re sol non è grad impart dirett efficient esaust lasc atton mill domand inespress rassicur incapac,-1
1237141621164191744,2020-03-09,23:22:02,graz president discors tranquill,1
1237141615111819265,2020-03-09,23:22:00, bel assegn rest cas non pag tass mutu cosett appiopp bell statal pover part iva,-1
1237141457208840194,2020-03-09,23:21:23,ottim provved per sper viv interveng ser non rispett disposizion evit accad week end movid git pens rallent contag,1
1237141307602219008,2020-03-09,23:20:47,graz president,1
1237140803388145664,2020-03-09,23:18:47,ben,1
1237140798300393477,2020-03-09,23:18:45,ottim provved manc fondamental dpcm occup genitor bambin non vann scuol stabil regol dator lavor sar massacr,1
1237140752507027456,2020-03-09,23:18:35, pagh cris econom risc chiusur azi fat tass condon cartell muor,0
1237140660957913091,2020-03-09,23:18:13,too littl too lat orma è tard tard tard tard andav settiman,-1
1237140164994097157,2020-03-09,23:16:14,graz president clappinghandslightskinton clappinghandslightskinton,1
1237139766623207424,2020-03-09,23:14:39, ben president graz clappinghands clappinghands,1
1237139631881289728,2020-03-09,23:14:07,perc non chius bors maggior imprenditor italian part ve chiest incompetent malafed vergognat,-1
1237138959597285376,2020-03-09,23:11:27,chiud attiv apert pubblic sacrific necessar ferm disastr,0
1237138890575753216,2020-03-09,23:11:11,graz coragg sicurezz infond president,1
1237137794566324225,2020-03-09,23:06:49, sicur verrann rispett nuov misur controll serr,0
1237137363190587392,2020-03-09,23:05:06,graz president più graz decision coragg,1
1237137281074544640,2020-03-09,23:04:47,ben president battagl conten non è più impar strad sal è unit coronavirus,1
1237137014266396673,2020-03-09,23:03:43, non vai,-1
1237136900982542337,2020-03-09,23:03:16,graz president,1
1237136234314678277,2020-03-09,23:00:37, ognun propr ben pres tant augur colleg,1
1237136107935916033,2020-03-09,23:00:07,graz president provved unit respons riusc super iorestoacas,1
1237135940486823936,2020-03-09,22:59:27,dimett,-1
1237135761067184128,2020-03-09,22:58:44,car firm decret più import repubbl italian coragg ital entra stor test alta coragg decision pres non moll,1
1237135639386247169,2020-03-09,22:58:15, thumbsup ben president,1
1237135565146992640,2020-03-09,22:57:58, signor colt intelligent perc tutel coglion,1
1237134554781155329,2020-03-09,22:53:57, vigliacc fugg lombard avvis propr dator lavor poss licenz giust caus obblig riman region ver,0
1237134517334355968,2020-03-09,22:53:48,aiutatec sospension affitt utenz f24 migliai piccol commerc baratr,0
1237134460849717248,2020-03-09,22:53:34,plaus lavor president soluzion soffert italian non cap gravit situazion,1
1237133978127216646,2020-03-09,22:51:39,graz president democraz non fatt popol ital ben veng decret inter cas colp non può singol individu clappinghands clappinghands clappinghands clappinghands thumbsup,1
1237133667408973825,2020-03-09,22:50:25,president vigil perc decision assunt non apran port tentazion autoritar covid19 non determin emergt democrat italiazonaross,0
1237133343881388032,2020-03-09,22:49:08,graz president dip,1
1237132905933086721,2020-03-09,22:47:24, orgogl president ce farem,1
1237132627825623040,2020-03-09,22:46:17,vicin cont decision non facil necessar ero situazion,1
1237132498275987456,2020-03-09,22:45:47,buon sens gran discors president sper veng blocc sbarc membr ue dian ser grand aiut stavolt italy,1
1237132285452918786,2020-03-09,22:44:56,buonaser regolament salvaguard sal italian bisogn intervent urgent salvaguard italian punt vist econom super necessar vincol europe,0
1237131996423471104,2020-03-09,22:43:47, ragion president respons dia dimission,-1
1237131922154848256,2020-03-09,22:43:29,graz president,1
1237142010030698498,2020-03-09,23:23:34,dev dimett delinquent,-1
1237115665829560320,2020-03-09,21:38:53,president cont dic verit disegn ben precis perc vol nuov cris econom guard non cretin,-1
1237082810084667392,2020-03-09,19:28:20,graz president sent sicur misur dispiac dover ved camb stil decret piac sprec plastic aut allev intens più consum prodott stagion san,1
1237082670129188869,2020-03-09,19:27:47,dimett,-1
1237078373031182341,2020-03-09,19:10:42, decret leggecondann sicur default orama ricev colp graz speakinghead dashingaway speakinghead dashingaway speakinghead dashingaway speakinghead dashingaway policecarlight policecarlight policecarlight policecarlight policecarlight policecarlight policecarlight policecarlight microb microb microb microb microb microb,-1
1237053807508492289,2020-03-09,17:33:05,pandem settiman prox oms,0
1237018589447806978,2020-03-09,15:13:09,viet proiezion tv programm film pien cattiver violenz particol film horror non può costru pac cuor cos rovin anzian adult giovan piccol,0
1237011857485021185,2020-03-09,14:46:24, ricord serv decin eur ripart vincol europe bilanc dovrann ultim preoccup cont ue freg,0
1237011426440548352,2020-03-09,14:44:41,graz president è person giust giust giust,1
1237009296765980672,2020-03-09,14:36:13,dov interven assolut napol lungom divert prend sol footing ragazz bambin gioc interven assolut,0
1236998938487599104,2020-03-09,13:55:03, ol govern è possibil ital bisogn ben semplic annunc respons sapp italian regol valg,1
1236990539809071110,2020-03-09,13:21:41, colp cin prox sar,0
1236988697280745472,2020-03-09,13:14:22,car president compl ver domand vorre porl dobb star cas è possibil dipendent pubblic non è fatt tip iniz rom intend minister,1
1236973896114548736,2020-03-09,12:15:33,dimettet pagliacc clownfac,-1
1236969734161215493,2020-03-09,11:59:01, mot uffic pubblic mil lombard apert migliai dipendent pubblic risc perc non chiud cas infett è vergogn,-1
1236956993887309825,2020-03-09,11:08:23,president cerc ferm tren aere riduc diffusion contag coronavirus ottim ide,0
1236942595198201857,2020-03-09,10:11:10,graz president,1
1236932598708031488,2020-03-09,09:31:27,graz president,1
1236932472459472899,2020-03-09,09:30:57,viv più bui drammat guerr mondial govern più incompetent stor,-1
1236931134551928833,2020-03-09,09:25:38,non consider tren aere macchin fug sud pratic doman contag estes sud backhandindexpointingright un applaus avv cont previdt decret compl ultim rovin ital backhandindexpointingleft,-1
1236924958988742656,2020-03-09,09:01:05,brav dat giust milanes andar via mil contag compl dimett liber invadent inutil presenz,-1
1236912802637496320,2020-03-09,08:12:47,president dov chiud centr commercial perc rivers lì bimb è non italian non cap dev star cas,0
1236900149084983297,2020-03-09,07:22:30,lurid verm schifos rovin ogre pileofpo pileofpo pileofpo pileofpo pileofpo pileofpo alien,-1
1236878722868948992,2020-03-09,05:57:22, dimettet,-1
1236849560355512321,2020-03-09,04:01:29,dimettet fat più dann terz guerr mondial,-1
1236791158640181250,2020-03-09,00:09:25, dilett sbaragl,-1
1236788816834428928,2020-03-09,00:00:07, mett decret rig fumator cicc terr salv terr ferm diffusion virus graz,0
1236763549814476802,2020-03-08,22:19:42,è miglior continu cos president cont assol certezz,1
1236762904449384449,2020-03-08,22:17:09,serv padron europ sper dimett dic govern italian non è difficil è inutil perc italian non appropr ciò è non polit ruot avvolto interess personal,-1
1236762807976243202,2020-03-08,22:16:46,pens prend decision ferm arriv cin qualsias person normal lavor mess mar merd,-1
1236759690756882438,2020-03-08,22:04:22, ristor non serviz bar poss almen star apert asport pizzer,0
1236759014790356992,2020-03-08,22:01:41,president dov dar carc non rispett decret tropp non segu regol mett laz zon ross ved vide circol social,0
1236756942569299972,2020-03-08,21:53:27,prim fat scapp buo chiud stall inettitudin provoc fug sud tant fenomen cervell scapp nord lavor gentilezz port virus sanit collass,-1
1236751991172407296,2020-03-08,21:33:47, president cont content lavor svolgent,1
1236749876932853761,2020-03-08,21:25:23,firm assegn medic infermier mazz colp,-1
1236749104316854272,2020-03-08,21:22:18,ben cos più fort pur fren region autonom rallent,1
1236746112435879936,2020-03-08,21:10:25,non dovrest rassegn dimission,-1
1236745516572200961,2020-03-08,21:08:03,bell schifezz priv sacrosant diritt tutel buon sens govern region non perdon lombard,-1
1236744036892934149,2020-03-08,21:02:10,firm dimission,-1
1236743854335852544,2020-03-08,21:01:27,fat star cas lavor non dov chied star cas dov obblig capron mett pericol agisc ben usciam prest salt sistem sanitar dovr decid cur,0
1236743000891494405,2020-03-08,20:58:03,president chied esprim tutel categor farmac oper sanitar effett veng mun dpi poter continu svolg quotidian serviz popol,0
1236742256008314883,2020-03-08,20:55:06,chied govern decret legg impong gestor luc gas telef banc mutu agenz entrat tass rateizz bollett ordinar scadenz mes marz veng posterg magg,0
1236742013543907330,2020-03-08,20:54:08,president congratul lasc bas oper egreg compr difficolt staff viv bocc lup buon lavor flexedbiceps,1
1236740988590264328,2020-03-08,20:50:03, ferm non calc virus grav semplic grafen influenz risc appar buffon,-1
1236740841575796737,2020-03-08,20:49:28,sovran monetar tant mor fam deb interess popol ital non dev perd,0
1236738642451861507,2020-03-08,20:40:44,buon ser graz chius lombard local disinfett continu sper vinc virus augur italian buon ser smilingfacewithsmilingeyes,1
1236736484465573889,2020-03-08,20:32:10, fug notiz prim mancanz controll dat colp scur sal italian contag covid 19 diffond contedimett,-1
1236736463477379079,2020-03-08,20:32:05,compl bozz vergogn,-1
1236736161508470785,2020-03-08,20:30:53,tom president region molis minacc oper sanitar protezion civil licenz immed parl stamp condizion lavor non neanc sapon lav man intervenireimmediat,0
1236730357053100034,2020-03-08,20:07:49,chiud italian cas coronavirus estingu,0
1236729154218967041,2020-03-08,20:03:02,ascolt giusepp rid mes mio fratell lavor svizzer allacc cintur casalinosucced front apert lavor dovrann present permess g permess lavor segu,-1
1236729062657273856,2020-03-08,20:02:40,pagliacc,-1
1236728097132687360,2020-03-08,19:58:50,è spar perc dann fat decret non cap fatt,-1
1236728039012270080,2020-03-08,19:58:36,buon ser president prim graz aut domen potrebb può ripet domen settiman territor nazional,1
1236726947822084103,2020-03-08,19:54:16, dimett incapac non,-1
1236726606539960321,2020-03-08,19:52:54,buonaser scus president evit assembr non chiud ital domen centr commercial,0
1236726004250480641,2020-03-08,19:50:31,decret far precipit situazion provoc spost mass nord zon incompett gener traged,-1
1236725973602754562,2020-03-08,19:50:24, aspett govern estend misur sicurezz situazion è grav lasc norm buonsens è non coronavirus coronavirusitall coronavirusital,-1
1236724658235375616,2020-03-08,19:45:10, diffus panic port fug disper migliai milanes firm decret sol parol si vergogn,-1
1236724475246325760,2020-03-08,19:44:26,non cap chiam bertolas collabor,-1
1236723623433588737,2020-03-08,19:41:03,giuseppeconteit criminal,-1
1236722746538594304,2020-03-08,19:37:34,dimett moll poltron non grad,-1
1236722501729816577,2020-03-08,19:36:36,fat rientr ragazz erasmus prim incasin situazion paes europe,0
1236721763955900416,2020-03-08,19:33:40, decret lasc stazion aereoport strad oper non serv cialtron sbaragl,-1
1236720988521476096,2020-03-08,19:30:35,dov firm decret vist dimission,-1
1236720588934307845,2020-03-08,19:29:00, manc president avvocatic test cazz smilingfacewithsunglasses incompetent sprofond merd pileofpo pileofpo pileofpo pileofpo pileofpo pileofpo pileofpo pileofpo pileofpo pileofpo,-1
1236717185722089474,2020-03-08,19:15:28, medic medicin graz persegu sanzion manier rigorosissim ser med aggrav già ser situazion anticip notiz imprecis buon lavor,1
1236714465204285442,2020-03-08,19:04:40,incompett pressappoc cred grand statist govern pres internet form scapp cas arte nè ideal polit essers unit ultim elezion cacc via pover patr man,-1
1236714458527027201,2020-03-08,19:04:38, dovr pag sottovalut problem rid allarm facc aperit nazion non ferm e prim cac polit non pass lisc mort coscienz,-1
1236713852106047495,2020-03-08,19:02:14, è stronz non emilian perc non chiud rom,-1
1236712536625614850,2020-03-08,18:57:00, pasticcion ciò decid è sfilacc priv vision,-1
1236712477678854145,2020-03-08,18:56:46,dì ce pagh fer impost immagin vergogn,-1
1236712105249832960,2020-03-08,18:55:17, peggior peggior vergogn enorm vergogn,-1
1236710787898642436,2020-03-08,18:50:03,graz president ammir determin dedizion gest situazion ringraz calm chiarezz,1
1236709803436752896,2020-03-08,18:46:08, lett decret non è scritt diviet spost zon ross evit è consent qualsias motiv zoneross coronavirus coronavirusitall,0
1236709224673161216,2020-03-08,18:43:50,ben govern decid misur drastic necessar manc coinvolg più decis region decision debb concretizz territor,1
1236708546353520643,2020-03-08,18:41:09, è ottim president continu cos grand stim,1
1236706811027378177,2020-03-08,18:34:15,pagliacc govern rovin ball rovin,-1
1236706499969331205,2020-03-08,18:33:01,dov italian fin rovin incompetent mentecatt,-1
1236705497585246209,2020-03-08,18:29:02, fin norm relat giustiz mang sveglion guardasigill inett incompetent incompetent casalinodimett bonafededimett contevaiacas,-1
1236705150246453249,2020-03-08,18:27:39, bor contraddistingu firm quaranten mic firm arriv cin giamma pur andar salvin mess pericol migliai italian vergogn giusepp,-1
1236702275348893696,2020-03-08,18:16:13,firm dimission vist evident incapac gest qualsias situazion incis sper viv non pens firm mes vist situazion chied par parl già non firm,-1
1236701611516407820,2020-03-08,18:13:35, govern incompetent incapac cos pover ital non gestion falliment,-1
1236700459060137984,2020-03-08,18:09:00,graz perc par region venet comun venez sottovalut sottovalut problem molt passegg centr commercial pien poutingfac aiutiamol far cap è situazion ser bisogn star cas,1
1236698716972687360,2020-03-08,18:02:05,decision penal non mess quaranten provenient cin non razzism mort coscenz,-1
1236697766572802049,2020-03-08,17:58:18, port chiud ghettizz liber circol foll vi dovrest vergogn,-1
1236696958980558848,2020-03-08,17:55:06, scus president genitor dev star cas caus scuol chius tip support previst graz,0
1236695482568716288,2020-03-08,17:49:14,incompetent pusillanim contag prim abbracc cines condann controll quaranten merd domiciliar contedimett,-1
1236692949041319936,2020-03-08,17:39:10,staman mand onda notturn confert stamp premier chiar cont anche fidiamoc piantiamol critic,1
1237130859569975298,2020-03-09,22:39:16, chiud complet centr commercial domen,0
1237130695811706880,2020-03-09,22:38:37,graz president iostoacas,1
1237130569785511936,2020-03-09,22:38:07, doman apro negoz o mutu scadenz pag mes o dipendent lasc cas o mett fer fer non destin viagg cos divertent mic star confin giust cas aiutoo pleadingfac,0
1237130502169137154,2020-03-09,22:37:51,graz graz graz settiman non dorm nott sì graz italian ten bott pass sar fest sent cap nord,1
1237130460834267137,2020-03-09,22:37:41,graz president,1
1237130455050305536,2020-03-09,22:37:39, dimission sar fest nazional contedimett governodellavergogn governodelcontag,-1
1237130405930848256,2020-03-09,22:37:28, non ferm fluss produtt lavor muov territor autorizz gran govern destin ammal perc orma contag è ovunqu disgraz,-1
1237130206932058116,2020-03-09,22:36:40,graz president traspart profil istituzional capac decison proporzional critic rar dot stim provved più restritt segu vision più liberal circol sistem econom,1
1237130121414393859,2020-03-09,22:36:20,president misur lavor escon cas andand svolg serviz contatt pubblic parl que lavor reception front offic continu svolt contatt uman è dirett,0
1237130051390488578,2020-03-09,22:36:03,maledett,-1
1237129973816844289,2020-03-09,22:35:45,non legg poveracc ascolt sosten coragg pepp,1
1237129776218988544,2020-03-09,22:34:58, sol dimett graz,-1
1237129376443097094,2020-03-09,22:33:22, opera domattin dev andar fabbric camb risp,0
1237129349305860098,2020-03-09,22:33:16, plaus president prescind color polit augur avoc incombt regionalizz far cap univoc reag front emergt,1
1237129323615793152,2020-03-09,22:33:10, stim è gest delic dignit sottr propr respons,1
1237129204996636675,2020-03-09,22:32:41,tant stim president uscirem per verit è accad ven gall respons dev pag president italian onest coragg non moll,1
1237129149837426689,2020-03-09,22:32:28,iorestoacas è atto respons dov vogl conten numer contag coronavirus,0
1237129126160535553,2020-03-09,22:32:23,ben president,1
1237129104987734018,2020-03-09,22:32:18,fortunat non non possied redd è cerc lavor,0
1237129028940767232,2020-03-09,22:31:59,car president semplic cittadin italian mamm bambin figl anzian ringraz cuor decision ved propr car non prezz vinc spritz avrà gust impag winkingfac,1
1237128792549842950,2020-03-09,22:31:03,president dispost sacrif ben maggior pur uscirn è evident finor è serv situazion è sfugg controll serv strett precedent pront non altern,0
1237128594067001345,2020-03-09,22:30:16,grand prim aspett,1
1237128555320008705,2020-03-09,22:30:06, parl buffon ignobil,-1
1237128418732511234,2020-03-09,22:29:34, ristor prim non trov zon ross dovrann star chius ver,0
1237128368274931712,2020-03-09,22:29:22,non cap perc decret non è estes centr estet parrucchier port pan cas costrett lavor contatt ravvicin client,0
1237128245465792512,2020-03-09,22:28:53,graz president clappinghands clappinghands,1
1237127856288915458,2020-03-09,22:27:20,può spieg rom centr commercial rimarrann apert graz,0
1237127750449856512,2020-03-09,22:26:55,firm mes svend ricord libr stor più grand bugiard traditor affam,-1
1237127048264667136,2020-03-09,22:24:07,president non vot stell stim cred vogl coragg prend giust decision mett più drastic andiam avant,1
1237126982791462914,2020-03-09,22:23:52,movid gust aperit sembr macchiett professor religion consigl bonar scolaresc annoi ovvi cos non veng pres ser fat spar sti venditor mater pleas,-1
1237126912377577475,2020-03-09,22:23:35,graz thumbsupmedium lightskinton ottim provved vogl ved med dir è influenz thinkingfac iorestoacas restiamoacas,1
1237126646488018944,2020-03-09,22:22:31,graz president concord pien per non unic lavor lasc proced period manterre dipendent ospedalier piccol impres gener alimentar farmac turn smilingfacewithsmilingeyes,1
1237126518310141956,2020-03-09,22:22:01,decret inutil strad continu diffond impun contag complic coranavirusital coronavirus covid19,-1
1237126475414933515,2020-03-09,22:21:51,car ministr serv più dur comunic restrizion dic prefett attu coprifuoc mett decret usar mascherin cos ben non,0
1237125857975635975,2020-03-09,22:19:23,è indecent usi facebook non vergogn facebook comun istituzional perc bandier regim nazist eu non ital dov aprir ospedal non chiud cont contedimett,-1
1237125752413396994,2020-03-09,22:18:58,paur fier president riman unit,1
1237125721212010496,2020-03-09,22:18:51, ben necessar italian gregg bisogn pastor comand can mett rig,1
1237125650227638272,2020-03-09,22:18:34,graz gest situazion,1
1237125606371926016,2020-03-09,22:18:23,graz flexedbiceps,1
1237125527934246918,2020-03-09,22:18:05,salv president pien misur pres non sospend temporan bors evit specul econom è pensier umil cittadin,1
1237125501321437184,2020-03-09,22:17:58, cavol signif zon protett show doman svegl par è show mett eserc strad mollagin port rovin vatten,-1
1237125339752562689,2020-03-09,22:17:20, spes vuol,0
1237124949472677888,2020-03-09,22:15:47, farl più sent compl non aspett tip rispost front grand emergt viv president cont è person ispir fiduc trasmett calm parol non rimang sospes vuot,1
1237124913862868992,2020-03-09,22:15:38,graz president,1
1237124587751723014,2020-03-09,22:14:21,graz president orgogl decision foldedhands,1
1237124218623537154,2020-03-09,22:12:53, cos grand president,1
1237124154408734722,2020-03-09,22:12:37,graz president,1
1237123885604233216,2020-03-09,22:11:33,decision coragg necessar orma comun mortal parl necess porr lim fort è sconfigg maledett virus,1
1237123805736316930,2020-03-09,22:11:14, medic cittadin fier averl president decision giust popol immatur graz,1
1237123705567928320,2020-03-09,22:10:50,non opportun chiud nazion arriv paes europe extraeurope perc teor virus port portator san pur grad contag loudlycryingfac,0
1237123626345926657,2020-03-09,22:10:31,graz president è sicurezz period incertezz,1
1237123605458300930,2020-03-09,22:10:26,contedimett scuol chius april non singol parol lavor dovrebber limit propr mov perd lavor governodellavergogn,-1
1237123585594085378,2020-03-09,22:10:22,ben unit compatt distanz coronavirus covid2019 brav giuseppecont italianonsiferm italiacoronavirus,1
1237123562441449475,2020-03-09,22:10:16,ottim iniz necessar aiut econom impres scelg sospend propr attiv minim può pens slitt rateizz f24 dilazion pag rat mutu al tass legal,0
1237123428613750784,2020-03-09,22:09:44,graz president,1
1237123405742292992,2020-03-09,22:09:39, interess ferm serieatim non pens lavor dovrann alzars andar lavor fabbric sottopag distanz metr esist pleb schif schif,-1
1237123082436972545,2020-03-09,22:08:22,graz manc sens civic govern adott misur drastic augur ciò spost aliment più sanitar regol ved comprend,0
1237122735140110343,2020-03-09,22:06:59, giust,1
1237122592479350786,2020-03-09,22:06:25,graz president graz impegn prim line contrast epidem pens per arriv adott misur più drastic,1
1237122486774398979,2020-03-09,22:06:00,ferm trasport pubblic,0
1237122090857267201,2020-03-09,22:04:25,giust cos sper cap incoscient iorestoacas,1
1237121892403855364,2020-03-09,22:03:38, total fiduc coragg accolg abbracc unit ce farem iorestoacas,1
1237121846732079112,2020-03-09,22:03:27,brav president,1
1237121615885975557,2020-03-09,22:02:32,graz president,1
1237121547929817089,2020-03-09,22:02:16, attenzion per intern magazzin non uffic lavor mezz prevenzion misur corrett,0
1237121444712243200,2020-03-09,22:01:51,stim president lucid stil non,1
1237121339686825987,2020-03-09,22:01:26, problem non è govern italian mass deficent irrespons,0
1237121030440849408,2020-03-09,22:00:12, ufficifabbrichenegoz valg aggreg pubblic,0
1237121020991070210,2020-03-09,22:00:10,giust cos graz president,1
1237120894000082944,2020-03-09,21:59:40, ben president govern non remor decis,1
1237120892502708224,2020-03-09,21:59:40, più dann coronavirus dov pens prim misur mess ginocc cas,-1
1237120878095327232,2020-03-09,21:59:36,president domand è tip controll autocertif augur autocertif veng predispost quaranten fiduciar perc senn grad autocertific graz,0
1237120873871618048,2020-03-09,21:59:35, togl libert popol agend fascist non prend respons pagh car,-1
1237120774441521154,2020-03-09,21:59:11,cred ser provved giust evit cors potenzial soggett infett nord sud est ovest nazion graz cuor so potr cert risent confid determin italian,1
1237120616282689536,2020-03-09,21:58:34,brav president,1
1237120533889720323,2020-03-09,21:58:14,president vol condivid pensier ital viv difficolt oggett non non europ è vend unit europ,0
1237120403228610561,2020-03-09,21:57:43,lett ben,1
1237120317123952640,2020-03-09,21:57:22,perfett president ce farem iorestoacas,1
1237120289449881602,2020-03-09,21:57:16, salvin magistr inquis omicid colpos non mess quaranten cines rientr cin favor diffusion virus,-1
1237120211062525953,2020-03-09,21:56:57,graz president,1
1237120194725793793,2020-03-09,21:56:53,mort coscienz bors picc carcer incend evas terror generalizz apocaliss baratr govern distrutt contedimett coronavirusital,-1
1237120172101701633,2020-03-09,21:56:48,orma è tard provved import ciò pot evit pres misur estrem sin contag stor ricord non sap gest coronavirus fin ciò pagh car,-1
1237119993474691075,2020-03-09,21:56:05, ben,1
1237119894702997515,2020-03-09,21:55:42, decision bland inutil orma assassin dov mes,-1
1237119734400811011,2020-03-09,21:55:03, sospett mir favor interess non so ce dir poss apprezz ton pacatezz mod contemp vigor azion govern semplic graz,1
1237119370205302791,2020-03-09,21:53:37,è buon decision president continu cos ben,1
1237119318636322816,2020-03-09,21:53:24,non sent menzion centr commercial sar nuov restrizion transit migliai util sap,0
1237119261182767104,2020-03-09,21:53:11,graz foldedhands,1
1237119113220276224,2020-03-09,21:52:35,graz president,1
1237119086661898251,2020-03-09,21:52:29,iostoconcont iorestoacas graz president,1
1237118979124137989,2020-03-09,21:52:03,graz president thumbsup,1
1237118809678512130,2020-03-09,21:51:23, ricord più grand disastr neron,-1
1237118638848647173,2020-03-09,21:50:42,dimettitiguard combin bors scapp carc non vien punitachiscapp mil diffond virus scapp fond ester non è fin port bors punt,-1
1237118438025420800,2020-03-09,21:49:54,aiut italian german,0
1237118345155088390,2020-03-09,21:49:32,coglion dimentic tricolor ripet coglion bandier italian,-1
1237118206373957635,2020-03-09,21:48:59, consider zon ross esce cia,0
1237118191605821441,2020-03-09,21:48:56,dov chiud negoz non vend ben prim necess star cas nazion,0
1237118098639130627,2020-03-09,21:48:33,brav president foldedhands foldedhands foldedhands foldedhands foldedhands foldedhands foldedhands,1
1237118075142656000,2020-03-09,21:48:28, president,1
1237118006339293184,2020-03-09,21:48:11,grand president redheart onor combatt coronavirus fecalom verdognol,1
1237117937061965829,2020-03-09,21:47:55, bandier italian parl schif ver indegn contedimett,-1
1237117932066541578,2020-03-09,21:47:54,bravissim cas oper sanitar 5 10 prim riscontr sicur posit vol coragg graz president,1
1237117862294302720,2020-03-09,21:47:37, misur sev necessar non uscir facil pandem ital ce farem flexedbiceps,1
1237117766114725889,2020-03-09,21:47:14,car president cont bisogn chiud benzina blocc mezz trasport è manier ferm circol contag non forz controll autocertif graz,0
1237117753024274432,2020-03-09,21:47:11,non vol altra person al,1
1237117712050073605,2020-03-09,21:47:01, signif è zon ross può uscir lavor sal mot particolar autocertif spost,0
1237117524514390017,2020-03-09,21:46:17,graz president,1
1237117447758635009,2020-03-09,21:45:58, dov stranier gennai italian mett ginocc caus orgogl incompett,-1
1237117324269887488,2020-03-09,21:45:29,brav president,1
1237117104987480066,2020-03-09,21:44:37,decision giust sistem sanitar è collass,1
1237116947503988738,2020-03-09,21:43:59,situazion decision difficil graz professional president,0
1237116744390578176,2020-03-09,21:43:11,graz president,1
1237116697762574336,2020-03-09,21:42:59,graz president,1
1237116696349020161,2020-03-09,21:42:59, dimett procur cris sanitar econom guerr contedimett governodellavergogn,-1
1237116622256713730,2020-03-09,21:42:41,brav president graz provved italian dev contribu,1
1237116579994836992,2020-03-09,21:42:31,graz impon italian,1
1237116564375310337,2020-03-09,21:42:28,brav brav brav è fin prim sal rest che sti sold iorestocas iostoacas coronavirus covid19ital,1
1237116511887785988,2020-03-09,21:42:15,è far riman cas decision drastic,0
1237116413749465090,2020-03-09,21:41:52, sicur non facil siam ben,1
1237116140129746946,2020-03-09,21:40:46,avant president,1
1237115923645030400,2020-03-09,21:39:55,graz president aggiorn,1
1236074605326057472,2020-03-07,00:42:05, mut sap già razz bugiard incapac spend soldinon fat bell,-1
1236071701106094085,2020-03-07,00:30:33, dimett vot spar,-1
1236058843001614338,2020-03-06,23:39:27,consider cittadin italian dovrann lavor cas rispett misur previst limit contag non giust invest garant access gratu internet,0
1236046680610529281,2020-03-06,22:51:07,dimett,-1
1236044741000773632,2020-03-06,22:43:25,president dovrest immed incis negoz dettagl più colp drammat,0
1236029521503059970,2020-03-06,21:42:56,spar criminal incompetent impomat già tropp dann ser pul cess contedimett,-1
1236017414976008198,2020-03-06,20:54:50,fenomen le azi mor almen mes dic stanz cos dic dipendent govern stanz stip pan compr imprenditor muor silenz più coronvirusital,-1
1236013615284654080,2020-03-06,20:39:44, condizion sanitar franc german è espost pubblic dovrebb dimostr onest moral italian confront,0
1236009301036187655,2020-03-06,20:22:35,allest rep terap intens struttur ospedal provinc frontegg avrà picc ricover azion,0
1236005213187854338,2020-03-06,20:06:21, non è chiar non è più sufficient chiud scuol chius prim possibil prim travolg tsunam farem cont,0
1235998370487046150,2020-03-06,19:39:09, non sufficient mett sicurezz confin blocc sbarc paes europe conced sbarc clandestin addirittur period pandem resping,0
1235996808851197955,2020-03-06,19:32:57,buon pd spes pasc richiedent asil immagin interess ce richied correzion bilanc magnanim ue compl 768 contag gestion falliment,-1
1235981832019226625,2020-03-06,18:33:26,graz merd pileofpo dobb insegn non bast genitor vergogn,-1
1235971047947673601,2020-03-06,17:50:35, scelt coragg abol quot imped medic vad pensioneelimin redd cittadinanzacol ricav ripristin sanit pubblic nord distrutt leghist porr convenzion pubblic clinic priv,0
1235968788605972486,2020-03-06,17:41:37, far dimission pensac ser port giggin paninar,-1
1235963081081204738,2020-03-06,17:18:56,cont vergogn dic medic non far ricad casin combin ricad repart ospedal,-1
1235961994882269185,2020-03-06,17:14:37, facewithtearsofjoy facewithtearsofjoy facewithtearsofjoy facewithtearsofjoy facewithtearsofjoy facewithtearsofjoy lavorar facewithtearsofjoy facewithtearsofjoy facewithtearsofjoy giusepp è imbarazz region non saprest frontegg zanzar ce far non sar mer manic cialtron circond,-1
1238250597465444355,2020-03-13,00:48:42,graz professor cont è davver person ser ama pover ital graz,1
1238229049077628933,2020-03-12,23:23:05,solit prend decision dur preved succed mot scelt critic salvin perc parl pien poter verit è uscit scopert ipocris comun,-1
1238218374699782146,2020-03-12,22:40:40,andav prim dur più graz è altern,0
1238191639564357633,2020-03-12,20:54:26,imbecill pagliacc,-1
1238183859210129410,2020-03-12,20:23:31, grand ital,1
1238178180986437635,2020-03-12,20:00:57,ottim per fatec virolog virus riman attiv serv difend prend maggior precauzion,0
1238168274816376832,2020-03-12,19:21:35,graz president cos difficil dimostr equilibr seriet pacatezz per grat è giust giust,1
1238160558131642371,2020-03-12,18:50:55,chiud cas inett,-1
1238156969782972423,2020-03-12,18:36:40, insed conte contei non riesc dar direzion non parl camb pensier ved mes situazion è difficil è far ben dovrest fart non grad,-1
1238156765616918531,2020-03-12,18:35:51,profond stim solidariet ritrov gestion assol fiduc immens graz unit ministr vs staff,1
1238150018642690049,2020-03-12,18:09:02,continu cos non cur sciacall sann contrar ber moit,1
1238148709080236032,2020-03-12,18:03:50,president sacrific ben restoacas agent commerc impossibilit lavor ovvi mot restrizion non percep stipend pens,0
1238140880432791557,2020-03-12,17:32:44, sgradevol sfortun ved,-1
1238138179179421697,2020-03-12,17:22:00, amiam,1
1238131793041203201,2020-03-12,16:56:37, 15 bors picc urgent vien speig perc non sospes bors viet vend scopert respons cittadin pagh disastr prend stipend dimission,-1
1238130883477098496,2020-03-12,16:53:00,brav presidentenon fan ricreduto più restrizion amer fratell bisogn intransigent viol regol,1
1238130754619613185,2020-03-12,16:52:29, president pres spall graz giusepp redheart fier italy flexedbiceps,1
1238130737011884032,2020-03-12,16:52:25,igienizz strad luog pubblic,0
1238130283175608326,2020-03-12,16:50:37,graz gentucol sa critic dand buon thumbsup,1
1238125815180689409,2020-03-12,16:32:52,lavor region laz la fabbric non produc ben prim necess è apert freg anche non rispett decret arriv trasport merc nord ital i controll,0
1238119120551448576,2020-03-12,16:06:16, più schif renz prend cul,-1
1238118755609214990,2020-03-12,16:04:49, schifezz prend cul pover opera vuo mor,-1
1238114613117542405,2020-03-12,15:48:21,graz president sar fin ricord è,1
1238114559648567296,2020-03-12,15:48:08, govern chied ulterior sacrif datec buon tagliat stip vitaliz usatel sanit,0
1238112416694747140,2020-03-12,15:39:37,chiud supermerc farmac sosp mutu affitt bollett tass allest ospedal provvisor pront eventual peggior,0
1238111888204013568,2020-03-12,15:37:31,graz signor president graz cos uman ce farem sicur,1
1238111641851572224,2020-03-12,15:36:33, pens migliai student fuorised torn cas continu pag fitt priv societ cas cam vuot pov famigl cos aiut stan locazion sfrutt bisogn leg figl,0
1238111048525283328,2020-03-12,15:34:11, per lasc apert tabacca distributor automat serv giocator serial mal ludopat non gen prim necess,0
1238109170269859848,2020-03-12,15:26:43, non paur inaspr provved pront,1
1238102026015444992,2020-03-12,14:58:20,graz foldedhandslightskinton,1
1238101314342653952,2020-03-12,14:55:30, unit ce farem president,1
1238100787298996225,2020-03-12,14:53:25, redheart redheart redheart redheart redheart redheart redheart redheart clappinghands redheart clappinghands redheart clappinghands redheart clappinghands redheart clappinghands clappinghands clappinghands clappinghands clappinghands clappinghands clappinghands clappinghands clappinghands clappinghands clappinghands clappinghands clappinghands clappinghands clappinghands clappinghands graz president impegn,1
1238100673344032768,2020-03-12,14:52:57, pens già ripart perc ripart talment fort talment fort rinunc fer rabb addossoun sens impott lavor pur dar contrib,0
1238100644197793792,2020-03-12,14:52:51,non indovin,-1
1238100536831983616,2020-03-12,14:52:25, inutil camb lavor stann arriv immigr pien malatt più svar,-1
1238099603326722049,2020-03-12,14:48:42, crucial difficil prend decision rend oper chiar pai punt 1 nel dpcm non parl chiud cantier edil 2 a fiumicin lavor guantimascherin igienizz graz buon lavor,0
1238096326149246976,2020-03-12,14:35:41, serv norm più stringent cred popol italian sar graz,0
1238095016079302660,2020-03-12,14:30:29,graz signor president italian,1
1238093624874844160,2020-03-12,14:24:57,president apprezz sforz pens lavor occorr chiud tropp uffic apert assum respons lavor ser ser b rend obbligator smart working poss,0
1238090074325241856,2020-03-12,14:10:50, lavor chiuderetutt è trasform chiud bar piccol info fabbric societ vann avant lavor ing opera non virtù spir sant è dimostr incapac contedimett governodellavergogn,-1
1238089412107546628,2020-03-12,14:08:13, è ducett parl avall dirett cos non commett reat reat distrugg nazion ovvi più riprend livell econom,-1
1238088695019974661,2020-03-12,14:05:22, bisogn ser quaranten ved wuhan riman pratic apert thinkingfac contag non ferm,-1
1238088625629409280,2020-03-12,14:05:05,è gross error decret dov conten autorizz aprir farmac supermerc distributor carbur stop dimm serv tabaccher profumer fors cap tabaccher vend prodott monopol gest gioc,-1
1238088501750632448,2020-03-12,14:04:36,president continu polemizz oltranz camb numer stavolt flexedbicepsmedium lightskinton flexedbicepsmedium lightskinton flexedbicepsmedium lightskinton iostoconcont,1
1238087914174767106,2020-03-12,14:02:15, cin disinfett strad idrant sap ment avar fat bast cop congenial laure incapac,-1
1238087575375659016,2020-03-12,14:00:55,lett sal italian sicurezz nazional vien prim intend proced non rinnov contratt settor cinem turism ristor,0
1238087341719392256,2020-03-12,13:59:59,ok decret coronavirus preved chiusur serviz essenzial farmac post mi sofferm sportell ben centr smist più perc apert,0
1238086725060222977,2020-03-12,13:57:32, decret truff italian fars pur vergogn,-1
1238084542579314688,2020-03-12,13:48:52,compl affoss cred giust ten apert giornala tabacc può uscir lavor sal cas estrem necess,-1
1238084378640646144,2020-03-12,13:48:13, colleg impieg stud notaril sicur conosc art legg notaril preved destitu notai abband sed epidem cos collabor obblig andar lavor tutel aiut,0
1238084112893849601,2020-03-12,13:47:09, president cont contratt chiud firm contratt commerc scad pens firm ven prend zamp cul ved firm cazzar,-1
1238083806323671040,2020-03-12,13:45:56,pratic non chius cazz buffon,-1
1238081122145374214,2020-03-12,13:35:16, president tant tecnolog dev fil lunghissim ricett tranquill poss invi onlin present onlin permess dovrebber dispon present onlin telef,0
1238080979601891334,2020-03-12,13:34:42,buongiorn presidentes fier onor president leiier ser rinasc sens patr grand generos pens dand prov dimostr coragg scelt sin non pres graz president,1
1238079015426101248,2020-03-12,13:26:54,pagliacc ben prim necess vend tabacchin edicol ferr,-1
1238078561485021184,2020-03-12,13:25:06,buffon,-1
1238078138904711171,2020-03-12,13:23:25, gest cos difficil tant lucid attenzion graz giusepp cont,1
1238077173535256579,2020-03-12,13:19:35,president gir grand confusion tant vann corr gir macchin non limit uscit non necessar ringraz,0
1238076243033063426,2020-03-12,13:15:53,profumer apert giusepp vai cas,-1
1238075292226408448,2020-03-12,13:12:06, mang sold guadagn attiv chius non pens mic magg vers inpsiva tass sospend non signif pag non è possibil chiud impres muor,0
1238075227181121538,2020-03-12,13:11:51, delusion president,-1
1238074304618803201,2020-03-12,13:08:11, misur più urgent dimission band incapac accompagn,-1
1238072843843371009,2020-03-12,13:02:22,egreg president non invid posizion è chiam prend decision non saprebb neanc iniz con stim speranz cap situazion attual sal car confid,1
1238072482227159042,2020-03-12,13:00:56, lontan abbracc più fort doman grand giusepp stor attend,1
1235958708229808130,2020-03-06,17:01:33,non firm mes stopmes,0
1235956579645689857,2020-03-06,16:53:06,dobb farcel,0
1235950645171105795,2020-03-06,16:29:31, ce far vol aiut togl ventos cul moll poltron lasc capac bend man leg per intent è ridurc grec buon strad,-1
1235950098380664833,2020-03-06,16:27:20, brutt partenz sper italy flexedbiceps,0
1235945389674491906,2020-03-06,16:08:38,legg comment polit situazion simil facevomiting il dramm italian capron costru struttur ospedal nuov cin support medic perc medicisol impreparatison collass già codiv19,0
1235940389602889740,2020-03-06,15:48:46,buongiorn mogl gelater mil è dipendent ditt individual vorre sap agevol scuol chius strad poc graz mill buon lavor,0
1235937859338723329,2020-03-06,15:38:42,mand malor fint alle europe lev sanitar pur indebol econom apriam occhi torn sovran reag,0
1235930229765533696,2020-03-06,15:08:23, sottovalut dic dov star tranquill controll rinunc tampon non figuracc livell internazional pon ripres econom priorit,-1
1238070133861560331,2020-03-12,12:51:36,ridicol apert azi situazion promiscu imposs evit leccapied confindustr,-1
1238069244320976896,2020-03-12,12:48:04, trump accus ritard provved arriv collass graz incapac agir,-1
1238067961967099905,2020-03-12,12:42:58, cap andav chius sar tard pover ital pover,-1
1238066013146619912,2020-03-12,12:35:14, vien prim sal lunghissim attiv commercial poss rest apert azi fabbric apert costrett lavor fabbric minim sicurezz tutt pur non ferm azi vergogn,-1
1238064005194944512,2020-03-12,12:27:15, serviz postal cont ordin pacc spacc cas oggett poss veicol contag lett raccomand quant altro,0
1238060813325348864,2020-03-12,12:14:34, sal opera non interess eh noaltr fat gg non pot perd capital far risc chius cas gg non mor fam tranquill,-1
1238059904302276608,2020-03-12,12:10:57,devret verr rimodific 2giorn del cos met bisogn chiud edicol tabacc profumer negoz elettron serv x 15gg poss sopravviv,-1
1238055062192246784,2020-03-12,11:51:43, piac sap lavor fabbric è cittadin ser b perc sa rossett mascar ben primissim necess buffon fing chiud chiud piccol attiv già decis chiud,-1
1238053175174877184,2020-03-12,11:44:13, andar lavor figl figliastr can mord cod vai lavor immun non contag è cas famm piac manovradimerd opera fabbric carn macell,-1
1238053152005464065,2020-03-12,11:44:08,dobb cin riusc farcel riusc più grand più piccol,0
1238052982203260935,2020-03-12,11:43:27,chied aiut controll far rispett decret,0
1238052443881078785,2020-03-12,11:41:19, cos unic attiv chius bar ristor parrucchier estet bhè ovvi virus propag lavor è prett contatt pubblic non è risc eh virus colazion pagliacc pall,-1
1238052348024545282,2020-03-12,11:40:56, prossim contag colp possibil evit non colt manshrugginglightskinton,-1
1238051390288793600,2020-03-12,11:37:07,signor cont preg chiud cantier fabbric opera non necessar chied perc mal cancr difes bas padr non può rest cas perc è operai,0
1238050697272270848,2020-03-12,11:34:22, govern cont priorit sal italian non sent parlament rinunc stipend sanit vergogn,-1
1238050503726112768,2020-03-12,11:33:36,graz port rovin,-1
1238050459975286784,2020-03-12,11:33:26, non vol agir tempest insult vol chiud confin vol invit uscir viv normal ment dov fidusc pront cont deced criminal,-1
1238048113295843328,2020-03-12,11:24:06,signor president super picc vogl consider ser chiusur front poic situazion ital tend stabilizz rest sar apic curv epidemiolog chiarissim,0
1238046592747347969,2020-03-12,11:18:04, miglior president ultim immagin gest emergt cazzar verd rign total incapac,1
1238046292330393600,2020-03-12,11:16:52,graz president greenheart italy heartsuit,1
1238046113225158656,2020-03-12,11:16:09, decret rovin piccol imprenditor vergogn,-1
1238045792054755328,2020-03-12,11:14:53,è giustissimom piccol commerc scadenz previst aiut,0
1238045304626216960,2020-03-12,11:12:57, person giusepp ved sent ascolt parol italian,1
1238044963415511047,2020-03-12,11:11:35, chius ben prim necess distribu mascherin italian maggior sicurezz norm già stabil manten metr distanz,0
1238044250627018752,2020-03-12,11:08:45,bisogn chiud tip negoz chiud bar ovvi non chiud tabacc edicol ritir que luog tabacc serviz bar scommess edicol,0
1238043719623942146,2020-03-12,11:06:39,riconosc cont coragg intrapres strad ton pens pot president ven deris cap govern è apprezz facil sparl social,1
1238043330044473344,2020-03-12,11:05:06,president vorre chied tutel dipendent supermerc potess attu sistem tak away stil mc donald internd almen lì possibil,0
1238043221005131778,2020-03-12,11:04:40, è poch orgogl govern ritorn più fort prim europe front consegut error,1
1238042530488483844,2020-03-12,11:01:55,brav president flexedbicepsmediumskinton flexedbicepsmediumskinton flexedbicepsmediumskinton,1
1238038854776619009,2020-03-12,10:47:19,graz buon lavor,1
1238038761268797441,2020-03-12,10:46:56,non è camb esercent abbigl calzatur bisogn chiud ferm pandem,-1
1238038547816480768,2020-03-12,10:46:06,buongiorn avvoc consulent part iva non stracc tutel ma mess cuor pac chied può comprov spost esigt lavor sa paur sporc fedin penal lavor,-1
1238038112934248448,2020-03-12,10:44:22,decret scritt eserciz rest apert commerc dettagl piccol animal domest realt intend negoz aliment animal possibil non imbrocchin coronavirusnonsoioital contedimett,-1
1238038004989603840,2020-03-12,10:43:56, gir corr allen ragazz gioc pallavol vol mett strad sì vol cap non cod supermerc serv far comunell cod,0
1238034504515825670,2020-03-12,10:30:02, categor lavor risc contag bisogn chiud attiv far pass period quest vuol tutel nazioneun popol coronavirus,-1
1238031162561478656,2020-03-12,10:16:45, amiam purpleheart purpleheart purpleheart purpleheart graz president,1
1238030296240578561,2020-03-12,10:13:18,car cont giustom stipend magn partit microimpres protezion proclam dobb pag dipendent rest attiv preved incass non mor virus fam,0
1238028353875185665,2020-03-12,10:05:35, sman protagon prosopope non veng scalf pandem go away,-1
1238028104976777217,2020-03-12,10:04:36,brav giusepp,1
1238027856971776002,2020-03-12,10:03:37,graz president pandem covid2019 restiamoacas restateacasavoichenoinonposs,1
1238026877656334337,2020-03-12,09:59:43,graz lavor ringraz sincer prim line nonsonoacas ben foldedhands iorestoacas andratuttoben milanosiamono,1
1238026810635534336,2020-03-12,09:59:27,scus domandaprobabil stupid presidentem è normal lombard escon vann uffic postal richied redd cittadin autorizz uscir cas serviz cos indispens emergt covid19,0
1238026287018541057,2020-03-12,09:57:22,bisogn chiud prim avvoc graz incapac,-1
1238026125378551808,2020-03-12,09:56:44,pagliacc ci ricord,-1
1238024668919017473,2020-03-12,09:50:57,graz president,1
1238024339766771712,2020-03-12,09:49:38, mes sar firm 16 non firm almen attend riapr cam discut,-1
1238024060468187136,2020-03-12,09:48:32, ditt opera fagnent crep clownfac clownfac clownfac clownfac clownfac clownfac clownfac clownfac voi parl cas bell stipend attent ruot gir,-1
1238023684247498753,2020-03-12,09:47:02,decret confus variazion bors 6 settiman non ten chius invec controll consob bors italian vaf,-1
1238023153953247234,2020-03-12,09:44:55, prend cin chiud lavor distruzion automat ben prim necess iorestoacas permett,-1
1238022316325552128,2020-03-12,09:41:36,signor cont part iva fort riduzion salar perc cass integr copr parzial sarebb giust compens contant gli statal deput non tip riduzion,0
1238017884691062786,2020-03-12,09:23:59, pres gir altra lavor ital classific class negoz prim necess realt inutil disastr person disastr punt vist,-1
1238016843782197248,2020-03-12,09:19:51, president dispost chiusur eserciz commercial blocc cas viss viv viv non muor coronavirus muor fam spieg camb graz,-1
1238016834668056576,2020-03-12,09:19:49, decret govern trasfert cost deb cittadin lavor produc possibilt sfor deficit chiss perc tant cas paes europe,-1
1238015000758886400,2020-03-12,09:12:32, respons è responsabil devast non è italian con sostien è pag govern spieg con ital è unic europ quaranten,-1
1238014252885200901,2020-03-12,09:09:33,decret pusillanim chiud vuol azi non vital non abbandon contedimett governodellavergogn governodelcontag,-1
1232080972532920325,2020-02-25,00:12:49,dimett senn non facolt pericol,-1
1232073979667664898,2020-02-24,23:45:02,coronavirus può togl poter region è chiar ascolt govern mess quaranten paes europeiogg non focolai italian paur perc non fid,-1
1232065857532125184,2020-02-24,23:12:45, può val semplic tweet brav president brav ministr govern region coinvolt sfid,1
1238237976762646530,2020-03-12,23:58:33,graz president confid,1
1238232792674295808,2020-03-12,23:37:57,non scord artigian,0
1238129355949211649,2020-03-12,16:46:56, ringraz infinit non averc chiam penisol sai imper austr ungar defin cos nonc bismark defin espression geograf car tugn graz cuor sent nazion,1
1238124376396115969,2020-03-12,16:27:09,gentil president mer decret nuov misur restritt vol chied cittadin ital padr operai tutel sal categor consegut famigl interveng sostegn dator lavor dia seren,-1
1238077416238653442,2020-03-12,13:20:33,graz,1
1238067805767024640,2020-03-12,12:42:21, vogl ben prim minister cont smilingfacewithheart eyes smilingfacewithheart eyes smilingfacewithheart eyes,1
1238059318378999811,2020-03-12,12:08:38,situazion gravissim lombard cas aument metr affoll prend lavor chiud,-1
1238053691342622721,2020-03-12,11:46:16, opera tutel azi non mett atto tutel sicurezz cas,-1
1238025268096270336,2020-03-12,09:53:19,ottim facciamol ben pragmat realism facciamol ten cont dichiar redd priorit govern dimostr guard non prossim elezion consens,1
1238024643719696385,2020-03-12,09:50:51,graz,1
1238022409288114178,2020-03-12,09:41:58,president ciò definit cap eu non serv cipp andar cappell man non mand mes dit non è priorit serr rang ital attrib,0
1238014015978311680,2020-03-12,09:08:37,buon lavor president graz,1
1238007649708453888,2020-03-12,08:43:19,dov far urgenz tampon personal sanitar ven contatt pazient covid 19 posit non infett famigl infett pazient,0
1237999521533231104,2020-03-12,08:11:01,graz president flexedbicepslightskinton italy,1
1237996246570356736,2020-03-12,07:58:00,annull vers iva marz blocc bollett mutu piccol med impres commerc artigian verr chiest cont chiusur attiv licenz casc part iva ve chied disper,0
1237990464994848769,2020-03-12,07:35:02,briciol non vers sold mes trov serv mes è truff dann italian non firm mes nomes giuseppecont pandem,-1
1237987844221743104,2020-03-12,07:24:37, foldedhands heartsuit graz lavor svolg decret decret parol parol heartsuit man invit non uscir unirc andrà ben non sar facil star pann ver graz,1
1237986443999563776,2020-03-12,07:19:03,benissim avant cos vinc,1
1237981012551962624,2020-03-12,06:57:28,brav cont piac conquist fiduc,1
1237946289427537920,2020-03-12,04:39:29,è pandem non chius minc andat lavor per cas clownfac muor mosc negoz volontar chius chius rimarrann sens civic decret riabilit pover serv poter fort,-1
1237887580651175937,2020-03-12,00:46:12,può problem secondar non èio chied sospension pag utenz luceacquagas period spettacol deceret legg non potr lavor 03 04quind non material possibil pag utenz,0
1237878106876039168,2020-03-12,00:08:33,ben aiut,0
1237875431447003136,2020-03-11,23:57:56, non viv più ital chied famigl amic chiud forzat settiman aiutat freg,0
1237871858919374849,2020-03-11,23:43:44, pandem non tant deten pen magar risolv problem sovraffoll specif coronavirus facil contag foldedhands sper rispost,0
1237870994695401473,2020-03-11,23:40:18,graz signor president clappinghandsmedium lightskinton clappinghandsmedium lightskinton clappinghandsmedium lightskinton,1
1237870709897973760,2020-03-11,23:39:10, raccom eh è stabil cont pubblic perc ce chied famos osann auster port ssn collass chied lum part sosteng medic prim line,0
1237868324815433734,2020-03-11,23:29:41,grand president dimostr dot straordinar pass critic ce farem,1
1237860255721082880,2020-03-11,22:57:37, president graz cap mess pratic italian non dimentic comment precedent compagn viagg ministr bocc re buff vicec sghignazz propost arriv più lungimir,1
1237855935185350657,2020-03-11,22:40:27,distribu mascherin popol meridion prim tard,0
1237852520602456066,2020-03-11,22:26:53,graz gigant heartsuit heartsuit heartsuit heartsuit heartsuit heartsuit heartsuit heartsuit heartsuit heartsuit heartsuit heartsuit heartsuit heartsuit heartsuit heartsuit heartsuit heartsuit heartsuit heartsuit heartsuit heartsuit heartsuit heartsuit heartsuit heartsuit heartsuit,1
1237851873157083136,2020-03-11,22:24:19, personfacepalming peggior president stor,-1
1237851751350300673,2020-03-11,22:23:50, fortun president ros,1
1237849777783459841,2020-03-11,22:15:59, inser car commission europe concession pover ital chied membr alzar tass particol sigarett tabacc sfus,0
1237849501169094660,2020-03-11,22:14:53, intric bell intenzion è termin dovr san deficit utilizz salv misur rientr potrann,0
1237848127735922689,2020-03-11,22:09:26,graz ciò tant president uscirem più fort prim farem ved past fatt torn ciò globeshowingeurop afric ci invid dolc italy,1
1237834988592250880,2020-03-11,21:17:13,dov chiud azi produtt ben non primar ammal sacc coscienz migliai mort chiud ten cas,0
1237832484961869825,2020-03-11,21:07:16,president dov chiud cos uscirem più prest possibil,0
1237831693559529474,2020-03-11,21:04:08,carissim president giusepp cont vorre dirl dov chiud è lasc apert farmac supermerc caserm soccors poliz carabinier pompier è lasc italian cas non è usciam ringraz,0
1237830712193056769,2020-03-11,21:00:14,graz mill president,1
1237830656341815297,2020-03-11,21:00:00,buon lavor president,0
1237828720469172228,2020-03-11,20:52:19,bisogn chiud andav prim non è tard è inutil ten apert lavor farmac alimentar stop sigarett benzin self,0
1239338044995534849,2020-03-16,00:49:50,president vicin fatic preg apra fond medic component govern dirigent poss vers 50 stipend bas volontar preg redheart,0
1239324652826169348,2020-03-15,23:56:37,president cos mand dritt ospedal azi bomb orologer lavor non coscienz perc ricatt veng lavor influenz dov chiud fabbric preg risc,-1
1239321763823173634,2020-03-15,23:45:08,dov tutel sanitar poter tutel sal cittadin lavor dpilavor colleg covid non sann famigl qualsias tutel sanitar,0
1239317687781785600,2020-03-15,23:28:56, avrà già scort bisogn eman decret doman dev star chius uscir cas cre caos cors scort,0
1239317543921364993,2020-03-15,23:28:22, lavor centr commercial dic molt torn più cos futil dev chiud rincoglion top gabb non può affid buon sens non ital,0
1239294780468858881,2020-03-15,21:57:55,egr president è possibil difficil corononavirus italian rispett eman europarlament sent autorizz barcellon pullman prelev italian,0
1239289291789996035,2020-03-15,21:36:06,orgogl president redheart redheart redheart,1
1239278543873466373,2020-03-15,20:53:24, rend cont ridicol decision rend cont coscienz migliai mort,-1
1239241688167723008,2020-03-15,18:26:57, crep non vien dat possibil rest cas perc lavor tratt pag tass opera carn macell,-1
1239224920254513152,2020-03-15,17:20:19,vogl chiud sti benedett port emergt poss period prend cur italian,0
1239223634650173441,2020-03-15,17:15:12,imprenditor compr assistt polmonar compl test don gemell stup gar consip non compr rispost tranchant offert condizion econom pag inaccett,0
1239212962751098880,2020-03-15,16:32:48, cont coscienz mand macell andrann lavor paur paur perd lavor andrann,-1
1239207070446039041,2020-03-15,16:09:23,continu insegu virus anzic anticip raccom mort coscienz cazz freg ved entrar sardegn decis chiud ingress ragion chiam criminal,-1
1239205848959901697,2020-03-15,16:04:32, vad tolg è incapac,-1
1239197383432515584,2020-03-15,15:30:54,graz grand capit heartwithribbon,1
1239196531946926080,2020-03-15,15:27:31,signor president fiduc oper buon lavor necess,1
1239195613947887616,2020-03-15,15:23:52, pall bisogn chiud fabbric non mascherin medic lavor fabbric bisogn rispost non proclam,-1
1239193516745592832,2020-03-15,15:15:32,tutel blocc arriv nord paes limitrof non tutel,-1
1239192467485986816,2020-03-15,15:11:21, lett attenzion misur palliat insufficient serv cred riusc gest andrebb ben focolai varicell possibil non cap covid 19 chiudetetutt,-1
1239179051941715971,2020-03-15,14:18:03, manovr è cac cas non risolv cos cas è manovr inconcludent gg cas 40 cas ospedal collass sacrif inutil tir pall chiud fabbric,-1
1239170166539329543,2020-03-15,13:42:45, freg ben sottovalut problem ritard prend sev misur vuol strad vuo cap cap tost poutingfac ogre sei incapac permess mett risc,-1
1239165211451559936,2020-03-15,13:23:03,buongiorn president blind legg dat continu uscir continu sal aere tren foliac non ferm man,1
1239136900490899456,2020-03-15,11:30:33, ferm lasc apert farmac supermerc è difficil lavor disposit protezion coronavirus è innatural tant realt commett error può fatal chiud,0
1239124289468628992,2020-03-15,10:40:27,carissim president parl tutel sal lavor lavor vorre cap class operai è mess lavor paur non poter contrarr schifezz contag propr car,-1
1239118548905201665,2020-03-15,10:17:38,sincer delus dov ferm andar lavor sper dian mascherin comod sold nord mand rom veroo pratic decret permett ditt far lavor m thumbsdown,-1
1239117333039374337,2020-03-15,10:12:48, chiud muor paeseed lavor siam president,1
1239115626880303104,2020-03-15,10:06:01, sal portafogl non pag tass esatt non chiud struttur non aiut piccol impres,-1
1239111884516798467,2020-03-15,09:51:09,compl president mett difficil clappinghands clappinghands clappinghands,1
1239109324158513152,2020-03-15,09:40:59,tant bell parol mett sicurezz lavor freg fabbric non necess dev chiud risc contag è altissim non può garant distanz sicurezz parol sap bla bla bla,-1
1239108359023927296,2020-03-15,09:37:08, dic chius bisogn chiud apert produc ben prim necess mascherin vann distribu operatorisanitaripatrimoniodelluman outoutconfindustr coragg suvv,-1
1239107728875929601,2020-03-15,09:34:38, johnson almen è chiar coerent cap disorient cap uccid vit,-1
1239095893258887170,2020-03-15,08:47:36,graz,1
1239095624580169729,2020-03-15,08:46:32,grand president se riusciss decret tapp bocc polit melon renz salvin inutil improdutt sarebb,1
1239093977774796800,2020-03-15,08:40:00, grand lavor grand personal difficilissim continu cos non infett polit bass livell,1
1239090433571139584,2020-03-15,08:25:55,compl ottim document,1
1239087263067316230,2020-03-15,08:13:19,non dimentic avant non ferm lavor donn uomin settor operin lavor giovan dip vann protett rispett sosten,0
1239082549802131456,2020-03-15,07:54:35, non ferm cap italian non capac starsen cas womanfacepalminglightskinton,0
1239078429624086528,2020-03-15,07:38:13,irrespons il govern coronavirusnon capac chiud barzellett,-1
1239075483364581376,2020-03-15,07:26:30,signor president tem non dator vogl poss rispett serv controll immed sever non grand azi pmi spec perifer graz,0
1239059359176503296,2020-03-15,06:22:26, chiud non uscirem cris april irrespons pell chiuderetutt,-1
1239011000533364738,2020-03-15,03:10:16, german stanz coragg pecoron,-1
1239006054610096129,2020-03-15,02:50:37,pot rend smart serviz aci passagg propriet aut pag aut luned non passagg propriet dov risolv problem brev sistem collass non sanitar,0
1238976201273888769,2020-03-15,00:52:00, prend cont govern gestion coronavirus dovrebber sofferm scelt region lombard consider sanit è compett regional,0
1238970092697706496,2020-03-15,00:27:43, aeroport non forn mascherin contatt pubblic comport,0
1238962708415905793,2020-03-14,23:58:23,sosteniamoc fermezz determin blueheart,0
1238957799146688512,2020-03-14,23:38:52,carissim president graz tant nonnett italian,1
1238955904965451781,2020-03-14,23:31:21,apprezz preesident rinfraz,1
1238950363715325956,2020-03-14,23:09:19,president ospedal fin dpi fat arriv dpi sanitar foldedhandslightskinton foldedhandslightskinton foldedhandslightskinton foldedhandslightskinton foldedhandslightskinton foldedhandslightskinton,0
1238950305783570432,2020-03-14,23:09:06,graz redheart,1
1238937664503545861,2020-03-14,22:18:52,viet sbarc continu entrar gommonian pien malatt non risors italianinon poss più manten sanguisug stran bast chius cas clandestin liber passegg piazz italian indisturb stop sbarc,0
1238937326337822720,2020-03-14,22:17:31,president preg paur andar lavor aument controll comun chiud azi non garant sicurezz dipendent vuol ferm econom patt tolg diritt sal,0
1238936390592868354,2020-03-14,22:13:48, pens lavor graz,0
1238935796947746817,2020-03-14,22:11:26, par comprend comment troll rosicon vogl dimission evident lavor ben graz pres clappinghands clappinghands,1
1238930108531998720,2020-03-14,21:48:50,ben vorre chied non potrem resist chius cas comun potrebber stud occasion socializz assol sicurezz pdc cos potrem resist più,0
1238919360149929984,2020-03-14,21:06:08, dovrebb ferm perc non cap cazz senz controll pen sev strad pien,0
1238918672502206464,2020-03-14,21:03:24,fat lavor trasport pubblic capotren metr rom rom lid mascherin disposit protezion aiutatel graz ciò president,1
1238917289153626114,2020-03-14,20:57:54, solidariet appogg cittadin ital so,1
1238911798860021767,2020-03-14,20:36:05,bisogn obblig azi far lavor cas può farl controll più sever paur azi continu far fint,0
1238911233568489472,2020-03-14,20:33:50,avant cos president,1
1238907866897166336,2020-03-14,20:20:27, parl trattat dar mascherin lavor parl mostr pall europ car cont ver battagl dovr affront riprend normal pag deb vogl ved,-1
1238907540882305025,2020-03-14,20:19:10, stronz cont german stanz 550milird l ital 25miliard soparat cervell delinquent lazzaron ladr matricol incapac ignor,-1
1238907036437528577,2020-03-14,20:17:09,graz president giuseppecont faceblowingakiss whitemediumst thumbsup,1
1238897790178164737,2020-03-14,19:40:25, govern dovrebb concord assicur prorog copertur assicur cos avven sism iolavor moden ferm circol non verrem pmi allla sosteng ns car ital foldedhands graz president,0
1238896572919959554,2020-03-14,19:35:35,cap necess non ferm perc cris dur ben più qs settiman cant è imposs manten distanz sopratutt piccol pratic lavor cas abit,0
1238895326154588162,2020-03-14,19:30:37, proced ben aprit spiragl italian spiragl divent prest voragin rivedrem tant strad i medic cines non han strad tropp,0
1238892460828393478,2020-03-14,19:19:14,ce farem,0
1238891913035554819,2020-03-14,19:17:04,graz ten dur fin serv,1
1238891751764561921,2020-03-14,19:16:25,assurd period storic possibil ferm farl ferm ver internet lavor agil continu retor diritt lavor,0
1238890636876689409,2020-03-14,19:11:59,lasc supermerc farmac apert rest chiud president compres sbarc incontroll cerc credibil ascolt voc popol almen non dic ascolt popol,0
1238890554508873735,2020-03-14,19:11:40,ottim lavor graz er,1
1238889902277885952,2020-03-14,19:09:04,graz impegn instanc moment critic stor ns ce farem,1
1238888565582508034,2020-03-14,19:03:46, è normal german stanz proprietar bce raggiung travolt coronavirus dov sud europ propriet tedesc può andar avant,0
1238888402549968897,2020-03-14,19:03:07,president ricord lavor stagional non poss iniz stagion nasp è termin febbrai miglior caside cas prorogadpcm salv econom doman almen nasp present settembr 2019 raccom,0
1238884822837321734,2020-03-14,18:48:53, corrier espress funzion,0
1238880850076459009,2020-03-14,18:33:06,controll azi andrebb sal,0
1238880655930425345,2020-03-14,18:32:20,ammir lavor president pur non sostenitor,1
1238877669560913925,2020-03-14,18:20:28,neon posit londr mort new york usa trump dichiar nazional camer approv aiut famigl prevision apocalitt unit 200mil vittim,0
1238877498282295297,2020-03-14,18:19:47, invecc giappon dovrebber mort usa non combin stringent caus ver qual antibiot ferm ricerc prodott,0
1238877229045682176,2020-03-14,18:18:43, aree ross soggett fragil centinai mort mort polmon viral letal non process diagnost evident segretar spieg resistt antibiot creer,0
1238877221365977089,2020-03-14,18:18:41, diritt sap ministr virus coronarvirusital,0
1238877129531670540,2020-03-14,18:18:19, costrett interven parl catastrof usa minim mort non ver rispost vien gall macroscop error appen cap error non tampon asintimat liber diffus virus,0
1238876771438792705,2020-03-14,18:16:54,graz lavor president,1
1238876674827173889,2020-03-14,18:16:31,attend protocoll sicurezz material centinai migliai dipendent pubblic più inutil presid uffic maggior chius pubblic poutingfac chiud,0
1238875575919484928,2020-03-14,18:12:09,graz prof flexedbiceps flexedbiceps flexedbiceps flexedbiceps,1
1238874187688706051,2020-03-14,18:06:38,perc continu arriv immigr sa,0
1238870681657450499,2020-03-14,17:52:42,brav president,1
1238870229742125060,2020-03-14,17:50:54,cred dov già predispost azi ben primar lavor adess dovrann farl assolut,0
1238870166785658882,2020-03-14,17:50:39, rend cont period arriv fras pensier contrast vol farl sap è fortun averl president govern graz,1
1238869586558308353,2020-03-14,17:48:21,gentil president pens pens agir trasport grand irrespons continu persist connazional pericol famigl,0
1238869301643423744,2020-03-14,17:47:13,graz president medic specializz geriatr catapult situazion ospedalier difficil covid19ital,1
1238869195250634752,2020-03-14,17:46:47,ben sicurezz lavor,1
1238869141743906817,2020-03-14,17:46:35, sal è priorit la destr smett propagand connot orma secol collabor coronavirus poch settiman stravolt unit combatt flagell planetar,0
1238868188974272512,2020-03-14,17:42:47, padron tedesc stanz frontegg coron virus sudd italian concess vergogn,-1
1238867973974167557,2020-03-14,17:41:56,president bisogn mascherin introv,0
1238866002965925889,2020-03-14,17:34:06,president ferm non garanz tutel dator lavor non poss controll fabbric non produc ben prim necess chiud blocc tren è tard,0
1238865048874909700,2020-03-14,17:30:19,vol esprim riconosct polit europ togl tant possibil giovan comport macron johnson graz cuor forz gioc tutel cittadin,1
1238863954685972481,2020-03-14,17:25:58,ottim president camion far cas luned ritorn strad aiut raccom non delud,1
1238863897161072640,2020-03-14,17:25:44,graz lavor italy,1
1238863037475495936,2020-03-14,17:22:19, german stanz aspett acquist azi italian fall attent non grec succed ital grav pericol,-1
1238862767022637057,2020-03-14,17:21:15,president conted cittadin ital chiedoqu sar fin coronavirus uscir union europeas vittim bruxellesquest non assolut ben cred,0
1238861027909021697,2020-03-14,17:14:20, president tant tropp delusion govern period difficilissim sent più tranquill graz,1
1238860281834549249,2020-03-14,17:11:22,graz president,1
1238859491715756033,2020-03-14,17:08:14, non stopp pag part iva azi affoss non fat cos farc bell la german mett piatt president non briciol fat,-1
1238857258576105472,2020-03-14,16:59:21,mascherin medic prim non,0
1238856337926369280,2020-03-14,16:55:42,president graz ferm maledett virus ripart torn grand popol,0
1238855786601775108,2020-03-14,16:53:31,president tampon sap posit,0
1238855452903059463,2020-03-14,16:52:11, cap timor cris econom affront anzi già affront qualor chiud fabbric è pur ver sal è diritt primar senz sal fabbric vuot ugual pericol,0
1238855081518403584,2020-03-14,16:50:42, teng dirl men prend decision non pot andarc,1
1238854214501179394,2020-03-14,16:47:16, ben popol è dignit,0
1238850688702197761,2020-03-14,16:33:15,graz president orgogl foldedhands faceblowingakiss,1
1238849054014091266,2020-03-14,16:26:45,iniz pag più infermier medic risc prim line salv grid vent trionfalist comunic pien,-1
1238847688633913344,2020-03-14,16:21:20, coragg è tocc govern davver difficil,0
1238847332428460033,2020-03-14,16:19:55,graz lavor,1
1238842022414475265,2020-03-14,15:58:49,dev far chiud rest apert farmac supermerc viv paur perc mar andar lavor bimb piccol cas iorestoacas mar dovrebb star cas,0
1238840558975684613,2020-03-14,15:53:00,colg ringraz cont lavor cos difficil pericol bloccant graz cuor,1
1238840185007284224,2020-03-14,15:51:31, graz,1
1237460674030247936,2020-03-10,20:29:50,graz impegn signor president foldedhands,1
1237425745946959874,2020-03-10,18:11:02, clappinghands clappinghands clappinghands graz president,1
1237405323461300225,2020-03-10,16:49:53,dedic cittadin respons okhand,1
1237370593240133633,2020-03-10,14:31:53, respons cas orma settiman liber profession non percep guadagn sper terr present liber profession lombard dov ferm necessit agevol,0
1237346257271754757,2020-03-10,12:55:11,discors perfett condivis arriv ritard,0
1237325139198476293,2020-03-10,11:31:16, non fat chiud attiv star girod sostegn econom attiv dipendent,0
1237320440743432192,2020-03-10,11:12:36, battagl vinc rend obblig mascherin guant provved rend dispon popol sanific mezz pubblic luog pubblic potenz struttur sanitar non affoss covid19,0
1237276627618402305,2020-03-10,08:18:30,graz president lavor delic svolg difficil,1
1237274518701445120,2020-03-10,08:10:07,task forc anamnes mess quaranten contatt posit cin cos funzion,0
1237270954071527425,2020-03-10,07:55:57, rivel seriet person part sordin rivel tien alto brav president cm lo italian bel compl riabilit,1
1237259484566863872,2020-03-10,07:10:22,pur ide divers ns stim riconosct gest cris verr dat cred sforz squadr mett camp ritrov gest popol egoist graz restiamoacas,1
1237189483088564225,2020-03-10,02:32:13,benissim poss necess virtù miglior part utilizz sistem on lin internet canal rai play istruzion aud vide lezion ridurr inter verif,0
1237184757391413249,2020-03-10,02:13:26, sincer graz lavor colleg,1
1237130691927781377,2020-03-09,22:38:36, controll numer poter don sold ospedal graz cont carcer iostoacas iorestoacas coronavirus coronavirusitall covid2019 covid19ital,0
1237125931254382594,2020-03-09,22:19:41, chied arriv punt sè mandr incivil non invas sud dimostr più total mancanz regol cin quaranten non scapp,0
1237125763461189633,2020-03-09,22:19:01,bepp cass integr derog attiv chius cazz chiud centr commercial continu ven diviet maledett covid19ital,0
1237123587938664449,2020-03-09,22:10:22,sar stran ciò premier onest ingenu emozion stiamoacas iorestoacas,1
1237122582907936768,2020-03-09,22:06:23,compl president più non sapre gest situazion compl sincer iorestoacas,1
1237122368268632064,2020-03-09,22:05:31,brav president decision giustissim,1
1237117801946587136,2020-03-09,21:47:23,più dur non cap non impost,0
1237116826196344833,2020-03-09,21:43:30,chiud bar ristor,0
1237110710011904006,2020-03-09,21:19:12,blocc president denunc concors epidem trasgred ital non grad chied comportanent irtespons incivil,0
1237105224843759619,2020-03-09,20:57:24, fiduc president,1
1237105171580289024,2020-03-09,20:57:11,fat controll azi furb president,0
1237103412661161984,2020-03-09,20:50:12, emergt decis firm mes marz giust pens vist cris enorm prospett è assicur poter distrugg definit mett man risp,0
1237102998607794177,2020-03-09,20:48:33,graz president per dov avvis prim coragg,0
1237101663736995847,2020-03-09,20:43:15, lavor contatt molt non lavor pag riuscir pag bollett scadenz finanz mutu acces misur permett cittadin scegl paur coscenz,0
1237092378105782273,2020-03-09,20:06:21,president provved dot ospedal ventil polmonar non dev obblig sanitar dover scegl viv mor polmon interstizial,0
1237080565456801792,2020-03-09,19:19:25, thumbsup brav president,1
1237060049400401920,2020-03-09,17:57:53,serv cass integr sar imposs sosten chiusur impres,0
1237058730547707904,2020-03-09,17:52:39,serv più sensibilizz coron virus convid19 comun difett gestion situazion abit refrontol comun arriv e responsibil ved non applic misur sicurezz 2m,0
1237049069605916679,2020-03-09,17:14:16, non facil parol giust riteng,1
1237048097307602945,2020-03-09,17:10:24,buonaser signor cont blocc mil andar sud espand coronavirus ditegl spar cittadin non import cavol,0
1237047821217533956,2020-03-09,17:09:18, non rispett non rispett ordin non rispett richiest vogl covid19,0
1237043493916291073,2020-03-09,16:52:06, poic gl italian dimostr rest pass più arriv pest mil freg regol occorr rispost più incis ahim punit affinc desist simil comportanenr,0
1237040554531270656,2020-03-09,16:40:25, italy concord zon ross sosteng cos enorm sacrif oper econom minimizz non vanific,1
1237039450380742656,2020-03-09,16:36:02, italy oper sanitar più dov è mess dur prov integr psicofis è cos difficil rinunc mondan covid2019ital iorestoacas iostoacas respect,0
1237039140593688578,2020-03-09,16:34:48, italy nazion dip matur popol è riusc misur grad civilt respons social dimostr,0
1237035277358641152,2020-03-09,16:19:27, continu ven sud consist blocc uscit lombard perc realt partenz arriv lì è incompres,0
1237031931138711552,2020-03-09,16:06:09,finc turist non pagh mult sal gironzol local turist non risolv problem non esist regol esbors sold aiut,0
1237029553165471750,2020-03-09,15:56:43, preg dio cuor bisogn fed prim arriv seren è augur victoryhand,0
1237027898629988354,2020-03-09,15:50:08,signor president più appell latit respons vogl più controll sanzion non rispett regol impost govern pugn dur fatt,0
1237026891544104960,2020-03-09,15:46:08,smettetel dargl addoss rappresent sicur può vorrest andar vot sembr suon nonnin macchin suon non vann mic più fort,1
1237023291883347969,2020-03-09,15:31:50,aut respons parol sconosc gran italian,0
1237021247684386816,2020-03-09,15:23:42,president ferm non buonsens disciplin giovan bertolas commissar,0
1237017889082834945,2020-03-09,15:10:22, responsabilit individual non funzionandopurtroppoecc perc bisogn imporr sanzion non rispett util imporr masc chirurg esca casa patt dispon ovv te coronavirus italiainquaranten,0
1237015750088458240,2020-03-09,15:01:52,signor cont può mand decret centr diurn anzian disabil non vogl chiud pericol pazient immunodepress,0
1237004542488780800,2020-03-09,14:17:20,brav professor profession polit pers augur dimostr giust fermezz san coerenz ricev miglior assistt scientif tant seren scelt decision prend buon lavor,1
1237003542789054465,2020-03-09,14:13:21,graz lavor svolg preg chiud settiman serv è continu vuol mhà perc non ferm perc finc paes non dichiar non attu doveandr afin,0
1237003473415286785,2020-03-09,14:13:05,president mand non cap accad,0
1237001984516988932,2020-03-09,14:07:10,egreg president può funzion sit strateg energet gasluceacqu telecomun garant,0
1237000141284036610,2020-03-09,13:59:50, centr fisiocinesiterap anzian pluripatog contatt dirett personal pazient risc contag real urgenz bisogn farl rientr provved disciplin tutel pazient,0
1236999686839468033,2020-03-09,13:58:02,graz president lavor incess coragg graz davver,1
1236997025746608129,2020-03-09,13:47:27,pochissim segu norm napol giovan non sens civic,0
1236993753887408131,2020-03-09,13:34:27,chiud ital president,0
1236976564103000064,2020-03-09,12:26:09, decret marz è concord,0
1236973742426935297,2020-03-09,12:14:56, misur valid segu poc cass supermerc feltr venet copp chiacchier 50cm è insort offend richiest retroced almen 1mt rid è più ser graz,0
1236972602855436288,2020-03-09,12:10:25,chiud ital april local uffic scuol cin italian non vogl comprend è ben dia govern atto immun depress rom aut isol non riesc cap,0
1236971960552370176,2020-03-09,12:07:51,signor president è polit stim è giunt per chiud bar ristor mett quaranten ital sal piccol imprenditor orma chius azi settiman,0
1236971702921449475,2020-03-09,12:06:50, applaus delicatezz situazion gestion,1
1236969708768972801,2020-03-09,11:58:55, vuol coprifuoc indisciplin irrespons,0
