id,datestamp,timestamp,tweet,label
1242238198052540424,2020-03-24,00:54:00,Fermiamo tutto schieniamo il sistema produttivo chiediamo aiuto al MES chiudiamo il parlamento borse a picco di manovre economiche neanche all’orizzonte... volete ridurre il risparmio degli italiani? Lo state facendo bene..!,Contrast
1242235251449049094,2020-03-24,00:42:18,Presidente quando tutto sara' finito tutto  questo dolore sulla sanita' non ci dovranno piu' essere tagli anzi la sanita' dovra' essere potenziata specie nelle aree piu' a rischio e povere.Presidente troppi morti  che potevano e dovevano essere salvati.,Neutral
1242234109335875590,2020-03-24,00:37:45,Via Posillipo via Petrarca  via Orazio Via Manzoni di NAPOLI non c’è alcuna presenza di polizia urbana carabinieri polizia di stato e militari per fermare coloro che a casa non vogliono restare. La pulizia è assente e non si vedono disinfestazioni delle strade e marciapiedi.,Neutral
1242230523453415426,2020-03-24,00:23:30,chiedo perché i ferramenti e i tabaccai devono restare aperti? Per i ferramenta per le urgenze vere basterebbe apporre sulla serranda un cartello con il suo numero di cellulare. Il tabaccaio deve chiudere si risolverebbe il problema dei danni da fumo. Divengono causa per uscire.,Neutral
1242221683370532864,2020-03-23,23:48:23,Sta ridicolizzando l'Italia e gli Italiani agli occhi del mondo con le dirette social. Avvocato si dimetta il prima possibile e senza fare ulteriori danni.,Contrast
1242218092861808643,2020-03-23,23:34:07,Vi aspettiamo quando saremo guariti. Perché non grazie a voi ma guariremo,Contrast
1242217651574845440,2020-03-23,23:32:22,Illustrissimo e compostissimo vuoto damerino come mai un annuncio istituzionale di quella portata ...su Facebook?,Contrast
1242195136538386432,2020-03-23,22:02:54,Hai rotto  veramente   .,Contrast
1242194684908392451,2020-03-23,22:01:06,Complimenti per la serietà dimostrata. Alcuni provvedimenti forse un po' in ritardo non dimenticare il Sud. Qualche riflessione sui risparmiatori : le perdite sono ingenti forse è il caso di pensare anche a loro d'altronde senza di loro credo che sarà difficile per le aziende,Favour
1242187770925285379,2020-03-23,21:33:37,Basta moduli vai a casa,Contrast
1242185890392420353,2020-03-23,21:26:09,Rubo una frase di @CatenoDeLuca al quale va la mia piú profonda stima 👏👏👏 detta durante la diretta su #pomeriggiocinque :"... Questa é la repubblica delle banane". #CONTEDIMETTITI,Contrast
1242185745009389568,2020-03-23,21:25:34,Tutti bravi a criticare ognuno da casa sua. Chissà cosa avreste fatto al suo posto e non dite meglio perché siete scontati.,Neutral
1242179191388413952,2020-03-23,20:59:32,Troppo tardi,Contrast
1242178843529621506,2020-03-23,20:58:09,Dimettitiiiiii Vorrei proprio che tu e tutti i tuoi coglioni della squadra di governo avreste bisogno di tutte quelle strutture ospedaliere che avete chiuse,Contrast
1242176926313308160,2020-03-23,20:50:32,Il mondo cmq nn sarà come prima ricordatelo! Adesso la gente sta chiussa in casa silenziosa ma dopo che finira un può con la storia di Corona virus sarà il caos economico mondiale.italia Europa peggiora unica che si salverà un può sarà la Russia,Neutral
1242159714017988613,2020-03-23,19:42:08,Presidente tiri dritto! Siamo con lei.,Favour
1242159712789020672,2020-03-23,19:42:08,Lei è il primo premier che prima annuncia e poi forse firma. C'é in gioco la vita degli italiani. Molti si ammalano e chi sarà fortunato e sopravviverà farà la fame. Siamo chiusi in casa senza soldi con affitto e bollette da pagare. Solo Slogan televisivi e nessuno aiuto reale,Contrast
1242158650904453126,2020-03-23,19:37:55,Vattene dall'italia,Contrast
1242156410751852545,2020-03-23,19:29:01,Vattene! Sei una sciagura!!!!,Contrast
1242152325973782528,2020-03-23,19:12:47,Grazie presidente...,Favour
1242152173519155201,2020-03-23,19:12:10,Caro Presidente alla fine noi  Italiani siamo fortunati (anche coloro che non lo meritano) ad avere in questo difficile momento una Persona del suo livello.,Favour
1242151510944952322,2020-03-23,19:09:32,Si vergogni ! in diretta Facebook e fino alle 2330 ancora si brancolava ne buoi !!! Apra il parlamento !! Questa è una dittatura !! VERGOGNA!!!,Contrast
1242148461061066753,2020-03-23,18:57:25,Presidente la informo che  i sindacati con l'appoggio di confindustria le stanno mettendo contro il popolo metalmeccanico di Leonardo. Stanno strumentalizzando sul fatto che Leonardo non si ferma per colpa del governo. Faccia qualcosa!,Neutral
1242147975910100992,2020-03-23,18:55:30,andrebbero bloccate le bollette telefoniche gas luce e acqua  per qualche mese,Neutral
1242146649734090757,2020-03-23,18:50:13,Grazie e vada avanti. Non accetti consigli dal CDX. Nostra fortuna è che non ci siano i sovranisti Salvini e Meloni al governo perché avrebbero scelto "l'immunità di gregge". Stia attento e non si faccia ingannare dall'aiuto che vorrebbero fare. Non creda a loro sono dei Barabba,Favour
1242146621758091264,2020-03-23,18:50:07,Ma perché tutti giudicate @GiuseppeConteIT ?Io sono italiana e vivi a Berlino e qui la signora Merkel col cacchio che ci ha aiutati.Ha preso un mezzo provvedimento se così lo vogliamo chiamare...Se siete tutti così bravi a risolvere il problema candidatevi allora!!,Neutral
1242144144975429635,2020-03-23,18:40:16,Inetto dimettiti,Contrast
1242142431459651585,2020-03-23,18:33:28,Presidente dovete fermare i finanziamenti con le finanziarie io sono bloccato a casa e come me tantissime persone e non posso pagare le rate fate qualcosa urgente prima che si diventa tutti cattivi pagatori. grazie,Neutral
1242140117243961345,2020-03-23,18:24:16,Se vuole il rispetto degli Italiani vada in Parlamento a riferire sulle intenzioni del Governo circa il #Mes. E dica al SUO ministro Gualtieri che non si azzardi a pronunciarsi in nome dell'Italia senza aver prima un mandato ex L. 234/2012. #STOPMES #CONTEDIMETTITI #STOPMES,Contrast
1242139447333879808,2020-03-23,18:21:36,Meglio dare come ha ben detto un prof della bocconi il reddito per l emergenza coronavirus europeo a tutti almeno fino a maggio fin quando le attività udienze ecc ecc ecc si riprendono,Neutral
1242139203330363392,2020-03-23,18:20:38,Caro presidente sono del gruppo on rotondi  ti voglio dire a nome di tutti i liberi professionisti se non  metti a disposizione i fondi investimenti imprese se nelle aziende lavorano solo operai ma uno studio legale consulente aziende estere come me cosa sta aperto a fare,Neutral
1242136732662992899,2020-03-23,18:10:49,Presidente mi scusi ma c’è una confusione incredibile e non si capisce niente.,Neutral
1242136476583854087,2020-03-23,18:09:48,Bravo ci stai ammazzando e vuoi pure il mes.,Contrast
1242134012275175429,2020-03-23,18:00:00,Quanta cattiveria sono sicuro che neanche mezza persona e il  che comenta negativamente sull'operato del Governo in questo momento di crisi saprebbe affrontare il problema state seduti sul divano e rilassatevi rispettando chi  lavora per voi.,Neutral
1242131838057041922,2020-03-23,17:51:22,A riguardo concordo con il premier vista la necessità...invece nn approvo chi al parlamento è indignato certo loro forse nn capiscono come si lavora cn la paura ...,Favour
1242125737517350913,2020-03-23,17:27:08,Criticare è facile prendere decisioni per la salute di tutti gli italiani è un altra cosa. Grazie Presidente,Favour
1242124212116086784,2020-03-23,17:21:04,Grazie Presidente!!,Favour
1242111144732561408,2020-03-23,16:29:08,Ti devi solo vergognare IGNOBILE,Contrast
1242104496676896768,2020-03-23,16:02:43,Quindi lei da oggi smette.,Contrast
1242102832561602560,2020-03-23,15:56:07,Grazie per quello che fa' e che dà al popolo Italiano,Favour
1242102388795809802,2020-03-23,15:54:21,Stiamo vicini aiutandoci a rispettare le regole e le decisioni del Governo.E dura ma c"è la faremo.Anche battendo una sola ala riusciremo a volare in alto.Coraggio a tutti @Pontifex_it @chetempochefa @SViadiDamasco,Favour
1242098941933518850,2020-03-23,15:40:39,Grazie presidente,Favour
1242098008642256896,2020-03-23,15:36:56,Firma le dimissioni,Contrast
1242097631872061447,2020-03-23,15:35:27,Riguardo le attivita' funzionali come possono i prefetti verificare la sussistenza dei requisiti? E' ovvio che non verificheranno mai e saranno tutte funzionali .. ma chi le scrive i decreti?,Contrast
1242097608988020736,2020-03-23,15:35:21,Quindi è giunta l'ora di chiudere anche la tua attività che tutto è meno che indispensabile necessaria   sparisci dalla circolazione traditore  Potevi dirci sin dal principio che il problema era Il triage inverso e La Mattanza degli ultraottantenni,Contrast
1242096723033575425,2020-03-23,15:31:50,La sicurezza dei lavoratori DEVE essere messa al 1°posto! Perché non impone di autocertificare e motivare al dipendente l'impossibilità di lavorare in smart working ? Molte aziende obbligano il dipendente a recarsi sul posto di lavoro nonostante possa tranquillamente farlo!!,Neutral
1242092111933120513,2020-03-23,15:13:31,Riflettevo l altra notte che finita questa guerra si apriranno scenari politici inimmaginabili oggi.... Non è una risposta semplicemente condivido una riflessione,Neutral
1242086105115250689,2020-03-23,14:49:38,A quando il prossimo DPCM? Domani...giovedi..? Le misure di ieri tardive e insufficienti. Bastava SIGILLARE 15 giorni fa le regioni del Nord con più contagi e lasituazione sicuramente non era cosi tragica. Adesso andiamo pure a farci gli aperitivi con gli amici cinesi!,Contrast
1242085072750198785,2020-03-23,14:45:32,Sei un incompetente e irresponsabile ke ha sul coscienza  la morte di migliaia di italiani e la distruzione socioeconomico della nostra bella Italia ....vigliacco vergognati e se ti è rimasta un po di dignità...dimettiti!!!!!,Contrast
1242084342555344896,2020-03-23,14:42:38,Salve volevo chiederle a nome di migliaia di mamme di prendere in considerazione la riapertura dell'approvigionamento di abbigliamento e oggettistica altamente necessaria ( carrozzine culle seggiolino auto  ecc) per la prima infanzia...grazie,Neutral
1242083781684625409,2020-03-23,14:40:25,Caro presidente si deve regolare il flusso di persone davanti al super  Come si può fare ?? A fine marzo si devono pagare bollette luce sono rinviati i pagamenti ???,Neutral
1242082281407291398,2020-03-23,14:34:27,Io attendo con trepidazione il momento in cui lei firmerà un decreto di autoespulsione dal territorio italiano. Conte ci conto,Contrast
1242082121285603329,2020-03-23,14:33:49,Lasciate lavorare questo nostro presidente sono stufa di vedervi girare in tutte le reti per criticare il prossimo,Neutral
1242081427514109952,2020-03-23,14:31:03,In un momento come questo non vorrei essere al posto del nostro presidente del consiglio mi piacerebbe sapere cosa avrebbero fatto i vari Salvini meloni tajani fareste meglio a stare nelle vostre abitazioni come noi tutti,Neutral
1242078216887644160,2020-03-23,14:18:18,Usalo come carta igienica. Grazie,Contrast
1242077234262937608,2020-03-23,14:14:23,Piyatelo in tel culo a secco merdaccia il coronavirus incompetenti! Parlo a nome di chi può,Contrast
1242075844308328448,2020-03-23,14:08:52,Faccia qualcosa per far ripartire l’Italia! E il MES non è la soluzione.,Neutral
1242075308049797123,2020-03-23,14:06:44,Prima falle le cose e poi dai l'informazione. A mezzanotte invece di fare annunci dormi #Pinocchietto...,Contrast
1242072383214817281,2020-03-23,13:55:07,Noi professionisti siamo indispensabili e strettamente necessari in questa emergenza vero?! O forse questo è un modo per non darci nessun aiuto economico... vergognatevi non siete più credibili,Contrast
1242070945180811266,2020-03-23,13:49:24,Non siamo tutti taricone e casalino incapace disgraziato,Contrast
1242070449007329282,2020-03-23,13:47:26,Dimettiti incompetente disgraziato incapace..come cazzo si fa ad annunciare su Fb e presentarsi in TV sabato notte per poi ieri dire si no ma beeee...pero' da mercoledì...pagliaccio,Contrast
1242069125717012481,2020-03-23,13:42:10,Decreto inutile non avete bloccato gli scappati dal nord verso il sud.,Contrast
1242068106626957315,2020-03-23,13:38:07,Come sempre in Italia la burocrazia rischia di rallentare una scelta farmacologica che potrebbe rivelarsi utile in questo momento di emergenza e urgenza.,Neutral
1242067528874156036,2020-03-23,13:35:50,Riconvertire produzioni a risorse che oggi sono indispensabili.,Neutral
1242065246744907778,2020-03-23,13:26:45,Siete un governo sconcertante insoddisfacente deludente,Contrast
1242064594132176897,2020-03-23,13:24:10,VOI TUTTI A CASA! SOLO DANNI,Contrast
