id,datestamp,timestamp,tweet,label
1242238198052540424,2020-03-24,00:54:00,ferm schien sistem produtt chied aiut mes chiud parl bors picc manovr econom neanc vol ridurr risparm italian ben,-1
1242235251449049094,2020-03-24,00:42:18,president fin dolor san non dovrann tagl anzi san potenz spec are risc pov president tropp mort pot dov salv,0
1242234109335875590,2020-03-24,00:37:45,via posillip via petrarc via oraz via manzon napol non presenz poliz urban carabinier poliz militar ferm cas non vogl rest puliz è assent non ved disinfest strad marciapied,0
1242230523453415426,2020-03-24,00:23:30,chied perc ferr tabacca dev rest apert ferrament urgenz ver bast apporr serrand cartell numer cellul tabaccai chiud risolv problem dann fum diveng caus uscir,0
1242221683370532864,2020-03-23,23:48:23, ridicolizz italian occhi dirett social avvoc dimett prim possibil ulterior dann,-1
1242218092861808643,2020-03-23,23:34:07, aspett guar perc non graz guar,-1
1242217651574845440,2020-03-23,23:32:22,illustrissim compostissim vuot damerin annunc istituzional port su facebook,-1
1242195136538386432,2020-03-23,22:02:54, rott ver,-1
1242194684908392451,2020-03-23,22:01:06,compl seriet dimostr provved ritard non dimentic sud riflession risparm perd ingent è pens cred sar difficil azi,1
1242187770925285379,2020-03-23,21:33:37, modul vai cas,-1
1242185890392420353,2020-03-23,21:26:09,rub fras pi profond stim clappinghands clappinghands clappinghands dett dirett pomeriggiocinqu è repubbl banan contedimett,-1
1242185745009389568,2020-03-23,21:25:34, brav critic cas chiss non dit perc scont,0
1242179191388413952,2020-03-23,20:59:32, tard,-1
1242178843529621506,2020-03-23,20:58:09,dimettitiiii vorre coglion squadr govern bisogn struttur ospedal chius,-1
1242176926313308160,2020-03-23,20:50:32, non sar prim ricordatel chiuss cas silenz finir può stor coron virus sar caos econom mondial ital europ peggior unic salv può sar russ,0
1242159714017988613,2020-03-23,19:42:08,president tir dritt,1
1242159712789020672,2020-03-23,19:42:08, è premier prim annunc firm gioc italian ammal sar fortun sopravviv far fam chius cas sold affitt bollett pag slogan televis aiut real,-1
1242158650904453126,2020-03-23,19:37:55,vatten,-1
1242156410751852545,2020-03-23,19:29:01,vatten sciagur,-1
1242152325973782528,2020-03-23,19:12:47,graz president,1
1242152173519155201,2020-03-23,19:12:10,car president italian fortun anche non merit difficil person livell,1
1242151510944952322,2020-03-23,19:09:32, vergogn dirett facebook brancol buo apra parl è dittatur vergogn,-1
1242148461061066753,2020-03-23,18:57:25,president inform sindac confindustr mett popol metalmeccan leonard strumentalizz leonard non ferm colp govern,0
1242147975910100992,2020-03-23,18:55:30,andrebber blocc bollett telefon gas luc acqua mes,0
1242146649734090757,2020-03-23,18:50:13,graz vad avant non accett consigl cdx fortun è non sovran salvin melon govern perc scelt l immun gregg attent non ingann vorrebber non cred barabb,1
1242146621758091264,2020-03-23,18:50:07, perc giudic io italian viv berlin signor merkel cacc aiut ha pres provved cos vogl chiam se cos brav risolv problem candidat,0
1242144144975429635,2020-03-23,18:40:16,inett dimett,-1
1242142431459651585,2020-03-23,18:33:28,president dov ferm finanz finanziar blocc cas tantissim non poss pag rat fat urgent prim catt pagator graz,0
1242140117243961345,2020-03-23,18:24:16, vuol italian vad parl rifer intenzion govern mes dic ministr gualtier non azzard pronunc prim mand 234 2012 stopmes contedimett stopmes,-1
1242139447333879808,2020-03-23,18:21:36, dar ben prof boccon redd emergt coronavirus europe almen magg attiv udienz riprend,0
1242139203330363392,2020-03-23,18:20:38,car president on rotond vogl liber profession non mett disposizion fond invest impres azi lavor opera stud legal consulent azi ester apert,0
1242136732662992899,2020-03-23,18:10:49,president scus confusion incred non cap,0
1242136476583854087,2020-03-23,18:09:48,brav ammazz vuo mes,-1
1242134012275175429,2020-03-23,18:00:00, cattiver sicur neanc mezz person coment negat govern cris saprebb affront problem sed div rilassat rispett lavor,0
1242131838057041922,2020-03-23,17:51:22, riguard concord premier vist necess invec non approv parl è indign non cap lavor paur,1
1242125737517350913,2020-03-23,17:27:08,critic è facil prend decision sal italian è altra graz president,1
1242124212116086784,2020-03-23,17:21:04,graz president,1
1242111144732561408,2020-03-23,16:29:08, dev vergogn ignobil,-1
1242104496676896768,2020-03-23,16:02:43, smett,-1
1242102832561602560,2020-03-23,15:56:07,graz dà popol ital,1
1242102388795809802,2020-03-23,15:54:21, vicin aiut rispett regol decision govern e dur farem anche batt sol ala riusc vol alto coragg,1
1242098941933518850,2020-03-23,15:40:39,graz president,1
1242098008642256896,2020-03-23,15:36:56,firm dimission,-1
1242097631872061447,2020-03-23,15:35:27,riguard attiv funzional poss prefett verific sussistt requis ovvi non verific funzional scriv decret,-1
1242097608988020736,2020-03-23,15:35:21, è giunt chiud attiv è indispens necessar spar circol traditor pot dirc sin princip problem triag invers mattanz ultraottantenn,-1
1242096723033575425,2020-03-23,15:31:50, sicurezz lavor mess 1 post perc non impon autocertific motiv dipendent lavor smart working molt azi obblig dipendent rec lavor tranquill farl,0
1242092111933120513,2020-03-23,15:13:31,riflett altra nott fin guerr aprirann scenar polit inimmagin non è rispost semplic condivid riflession,0
1242086105115250689,2020-03-23,14:49:38, prossim dpcm doman gioved misur tardiv insufficient bast sigill region nord più contag lasitu sicur non tragic andiam farc aperit amic cines,-1
1242085072750198785,2020-03-23,14:45:32, incompetent irrespons coscienz mort migliai italian distruzion socioeconom bell ital vigliacc vergogn è rimast dignit dimett,-1
1242084342555344896,2020-03-23,14:42:38,salv vol chied migliai mamm prend consider riapertur abbigl oggettist alt necessar carrozzin cull seggiolin aut prim infanz graz,0
1242083781684625409,2020-03-23,14:40:25,car president regol fluss super può marz dev pag bollett luc rinv pag,0
1242082281407291398,2020-03-23,14:34:27, attend trepid firm decret autoespulsion territor ital cont cont,-1
1242082121285603329,2020-03-23,14:33:49,lasc lavor president stuf ved gir ret critic prossim,0
1242081427514109952,2020-03-23,14:31:03, non vorre president piac sap salvin melon tajan star abit,0
1242078216887644160,2020-03-23,14:18:18,usal cart igien graz,-1
1242077234262937608,2020-03-23,14:14:23,piyatel tel cul secc merdacc coronavirus incompetent parl può,-1
1242075844308328448,2020-03-23,14:08:52, far ripart mes non è soluzion,0
1242075308049797123,2020-03-23,14:06:44,prim fall cos mezzanott annunc dorm pinocchiett,-1
1242072383214817281,2020-03-23,13:55:07, profession indispens strett necessar emergt ver è non darc aiut econom vergognat non più credibil,-1
1242070945180811266,2020-03-23,13:49:24,non taricon casalin incapac disgraz,-1
1242070449007329282,2020-03-23,13:47:26,dimett incompetent disgraz incapac com cazz annunc fb present tv sab nott beee per mercoled pagliacc,-1
1242069125717012481,2020-03-23,13:42:10,decret inutil non blocc scapp nord sud,-1
1242068106626957315,2020-03-23,13:38:07, ital burocraz risc rallent scelt farmacolog rivel util emergt urgenz,0
1242067528874156036,2020-03-23,13:35:50,riconvert produzion risors indispens,0
1242065246744907778,2020-03-23,13:26:45, govern sconcert insoddisfacent deludent,-1
1242064594132176897,2020-03-23,13:24:10, cas dann,-1
