id,datestamp,timestamp,tweet
1262513396903264258,2020-05-19,00:40:24,president preg not tantissim lavor turism contratt determin lavor stagion turist non stagional dann lavor persoanc beff emargin
1262480386770206722,2020-05-18,22:29:14,sigcont pag cigd aspett 3mes quand bont far arriv sold mang non cred è arriv smett raccont bug promess non manten le ricord chiest scusam vogl sold cigd
1262474818131279874,2020-05-18,22:07:06,non insultatel denunc querel prend ergastol minim non esclud 41 bis
1262467059549691907,2020-05-18,21:36:17, non cap na mazz 200esim pagin moll
1262463570547298304,2020-05-18,21:22:25, può spost region region non
1262460844039954442,2020-05-18,21:11:35, accontent non prov vergogn parl car president repubbl liber banan
1262454148215312386,2020-05-18,20:44:58, sar pubblic benedett decret gazzett ufficial cos sar cambiamentoqualc aiut non eur
1262448395110604802,2020-05-18,20:22:07, decret rilanc vien pubblic gazzett
1262434106786406400,2020-05-18,19:25:20,ah be più seren sto aspett cass integr poutingfac poutingfac
1262432750583382017,2020-05-18,19:19:57,dopodoman è mercoled chiss
1262427548048166917,2020-05-18,18:59:16, aspett esca gazzett decret sent sol bug previst pubblic tac bug
1262424755120062466,2020-05-18,18:48:10,brav president comport sap graz
1262421427879280641,2020-05-18,18:34:57,inutil decret raffic non trov applic fart pubblic lasc star mer ps rispond giornal è smett percul fals annunc
1262419884811616256,2020-05-18,18:28:49,decretorilanc dat sold fond perd autonom a altra categor è chiest indebit almen eur poter manten famigl torn lavor vergogn eur
1262415571473358848,2020-05-18,18:11:41, firm dimission contedimett
1262413632933179394,2020-05-18,18:03:59,ottim apre front giugn spagn prend cos ser cancell vol fco mes compl
1262411859568865282,2020-05-18,17:56:56,brav sper ben chied scus traspart oltretutt ten poss pubblic relazion parer component comit tecnic scientif oltretutt conosc cost espert nomin
1262407064527212544,2020-05-18,17:37:53, natic consunt confid decret podenz fuog scadenz fiscal cialtron governodellavergogn decretorilanc coronavirus
1262405872405405698,2020-05-18,17:33:09,commerc part iva collass pens sanator schif
1262398118483591169,2020-05-18,17:02:20, perc critic cont arriv account sembr real
1262388667034873856,2020-05-18,16:24:46, vergogn prov averc ingannatox gest covid imped autops aument mortix averc ridott lastricox averc tolt libert mot chied perc non dorm più nott non so riusc
1262388479981490177,2020-05-18,16:24:02, scad inail irpef accont iva part iva stran decretorilanc non è gazzett ufficial mercoled
1262387750503841796,2020-05-18,16:21:08,non sold europ non è fess finitel stor
1262386942831988748,2020-05-18,16:17:55,compl lavor svolt
1262384669733072897,2020-05-18,16:08:53, cap son calc govern non dur moltipl viv ruot calc
1262382997870915585,2020-05-18,16:02:15,graz averc rovin fin stor virus pericol
1262377616763469824,2020-05-18,15:40:52,bla bla bla bla bla aiut concret 0 dimett incapac rovin piac popol ital è fatt
1262372468146266113,2020-05-18,15:20:24, ved alcun trasmission la7 medic bas protezion mascherin etc mi veng brivid sar second ondat può parl risc calcol non numer asintomat
1262366351886372865,2020-05-18,14:56:06,car giusepp mett sold cont corrent popol fam
1262365298361077761,2020-05-18,14:51:55, pallonar è aspett marz cas dov andar inutil
1262364412725338112,2020-05-18,14:48:24, gazzett ufficial scientement compon caratter mobil gutenberg ritard più possibil pubblic
1262362672856694785,2020-05-18,14:41:29,imho fca isp ben dic brevett produzion ital finanz azion fort smilingfacewithsunglasses
1262359049204572162,2020-05-18,14:27:05, 9 03 18 05 pass non so dpcm atten manier integral ricev p iva bui compens mut bollett spes condominial arriv puntual svizzer
1262358762574295040,2020-05-18,14:25:57, social donn nud uomin bac trov ser
1262358171215167490,2020-05-18,14:23:36,cont non pubblic schif decret non ved sold prossim è pass pezz vergognosiiii siet
1262354648377233408,2020-05-18,14:09:36, dimentic asil
1262354001917554692,2020-05-18,14:07:02, esam pens prolung accadem 2019 20 ottobr 2021 non poss pag student famigl emergt conseguent sospension lezion
1262353689211265025,2020-05-18,14:05:47, thinkingfac non scord firm dimission popol ital italy ringraz poutingfac poutingfac
1262352906864537600,2020-05-18,14:02:41, che padr merc compr
1262347174404382726,2020-05-18,13:39:54,president scus assist parent portator handicap verr firm decret usufru ulterior gg aspett retribu cred situazion non è più gestibil madr mal alzaihmer non abit
1262346084254388224,2020-05-18,13:35:34, è scritt blocc licenz controll azi chiest cig d italianiinvis piang decretoleggerilanc
1262345390730469377,2020-05-18,13:32:49, chied smett prender cul italian non sent pupazz lasc famigl ammazz fall vorre dirtel coglioneee
1262343769317355521,2020-05-18,13:26:22, interveng cig
1262343286519328770,2020-05-18,13:24:27, inettitudin govern impres vogl riapr perc più sicur intro minim dat inett incapac dpcm dl spar mal govern egual
1262340466277842946,2020-05-18,13:13:14, dpcm legg non dovrebb pass parl spieg insegn diritt avvoc diavol popol
1262339613617782785,2020-05-18,13:09:51, dimission
1262339396617080837,2020-05-18,13:08:59, vuo buffon tolt respons demand region vatten dimett squadr govern inclus task forc buffon incapac
1262336634781085698,2020-05-18,12:58:01, torn confront parlament continu decret perc cominc dur lavor è drammat cal
1262336188645552128,2020-05-18,12:56:15, è testimon dio madr terr pagh infam
1262335476201140224,2020-05-18,12:53:25,stronz viol diritt uman pagh crimin contedimett
1262334077933404160,2020-05-18,12:47:51, distrugg infam cialtron ce segn maledett
1262332678998810624,2020-05-18,12:42:18, president com è resident regg calabr debb aspett giugn andar messin mezz ora trov figl non ben
1262331979611156481,2020-05-18,12:39:31, decret magg rilanc ital sar gazzett ufficial
1262329472382128128,2020-05-18,12:29:33, govern non ben popol veng cacc ped è farem
1262328973792509952,2020-05-18,12:27:34, bell gioc superenalott numer nri fals decret buffon
1262327705166655490,2020-05-18,12:22:32,magg domen lavor indefess
1262324905514762246,2020-05-18,12:11:24, ricev sold facewithtearsofjoy facewithtearsofjoy facewithtearsofjoy facewithtearsofjoy
1262321944042536965,2020-05-18,11:59:38,ultim ora istitu task forc ten cont dpcm
1262320171206803456,2020-05-18,11:52:36, asil priv bisogn decret rispost vergogn vol dett legg cresc figl dov occup
1262317834631294976,2020-05-18,11:43:19,graz esserc stim clappinghands clappinghands twohearts
1262313582190092289,2020-05-18,11:26:25,president line guid inail non dov dar vint bull è umil consum paur
1262312371265114112,2020-05-18,11:21:36,arriv cass integr marz april mes
1262310710014550017,2020-05-18,11:15:00,sanator clandestin lev bonus personal sanitar vergogn contedimett governodimettetevitutt governodellavergogn
1262309117462544384,2020-05-18,11:08:40, stipend farnetic fantamiliard manc sold è arriv kitammuort
1262308487666839554,2020-05-18,11:06:10, sacchett nascost
1262307113923235840,2020-05-18,11:00:43,scus president decret rilanc tracc gazzett ufficial oggi magg
1262306808007397377,2020-05-18,10:59:30, error cont e 1 dichiar emergt gennai non coragg chiud front 2 non ten cont sugger destr richied 3 nomin incapac 3 apert sceller
1262304374245732353,2020-05-18,10:49:49,egreg signor cont decret e non arriv aiut concret famigl impres ma esatt guadagn ho 29ann vergogn govern sospendet stipendin
1262302703549546497,2020-05-18,10:43:11,sper govern non accolg forzaital chedall opposizionepropon imporr vaccin influenz rif sar sottopost tso tal casopiù regim parl dittatur
1262300118751096833,2020-05-18,10:32:55,sper s avved pront organizz ben livell mediat ricord gatt lard lasc zampin restrizion oltremod inappropr senn perc chied futur man
1262299633486901250,2020-05-18,10:30:59,stamattin prov mascherin chirurg farmac divers non trov è ripartt rischiocalcol progett sa trascur variabil calcol risc
1262299435054313472,2020-05-18,10:30:12, programm neuor linguist abbin dos disson cognit port der concittadin catt non s addic dic bug es è salvaguard sal pubblic divent nasal sai verit
1262298033578000385,2020-05-18,10:24:38, firm dimission graz
1262295935574577152,2020-05-18,10:16:18, cassaintegr elezionisub
1262294935908335618,2020-05-18,10:12:19, cass integr veng mang president
1262292662259941378,2020-05-18,10:03:17, ben cass integr arriv famigl non più
1262289326320254977,2020-05-18,09:50:02, vide bravoh
1262285428805316610,2020-05-18,09:34:33,pinocc
1262284139841105920,2020-05-18,09:29:25,sper non avvent buonsens popol non cred ved ciò accad gg sper almen domiciliar cap vedrem flexedbiceps
1262282518637817857,2020-05-18,09:22:59, aggiudic libr stor verra ricord peggior president dopoguerr compl lavor svolt pagh
1262281530916900864,2020-05-18,09:19:03,non parol con coragg vend cines coscienz dorm nott
1262280434932682753,2020-05-18,09:14:42,cont consum più penn scarp qst è dpcm cont chiacc chiacc chiacc milionimilion monopol car cont fall qst period cerc arranc consens andar cas
1262279311282888704,2020-05-18,09:10:14,car president giusepp cont premett assolut convint bont provved rilanc profond delus ambigu attenzion riserv infermier
1262277968056979456,2020-05-18,09:04:54,car president giusepp cont premett assolut convint bont provved rilanc
1262276712685019136,2020-05-18,08:59:54,domand dov andar lombard emil acquist eco sosten green priv che non possibil sped rientr situazion necess dat utilizz andar lavor
1262276660960866304,2020-05-18,08:59:42, dimett
1262272811344814080,2020-05-18,08:44:24,puo firm firm è cart stracc pens aspett 600 prim donn tg sii degn occup
1262270719184027649,2020-05-18,08:36:05,dimett
1262269814749495298,2020-05-18,08:32:30, emergt guard ciò accad svizzer grec è cul
1262269672252194817,2020-05-18,08:31:56,ammir lavor svolt per dissent facc tampon controll pag non spall cittadin sanit è diritt vicin condivirus graz
1262268462451351555,2020-05-18,08:27:07, govern riprend timon nazion dirigel rett via scalz govern popol sovr elegg non sussist non più repubbl democraz libert
1262266811204190209,2020-05-18,08:20:34, popol unit rom vot star diritt dov popol ital fat giust onest costitu popol sovr butt giù non più grad
1262265678393937920,2020-05-18,08:16:04, cazz govern perc non riun dic italian popol sovr costitu decid votazion elegg degn govern govern coscienz uman onest
1262263217851707392,2020-05-18,08:06:17, dovrebb vergogn dimett manfacepalming manfacepalming manfacepalming
1262261774717460481,2020-05-18,08:00:33,comgiuntifuoriregion vogl regol ved congiunt è depriment tratt turist dentr region diritt
1262260934761996288,2020-05-18,07:57:13, più orgogl italian più orgogl president graz avant cos tocc respons prudenz andiam avant sempr cont forever redheart
1262260766008377344,2020-05-18,07:56:32, peggior govern berluscon cos imbarazz
1262258654524432387,2020-05-18,07:48:09,comunic tweet poch prim vigor parl dittator salvin
1262254106657411073,2020-05-18,07:30:05, pres gust eh govern dpcm god perc cuccagn non dur contedimett dittaturasanitar governodellavergogn fall
1262253065589096453,2020-05-18,07:25:57,firm dimission pinocc lyingfac incapac
1262248378538373121,2020-05-18,07:07:19, venet cos prim annunc non può esimeres passerell pens far ritorn regol democrat vituper orban già maisinistr
1262248156118605825,2020-05-18,07:06:26, sintes può non può almen formul prevision
1262247716232531969,2020-05-18,07:04:41,cazz firm
1262246462638960642,2020-05-18,06:59:42, prof cont dpcm brutt abitudin immagin non futuroprov decret leggevedr trover
1262243381683589123,2020-05-18,06:47:28, sar pubblic gazzett uffic arriv aiut febbrai non è arriv nullaogg riapertur moltissimicon spes ulterior adegu local sold spend è possibil
1262243061251399680,2020-05-18,06:46:11,non so perc ricord io mett luc camp dar biciclett
1262240779810091009,2020-05-18,06:37:07, viv realt non sfam parol
1262235191290011651,2020-05-18,06:14:55,firm dimission stronz
1262234475058081793,2020-05-18,06:12:04,cred firm podenz fuog buffon
1262234449468588034,2020-05-18,06:11:58,quand e confront elettor eh tir pall andiam ved consens
1262234393797672960,2020-05-18,06:11:45, vai pall
1262227468959854593,2020-05-18,05:44:14, firm dimission torn fotocop alpa
1262216714353291264,2020-05-18,05:01:30, spavent chied pien poter prend chied boccalon continu pend labbr
1262214810097385472,2020-05-18,04:53:56,dimett
1262209395599048705,2020-05-18,04:32:25,president dic inser dpcm mascherin capr papay non vorre finiss tanzan gent mang frutt mung capr fin terap intens
1262198414512619520,2020-05-18,03:48:47, arriv cass integr eh sper riscald e non caus
1262197446429544448,2020-05-18,03:44:56, dio stramaled farabutt
1262185901775556608,2020-05-18,02:59:03,grand lavor grand news
1262184859080044549,2020-05-18,02:54:55, far accett necessar sacrif cittadin bisogn fiduc ingiustific spudor sanator migrant volont italian puo pens otten
1262182174201085952,2020-05-18,02:44:15, è togl coglion
1262176800211427329,2020-05-18,02:22:53,aumentopensionidiinvalid decret rilanc decret manc complet relat aument pension invalid 2020 assoc ribaditocomel somm eur mensil non ril idone garant
1262173113489534976,2020-05-18,02:08:14, è dpcm dov firm april pagin cazz impegn ricord manovr scus que sold manovr
1262171791184846851,2020-05-18,02:02:59,miracol vai cas stanc ved lasc poltron più compett
1262168726113222657,2020-05-18,01:50:48,pagliacc clownfac
1262164661828452355,2020-05-18,01:34:39,graz president
1262163959693672448,2020-05-18,01:31:52,garant larg azi dev ottemper disposizion ottim lavor
1262163363720769536,2020-05-18,01:29:30, decret april
1262160400994402304,2020-05-18,01:17:44,consider musumec vuol aprir discotec fontan parl modell lombard dire man clausol salvaguard backhandindexpointinguplightskinton italy
1262158577290153984,2020-05-18,01:10:29,firm dimission eh
1262158296515051527,2020-05-18,01:09:22, cassaintegr cazz è è febbrai mogl non percep cazz eur schifos parass verm bugiard maledett dimm erog dimmel stip immagin arriv regolar ver
1262158286389944327,2020-05-18,01:09:19,brav giusepp
1262157665846923269,2020-05-18,01:06:51,graz mill ero smirkingfac
1262157171401338880,2020-05-18,01:04:54,bonus 600 neg requis regol commercial avvoc titol risult dipendent non sa call center ragion ricors è normal respint weekend graz cont rester pag
1262155387433881601,2020-05-18,00:57:48,cont rispond vorrebb gogn rub stipend prend rispond merd rispond vigliacc
1262155006343512067,2020-05-18,00:56:17,aspett godot
1262151865174757381,2020-05-18,00:43:48, menzion libr scuol prodott volut disastr econom stor compl cazz
1262149899795214349,2020-05-18,00:36:00, fitus non sprec caratter pens vad bagn tir sciaquon
1262147220721356801,2020-05-18,00:25:21, finanz sonom non pag tasseevasor simil pretend più non cap aiut statatal serv invest lavoronon pretend sold pubblic vorac inaud 15 mort lombard
1262146970086526977,2020-05-18,00:24:21, cont non bibitar
1262145960475492353,2020-05-18,00:20:21,restituisc libert spar arriv vogliamovot
1262141431466131456,2020-05-18,00:02:21, firm assegn eur non è arriv scommett stipend è già accredit
1262141407101358082,2020-05-18,00:02:15,aspett domattin fresc stamp qualor mancasseil manc firmatar aspett coll
1262141316093394944,2020-05-18,00:01:53,tant sold impres pretend più statopur non pag tass lavor autonom disoccup non pres cass integr colp è region destrasoprattutt lombard non pass domand
1262141140993703938,2020-05-18,00:01:12, appiccicatel front
1262140909891747840,2020-05-18,00:00:17, distritt
1262140851662315526,2020-05-18,00:00:03, fin dev
1262140760364900352,2020-05-17,23:59:41,collezion primaver estat
1262140607016902658,2020-05-17,23:59:04,mafiopol 5stell dimission bonafed
1262140551006244864,2020-05-17,23:58:51, bodenz fuoc è ugugl bazook dpcm
1262138299461906432,2020-05-17,23:49:54,ancooraaa orma grand fratell gonde1 gonde2 gonde3 netflix far ser noi libr rest squallor assol stor italian
1262137523184295938,2020-05-17,23:46:49, non decid dimett grand regal
1262137461314027521,2020-05-17,23:46:34,
1262136244504596483,2020-05-17,23:41:44,incentiv consum sar ner cred acquist ben serviz 30 09 2020 mezz pag tracciabil attiv riapr non scontrin
1262135398999916544,2020-05-17,23:38:23,pot aspett 23 50 vergogn fas dov pront minim mes
1262134504338186250,2020-05-17,23:34:49, ved parol attu dpcm chiacc
1262134174162595844,2020-05-17,23:33:31, fond scritt e pens più brav ven farl
1262133627779002370,2020-05-17,23:31:20, dimett
1262132920413753345,2020-05-17,23:28:32,president xchè palestr ristor bar sal gioc bing sal slot mananggiaallamadonn
1262132862968528897,2020-05-17,23:28:18, edil rimast lavor ragazz ner
1262131983855083522,2020-05-17,23:24:48, dpcm discrimin vettur post non può svag accompagn compagn non convivent arrest domiciliar mascherin guant autocertif graz
1262131328507695109,2020-05-17,23:22:12, super lim
1262130534731440129,2020-05-17,23:19:03, medic infermier più tangibil rigonosct
1262129256357822467,2020-05-17,23:13:58,president ruol ricopr firm tant non è success
1262129238746030080,2020-05-17,23:13:54, dip bisogn agir prudenz respons flexedbiceps sparklingheart italy
1262129165295325187,2020-05-17,23:13:36, dev andar pagliacc
1262128999964311557,2020-05-17,23:12:57,dpcm pasqu cad magg
1262128824084574215,2020-05-17,23:12:15,president apprezz consent norm celebr religion matrimon civil giugn potr andar teatr madr non potr ved matrimon par rispett cost
1262128632387993602,2020-05-17,23:11:29,sper contag non aumentin trov ritorn fas foldedhandsmediumskinton foldedhandsmediumskinton foldedhandsmediumskinton
1262128613161304066,2020-05-17,23:11:25, dimentic viet gioc ferr arruggin smett gigantesc pagliacc pur continu star pot
1262128545754689537,2020-05-17,23:11:09, fin
1262127942785798149,2020-05-17,23:08:45,graz presid gond guesd dpcm aldra bodenzadifuog
1262127730939908103,2020-05-17,23:07:54, inutil dpcm tienitel non serv affrett firm dimission cos sì davver ben contedimett governodellavergogn
1262127720185683976,2020-05-17,23:07:52,legg dpcm non trov rifer svolg matrimon civil è possibil celebr
1262127213299843074,2020-05-17,23:05:51, pot evit prend cazz amic
1262125745767399426,2020-05-17,23:00:01, atto incostituzional confezion scritt democraz tutt nod veng pettin prim
1262125343713964034,2020-05-17,22:58:25, decret april parl giugn pens ver farl franc
1262124977152720896,2020-05-17,22:56:58,dimett null
1262124911012831232,2020-05-17,22:56:42,già lett dpcm sembr innegg bestemm cos dubb capac govern bestemm fat gen stil decret mill cavill par chiapp total dissens fateschif
1262124435806527488,2020-05-17,22:54:49,è bel risult non illudiamoc perc non è fin president cont vann riconosc giust mer continuiam ascolt invit prudenz
1262123465110441984,2020-05-17,22:50:57,brav gius oper
1262122798551568386,2020-05-17,22:48:18,infilatel
1262122391490179075,2020-05-17,22:46:41,avant president sciacall incapac salvin melon
1262122379460988934,2020-05-17,22:46:39, frecc rightarrowcurvingdown è messagg precipit mes
1262122374691987459,2020-05-17,22:46:37, gius non marr er bonus de 600 poss anna spes dic salum panettar de segn sur cont non preoccup mettem par
1262122366148239363,2020-05-17,22:46:35, parl stran istitu ricord
1262122202272534529,2020-05-17,22:45:56,president cont biolog borsist spallanzan rom mar è abruzz blocc lockdown non ved marz dic giugn potr riabbracc dover quaranten non permett torn lavor
1262121721261363207,2020-05-17,22:44:02, sold decret aprit non sold
1262121604332617728,2020-05-17,22:43:34,indegn
1262120783494733826,2020-05-17,22:40:18,ok per leggil
1262120443793805314,2020-05-17,22:38:57, dimentic ippic president ferm marz cors migliai aspett cap ripart
1262120312470192135,2020-05-17,22:38:26, calm non frett
1262119998941736961,2020-05-17,22:37:11,potenz fuoc
1262119843530182658,2020-05-17,22:36:34,coglion rovin
1262119376779689989,2020-05-17,22:34:43,dimett
1262117939039342593,2020-05-17,22:29:00, pront commerc adegu norm part via stopwatc 11 59 59 11 59 58 11 59 57 11 59 56 11 59 55 regal bambolin cont possin facewithsymbolsonmouth
1262117751805616130,2020-05-17,22:28:15,non cap decret rilanc doman verr pubblic gazzett ufficial
1262117337911693313,2020-05-17,22:26:37, già svilupp pensier polit età poss president svolg ottim lavor far torn situazion stabilel ringraz
1262116945442340864,2020-05-17,22:25:03, vergognas ridicol contedimett
1262116757935984641,2020-05-17,22:24:18,non vogl
1262116172981551105,2020-05-17,22:21:59,mattarell mand cas govern illegittim sbruffon ignor corrott aiut immigr massacr italian comand europe saprem
1262115601096589313,2020-05-17,22:19:42, disag
1262115096714711042,2020-05-17,22:17:42, cont fin prend ano orma stuf continu stanc promess mercant far ver concret cass integr vist dobb rivolt
1262115048807432193,2020-05-17,22:17:31, ital firm dimission port task forc dann rimarrann scelt total autonom contedimett
1262114001250594818,2020-05-17,22:13:21, sai fin ver sai andrà fin sai perc continu serv padron abbandon
1262113546848153600,2020-05-17,22:11:33,indegn prepar valig arriv italian fall
1262113471052873730,2020-05-17,22:11:15, facewithtearsofjoy facewithtearsofjoy facewithtearsofjoy facewithtearsofjoy facewithtearsofjoy facewithtearsofjoy facewithtearsofjoy non è scherz non è copertur articol non è sces bast sold magg manc fin
1262112668166557708,2020-05-17,22:08:03,è davver non salvin govern music facewithrollingeyes
1262112522741731328,2020-05-17,22:07:28, bodenz fuog
1262112419675099141,2020-05-17,22:07:04,ahahahah non cacc simpat preoccup non ser faceblowingakiss
1262111981605191680,2020-05-17,22:05:19, sti cazz più cines cos oppress appen firm dpcm sai dev mett quell encicloped scritt
1262111979612844038,2020-05-17,22:05:19,bravooooo april beh scus ritard clownfac lyingfac
1262111146733076481,2020-05-17,22:02:00,na non non farn più
1262110967003066374,2020-05-17,22:01:18,giusepp legg comment cap stim italian famm piaceretogl cravatt bandier italiananon degn
1262110692359974915,2020-05-17,22:00:12, sold cass integr che rimast dpcm
1262110570511204352,2020-05-17,21:59:43, version disegnin
1262110567424196609,2020-05-17,21:59:42, calm cucciolott frett prim entri vigor applic può pass nott pens
1262110125046861827,2020-05-17,21:57:57,car cont impres non riesc ricev eur prest dar 6 3 fca sed legal oland sed fiscal uk compl
1262109649354002432,2020-05-17,21:56:03, mattin son svegl cell san vittor son
1262109259053117440,2020-05-17,21:54:30, dimentic affett region prim riapr incontr amic fooooooors riapr region è vergogn non ved ragazz congiuntifuoriregion congiuntifuoriregion
1262109248026271745,2020-05-17,21:54:28, firm dimission è iofareimegliod spocchios arrog
1262109087636037634,2020-05-17,21:53:50, govern illumin annunc veng ital non quaranten giustific sbarc clandestin non ferm favor turism vincol sanitar rallentin italian
1262108109872513024,2020-05-17,21:49:56, dovrebb aspett portavoc cap stamp rocc casalin già rid cos
1262108065890959363,2020-05-17,21:49:46,sa può mett
1262108028247117825,2020-05-17,21:49:37, top gig mai non so prend schiaffon eur do cazz maledett signor
1262107965794004992,2020-05-17,21:49:22, post bas patrimonial infam
1262107954129571841,2020-05-17,21:49:19, pagliacc clownfac mer forc traditor italian
1262107656531120130,2020-05-17,21:48:08, dimission dev firm rott pall dpcm farlocc vatten ben onest
1262107383649763330,2020-05-17,21:47:03,dimentic vaccin microchip mascherin infil entran graz
1262107304964558854,2020-05-17,21:46:44,appen 18 35 sapp student insegn domattin 8 00 poss andar ovunqu trann scuol
1262107260144226304,2020-05-17,21:46:34,fat rid congiunt distant poch centinai metr poch km non poss ved perc region divers giugn eur tasc abbandon è bell tv ver president
1262107240376434688,2020-05-17,21:46:29, president non moll stereotip
1262107005902376965,2020-05-17,21:45:33,ved comment ignor ridoavre vol ved agit manier più respons president contealtr salvin facewithtearsofjoy facewithtearsofjoy facewithtearsofjoy
1262106852856418306,2020-05-17,21:44:57, firm è iniz prepar valig trasport non preoccup pass prend perc vogl tolg coglion
1262106637483085825,2020-05-17,21:44:05,graz cont grand president punt bisogn rif italian ved com è dilag stupid
1262106414950088716,2020-05-17,21:43:12,ba rimang allib capac pilot barbar graz pilotagg mainstrim
1262106371832627201,2020-05-17,21:43:02, freg sapp ce dobb ved sol govern può andar fer non serv più dann benef augur piccol med imprenditor
1262106213187272705,2020-05-17,21:42:24, sold cazzarooooooo fals de na lir de fer contraffatt con europ
1262106062309785600,2020-05-17,21:41:48,evva via andiam vant pagliacc
1262106053589774337,2020-05-17,21:41:46, decret abbass stip 1500
1262104937691074560,2020-05-17,21:37:20, pot logor non
1262103611552813058,2020-05-17,21:32:04, ripos
1262103588899377154,2020-05-17,21:31:59, andiam avant dpcm
1262103499069849606,2020-05-17,21:31:37,graz graziell graz ar
1262103153882861568,2020-05-17,21:30:15,notiz bonus april 600 inps
1262103130105405441,2020-05-17,21:30:09, europe poss ven ital ben turism è accord bilateral andiam x business mett quaranten
1262102932364898305,2020-05-17,21:29:22,fastid sogn govern rispett tutel libert
1262102073212010496,2020-05-17,21:25:57,graz cas sold arriv
1262101995516805121,2020-05-17,21:25:39, è pens ministr tip carc pravetton
1262101956404957186,2020-05-17,21:25:29,sì fase2 è prefer pedicur smalt color pastell ross classic
1262101672307970049,2020-05-17,21:24:22,mah giusepp perdonam non ved tant consens perc
1262101616926261248,2020-05-17,21:24:08, cass integr minc verr accredit
1262101524630712321,2020-05-17,21:23:46, cazzar governodellavergogn contedimett
1262101295126777856,2020-05-17,21:22:52,vatten via buffon
1262101155468980224,2020-05-17,21:22:18,president non man
1262101060254081025,2020-05-17,21:21:56,graz maest smilingfacewithheart eyes
1262100931233144832,2020-05-17,21:21:25, indic congiuntifuoriregion ministr consider tratt turist anzi arriv nonsiamotur
1262100905924669440,2020-05-17,21:21:19,beh frett
1262100891924082689,2020-05-17,21:21:15,gentilissim president cont sper contrib inps arriv prest
1262100653184253955,2020-05-17,21:20:19, raccom profond anticostituzional teng line non cos ben continu funzional
1262100172370296832,2020-05-17,21:18:24,president buonaser non è confusion stress mes immigr silv è dimentic region pag cass integr
1262100055160492044,2020-05-17,21:17:56, simpat essers mess 90 favor renz c dimett torn vot
1262099897643421696,2020-05-17,21:17:18,beh ritard confront decret april fulmin non parl reagent arcur cerc beamingfacewithsmilingeyes
1262099775488495618,2020-05-17,21:16:49, spavent gentebast distanz mascherin ridatec normal
1262099491580190720,2020-05-17,21:15:42, camb president eh
1262099136461049857,2020-05-17,21:14:17,ficcatel cul
1262099119356682240,2020-05-17,21:14:13, buon ora
1262099007184273413,2020-05-17,21:13:46,chied magg incontr congiuntofuoriregion viagg sol autocertif dov disposit protezion
1262098649057767427,2020-05-17,21:12:21,onorevol consent cass integr
1262098509337186306,2020-05-17,21:11:47,sa scriv brav clownfac
1262098476407705600,2020-05-17,21:11:40,buonaser president cass integr mess
1262098358111539205,2020-05-17,21:11:11,president buonaser notiz mer pag cass integr graz anticipat sal
1262098219263299584,2020-05-17,21:10:38,coron virus confront german contag mort neanc medic mort ital gest mascherin tampon disastr togl sanit region
1262098084944896001,2020-05-17,21:10:06,scus president cass integr
1262098011716550658,2020-05-17,21:09:49,ahhh meravigl facewithtearsofjoy
1262097714130681857,2020-05-17,21:08:38, marittim
1262097547201523712,2020-05-17,21:07:58, memor govern è peggior stor ricord sussurr hitler gon non preoccup sussurr concretizz cap
1262097475847979011,2020-05-17,21:07:41, ben organizz
1262097368587132928,2020-05-17,21:07:15, firm è condann mort buffon
1262097282167685120,2020-05-17,21:06:55,graz lavor nott gest emergt precedent graz president
1262097059794092032,2020-05-17,21:06:02, casalin precis caxx è thinkingfac
1262096887919886339,2020-05-17,21:05:21, calm non corr italian poss aspett angryfac angryfac angryfac
1262096469756203011,2020-05-17,21:03:41, decret rilanc
1262096446591041536,2020-05-17,21:03:36, sens ridicol è sconosc
1262095951017259011,2020-05-17,21:01:37, ducett
1262095865600249856,2020-05-17,21:01:17, aspett dimission cos pot liber distrutt contedimett
1262095661845172224,2020-05-17,21:00:29, vatten coglion vuol
1262095621894410241,2020-05-17,21:00:19,
1262095434090250240,2020-05-17,20:59:34, pot firm doman mattin caff
1262095422287425539,2020-05-17,20:59:31, vedrann bell sostenitor zecc societ 5stell comun abitu non lavor sfrutt part iva fat schif è fin
1262095313210421248,2020-05-17,20:59:05, chiam rilanc pubblic gazzett ufficial giugn
1262095044712030209,2020-05-17,20:58:01, confert ser port sè schif finocchiett pinzimon giusepp schif vergogn piccol arrog dement dittator bugiard vigliacc non lir giugn inps non pag pension
1262094787949268992,2020-05-17,20:57:00, e permett domand scomod cortes
1262094616666476545,2020-05-17,20:56:19,dpcm dio porc corrott merdos porcher cont pot firm
1262094553080791045,2020-05-17,20:56:04, prest manc oreeee sei miglior giusepp clappinghands clappinghands clappinghands
1262094533795381253,2020-05-17,20:56:00, casalin non sa è più pericol
1262094521711632386,2020-05-17,20:55:57, april è arriv decret april
1262094412995231749,2020-05-17,20:55:31,tropp graz sir
1262094287153565696,2020-05-17,20:55:01,perc affatic pot firm doman calm
1262093809086857218,2020-05-17,20:53:07, miglior poss ven rispond confert stamp propens accogl schier sa
1262093532589940737,2020-05-17,20:52:01,dilett non imbrocc sever giudic popol sovr contedimett
1262093470803599360,2020-05-17,20:51:46,president sap qual è posit può mand affxxcul è signor preg non lasc non lasc man politic foldedhands redheart
1262093363135815686,2020-05-17,20:51:20, sforn panett cas contedimett
1262093292793204737,2020-05-17,20:51:04, firm famigl parent
1262093113495085057,2020-05-17,20:50:21,sper ben buon ser president italy blueheart italy
1262093044121206784,2020-05-17,20:50:04, sold ristor barist etc promess disper non viv promess
1262092858280083458,2020-05-17,20:49:20, cont prim è sest lombard prim è prim
1262092849379790855,2020-05-17,20:49:18,dimett arrog incapac
1262092659323277313,2020-05-17,20:48:33,avant president
1262092312081043457,2020-05-17,20:47:10, non dov decret legg più bugiard contedimett contebugiard
1262092303918907396,2020-05-17,20:47:08,è lev coglion
1262092184926466048,2020-05-17,20:46:40, riman dignit dimett avet ridott fam
1262092070161973248,2020-05-17,20:46:12,sap è prorog sospension moros bollett
1262092027690397698,2020-05-17,20:46:02,brav cos poss organizz larg
1262091889764970496,2020-05-17,20:45:29,già cit
1262091618779312129,2020-05-17,20:44:25, calm frett
1262090827293130754,2020-05-17,20:41:16,sai dev mett immun giusepp
1262090799484895232,2020-05-17,20:41:09, pdr non
1262090105193463810,2020-05-17,20:38:24, già passerell tv show giornal domand concord buffon già firm pot sincer poder aiut sa comun mortal non eur
1262089933956812808,2020-05-17,20:37:43,scus vogl ginocc paes comand vendiamoc russ cin vend punt almen andrà travers
1262089330941743106,2020-05-17,20:35:19,eeehhhmmmm pot aspett fritt total
1262088987713441792,2020-05-17,20:33:57,giust organizz riapr
1262088978934751232,2020-05-17,20:33:55, merd german nazist boicott tursim mut brutt merd
1262088696490270720,2020-05-17,20:32:48, calm eh doman anzi mezz è luned task forc partor minc fenomen
1262088695664054276,2020-05-17,20:32:48,già firm writinghand dimission backhandindexpointingright fuor softball basketball soccerball tennis volleyball rugbyfootball pool8ball
1262088025405820928,2020-05-17,20:30:08,govern criminal vann cacc calc sed
1262088003540914176,2020-05-17,20:30:03, dilett sbaragl non approcc coerent lamentat comun insult almen mer ce
1262087965452513280,2020-05-17,20:29:54, baraccon alital vergogn
1262087681875431424,2020-05-17,20:28:46, sold peppeee soldiiiiii
1262087588493524993,2020-05-17,20:28:24, penn
1262087486798548992,2020-05-17,20:27:59,sper ripres non prest mi augur sbagl car connazional
1262087388718862336,2020-05-17,20:27:36,dimission abus
1262087300281970689,2020-05-17,20:27:15, poss farm pipp
1262087152986439680,2020-05-17,20:26:40,aif è respons pandem non autorizz farmac covid19 fin dittatur mand strag premedit fase2
1262087149396074502,2020-05-17,20:26:39,graz grand president
1262086974606921730,2020-05-17,20:25:57, pres consider popol non vuol più rappresent
1262086477393133569,2020-05-17,20:23:59, grand pass democraz parlament elett brav president insegn norm costituzional italian fasciston
1262086193870540800,2020-05-17,20:22:51,cesare natural
1262086176804134918,2020-05-17,20:22:47, firm dimission
1262086088404983809,2020-05-17,20:22:26,pagliacc
1262086043802755074,2020-05-17,20:22:15,gentil president averl sent defin risc calcol ammal mor consegut riapertur decis rived stim confront
1262085771948953600,2020-05-17,20:21:11,ok è andat bagn non vuol farcel sap
1262085500032204800,2020-05-17,20:20:06, fac uscir convint dimentic ciò combin sicur non dimentic più ciò ricord prossim elezion thumbsup
1262085314329415683,2020-05-17,20:19:22, lamp è affann
1262084714959118336,2020-05-17,20:16:59, problem sar prend sold se
1262084681937424390,2020-05-17,20:16:51,vabb almen color
1262084519999483905,2020-05-17,20:16:12,fat almen fint lett test critic mer capac
1262083978040954880,2020-05-17,20:14:03,già firm decret april riapertur domattin vii non lavor dimett miglior figur
1262083827297632256,2020-05-17,20:13:27,marz stanz mld marz deliber mld marz attiv fluss mld marz pront mld aggiung 400milion april liquid immed mld april pront mld sold cazzar
1262083811543789574,2020-05-17,20:13:23,bravissim estas chied perc congiunt region congiunt congiunt region
1262083038592339970,2020-05-17,20:10:19, misur fiscal ancor agghiacc
1262082790402777089,2020-05-17,20:09:20, prolung fars
1262082362415996930,2020-05-17,20:07:38, doubleexclamationmark autocertif congiuntifuoriregion
1262082331516469248,2020-05-17,20:07:30, è april non ved decret milamill manc comun region aspett bancarott giustific mes governodellavergogn contedimett
1262082289460264961,2020-05-17,20:07:20,parol firm vergogn dipendent ricev eur
1262082106110488581,2020-05-17,20:06:37,par panin raccolt figurin decret giusepp
1262082071692029953,2020-05-17,20:06:28,muov prim inett non sa vuol parol lavor pens organizz 14or prim aprir governodelcontag fat schif verrem rom tant verrem cacc
1262081900476338180,2020-05-17,20:05:48, prorog almen
1262081587740643328,2020-05-17,20:04:33,graz redheart
1262081464398745602,2020-05-17,20:04:04, sti cazz
1262081283783561219,2020-05-17,20:03:21,alleluj astint pass
1262081194340110341,2020-05-17,20:02:59,talment brav efficient veloc dare aument
1262081109497692170,2020-05-17,20:02:39,graz suprem leader calm fond confert stamp clownfac clownfac
1262081018661613570,2020-05-17,20:02:17, assurd cittadin commerc debb conosc domen dpcm andrà vigor luned 18
1262080865598930946,2020-05-17,20:01:41,grandissim president ser è ador più
1262080775371083777,2020-05-17,20:01:19, coron virus è fortun esperton pagh m5s pd ambizion
1262080717510623233,2020-05-17,20:01:06, domen ser luned mattin non firm marted pomerigg gioved mattin vien sospett andar prim ser faz
1262080659927040000,2020-05-17,20:00:52, brutt copp rollingonthefloorlaughing
1262080557296607233,2020-05-17,20:00:27,sempreconcont graz president
1262080489277526017,2020-05-17,20:00:11,bastard figl puttan mal cag
1262080475532800002,2020-05-17,20:00:08, ridott italian autom svend già prend gir
1262080343156428805,2020-05-17,19:59:36, stronz mer soffr figl mor atroc soffert mogl idem commpagn soffr pen fall non permett togl sar guerr civil
1262080315415298050,2020-05-17,19:59:30,non stim cont cred miglior comment scriv ingiur volgar non pretend critic articol prov farn prossim post
1262080308775718913,2020-05-17,19:59:28, firm car incaric mess tant non so dit sin è ver vien rispett
1262080271223934982,2020-05-17,19:59:19,ovvi e firm regol riapr non domen luned 1 2 ital non funzion
1262080201242091525,2020-05-17,19:59:02,president più confusion he colp non è è mess
1262079996341952513,2020-05-17,19:58:14, par manc riusc mett decretorilanc vol cap impres serv sold non incass frett scritt cos già dett ridett spicciol liquid non serv
1262079850573152256,2020-05-17,19:57:39,chiss schif
1262079787167817735,2020-05-17,19:57:24, prend fondell tant non è res cont
1262079579151351808,2020-05-17,19:56:34,è decret rilanc
1262079490852823053,2020-05-17,19:56:13, calm negoz attiv riapr sol doman facewithsteamfromn angryfac decret rilanc firm
1262079481147199490,2020-05-17,19:56:11, record compl cittadin ben prepar
1262079351136432128,2020-05-17,19:55:40,graz president
1262079210149105669,2020-05-17,19:55:06, posit govern cap è dar più pot govern region impantan palud lev respons anticip normal sper thinkingfac
1262079132244066304,2020-05-17,19:54:48, mett cuoricin cont problem
1262079017018101760,2020-05-17,19:54:20,graz president non riesc immagin divers a part opposizion fin alle graz coronavirus coronavirusital cont fase2 dpcm salvin melon renz
1262078885518282753,2020-05-17,19:53:49, tutt non sburocratizz ediliz ser molt misur ari fritt ital non ripart ma so andrà fin
1262078560975626240,2020-05-17,19:52:31, pul cul
1262078373406347265,2020-05-17,19:51:47, firm condann mort repubbl italian
1262078070728654849,2020-05-17,19:50:34,car president spiac import document dpcm non risult access tecnolog assist utilizz ciec ipovedent accessibil disabilivis
1262077806978256897,2020-05-17,19:49:32,ok può andar
1262077651302391813,2020-05-17,19:48:54, decret rilanc dovrebb port sold pluriannunc confert stamp notiz
1262077607849459717,2020-05-17,19:48:44, è dimentic congiuntifuoriregion
1262077588668907520,2020-05-17,19:48:40,firm aprir doman ridicol
1262077552371347462,2020-05-17,19:48:31,partor topolin
1262077433441910784,2020-05-17,19:48:03,ripos affatic firm dpcm gl italian poutingfac poutingfac poutingfac
1262077175680901123,2020-05-17,19:47:01,prim legg è previst pag cass integr
1262077069258895360,2020-05-17,19:46:36,perc cos prest
1262077061067345920,2020-05-17,19:46:34, dpcm vant giur non riesc capacit trov lì è allucin
1262077003018223622,2020-05-17,19:46:20, puo dimett andar cas
1262076968494923777,2020-05-17,19:46:12,perc confert ser non raggiunt accord region doman riapr dat ademp dettam ved non lavor
1262076810986209280,2020-05-17,19:45:34, prim vai splendid tv girm decret man protagon ved pipp baud
1262076736310849537,2020-05-17,19:45:16,bravissim president dic non sai scriv
1262076687996649477,2020-05-17,19:45:05, dev ripos redheart
1262076608208388096,2020-05-17,19:44:46,ben prim avant second capell raccom non guard camer firm avant casalin grand bordell firm dimission
1262076568186294275,2020-05-17,19:44:36,già manc
1262076549521649667,2020-05-17,19:44:32, stor giudic indegn incapac
1262076131202797576,2020-05-17,19:42:52,è magg vant
1262076067633922048,2020-05-17,19:42:37,sicur non è camb ide
1262076023434248193,2020-05-17,19:42:26, nte vergogn
1262075988663513093,2020-05-17,19:42:18, già fulmin
1262075931499409409,2020-05-17,19:42:04, animadelimejomortaccitu è de infam non
1262075795423604737,2020-05-17,19:41:32,perfett chiest letterin babb natal
1262075735004663808,2020-05-17,19:41:18, pres gir vogl diritt congiunt region congiuntifuoriregion
1262075433316765706,2020-05-17,19:40:06,non turist vogl congiuntifuoriregion
1262075347270602753,2020-05-17,19:39:45,autocertif congiuntifuoriregion
1262075149475549190,2020-05-17,19:38:58, ipocris è covid pien epidem manifest april bandierin ross può genov cont assembr sconsider silv per giugn liber eccol ver dittatur
1262075002620444672,2020-05-17,19:38:23, dpcm espert arcur gigin giusepp casalin mascherin non par escan magazzin
1262074865894424579,2020-05-17,19:37:50,continu firm decret costituzional illegittim distrugg ital non vergogn abbi coragg dimett
1262074835636817921,2020-05-17,19:37:43,ricord nord consider è zer compl
1262074787914022912,2020-05-17,19:37:32, non figur fatic legg
1262074777273094145,2020-05-17,19:37:29,è arriv volum zibaldon pensier gatesian
1262074764237115392,2020-05-17,19:37:26, confert statuar casalin stamp smilingfacewithheart eyes rainbow clappinghands okhand
1262074573975171072,2020-05-17,19:36:41,graz president andat avant orgogl
1262074477334192133,2020-05-17,19:36:18, bir usa podenz fuog gannon
1262074350892732418,2020-05-17,19:35:48,president piemont president non sblocc tirocin lombard president fontan venerd ser dia svegl
1262074333792473090,2020-05-17,19:35:44, ripos president almen sonn mer winkingfac
1262074054896496640,2020-05-17,19:34:37, chied mascherin guant utenz non domest consider rif special confer discar
1262073807315120128,2020-05-17,19:33:38, dpcm dittatur applic
1262073793910013953,2020-05-17,19:33:35,graz buon lavor president
1262073745356853250,2020-05-17,19:33:23, imped raggiung second cas per comun non rinunc neanc non pot usufru graz giusepp
1262073741317726208,2020-05-17,19:33:22, veloc pot nott
1262073683553681410,2020-05-17,19:33:09,già mamm veloc
1262073629921157125,2020-05-17,19:32:56,perc piscin palestr stabil balnear bar ristor centr ludic cinem teatr poss riapr riunion poss fatt cors professional qual è logic sottost gestion risc
1262073552116813825,2020-05-17,19:32:37, sai scriv dann cazz
1262073490284445696,2020-05-17,19:32:22, ce fatt flexedbicepslightskinton graz pres
1262073446282006531,2020-05-17,19:32:12, già
1262073291147300864,2020-05-17,19:31:35,vuo medagl
1262073241348321287,2020-05-17,19:31:23,infatic graz redheart
1262073195710099457,2020-05-17,19:31:12,sì graz sent bott bodenz fuog
1262072929195614208,2020-05-17,19:30:09, dev aprir doman dat ben leggersel mett regol
1262072900829548546,2020-05-17,19:30:02, togl disturb
1262072846664306689,2020-05-17,19:29:49,car avvoc arrog arriv borios firm dimission
1262072775877038083,2020-05-17,19:29:32,non fat pubblic firm proclam cap centesim possibil non può sap certezz pag cass integr lasc incompetent
1262072756537102340,2020-05-17,19:29:27,graz duc handwithfingerssplayedlightskinton
1262072713721643009,2020-05-17,19:29:17,addirittur scriv tweet 17magg ripartt contedimett
1262072705752408065,2020-05-17,19:29:15, pot farl 23 59
1262072508553072648,2020-05-17,19:28:28,doman avrò denar mascherin nuov
1262072298347147265,2020-05-17,19:27:38,compl è cos già sann italian non cretin sal wavinghand wavinghand wavinghand wavinghand
1262072187240034306,2020-05-17,19:27:12, dar sfratt casalin band capegg è president
1262072182810783744,2020-05-17,19:27:11,firm dimission tolg contedimett contebugiard contevergogn
1262072070860668930,2020-05-17,19:26:44,poss sap perc bonus biciclett è dispon comun più abit cos cap logic comun abit andar lavor comod monopattin elettr non poss usufru bonus perc
1262072043245309954,2020-05-17,19:26:37,
1262072035305553922,2020-05-17,19:26:36, sa govern dpcm sent cap non avrà ns non president
1262071966397337602,2020-05-17,19:26:19,è pessim graz addi sal portabors aspett scus pubblic dott ciapparon minim
1262071962257567744,2020-05-17,19:26:18, stavolt non croc analfabet pass parl iostoconsaracunial
1262071934503866368,2020-05-17,19:26:12,staser gnom elfi lavor alacr battigiane bar ristor magic prepar riapertur doman chiest aiut fat madrin è dur poss dichiar stamp ilmagicomondodicont
1262071914283048961,2020-05-17,19:26:07, omett comic protocoll pip non ved lev
1262071896511852547,2020-05-17,19:26:02, confert stamp ser dov riun region perc alcun cos non stabil fin 3 20 mattin firm dcpm domen luned dovrebber riapr margin prepar buffon
1262071798247632896,2020-05-17,19:25:39,president test non è leggibil concittadin non vedent può uffic evit discrimin
1262071792199438336,2020-05-17,19:25:38, barbar colp sorpres
1262071742488510471,2020-05-17,19:25:26, sold arriv ver per
1262071338807832578,2020-05-17,19:23:49, firm ufficial terziar curios perc ser fianc fidanz p s non cont italian pian diabol ricord affonder verra giù muoi sanson ì
1262071179143192576,2020-05-17,19:23:11, sti cazz
1262071094397280256,2020-05-17,19:22:51,dovrest firm dimission
1262071065704087556,2020-05-17,19:22:44, dl april verr pubblic gu
1262071062944272384,2020-05-17,19:22:44, rott cazz editt dimmerd contedimett
1262071046146007048,2020-05-17,19:22:40,grand president con rinnov stim sempr
1262070921717788673,2020-05-17,19:22:10, dpcm tenebr pront menz giust pai prorog emergt gennai autorizz chip biowax be dic tenebr compl
1262070839912157189,2020-05-17,19:21:51,cart stracc sapp ben commission ue gest scelt econom struttural
1262070837479440388,2020-05-17,19:21:50,vabb dirett mett firm pot farl
1262070748656668680,2020-05-17,19:21:29, non
1262070724967247874,2020-05-17,19:21:23, poverett arrog presuntu non elett umil giornal scomod domand commissar mascherin arcur è comport peggior polit miser compl
1262070616036978695,2020-05-17,19:20:57,almen pall rispond cap pagh mln svend ue pagliacc
1262070590351060992,2020-05-17,19:20:51,autocertif congiuntifuoriregion
1262070586928398337,2020-05-17,19:20:50,perc frett pot aspett serv doman buffon dimett contedimett
1262070439603572737,2020-05-17,19:20:15,grand president stim
1262070434624933888,2020-05-17,19:20:14,graz president heartsuit raisedfist
1262070425825222656,2020-05-17,19:20:12,sap firm aiut
1262070392371453954,2020-05-17,19:20:04, ritard promess ritard paes
1262070034429620225,2020-05-17,19:18:38, pepp
1262070022136107015,2020-05-17,19:18:36,super cont graz
1262069925973315586,2020-05-17,19:18:13,mo annà
1262069904917831680,2020-05-17,19:18:08,president codic v07 è applic medic bas lavor patolog risc
1262069880460902405,2020-05-17,19:18:02, bell viv topolin ps bonus medic infermier covid19 è rientr cont giuseppecont decretorilanc
1262069871753465857,2020-05-17,19:18:00,buffon
1262069859292262400,2020-05-17,19:17:57, davver veloc grand giusepp ah doman è luned scandal scandal dimission immed ps sal casalin
1262069790895734784,2020-05-17,19:17:40, comod è
1262069749502148608,2020-05-17,19:17:31,non import dic comport è rispost offes
1262069721807163395,2020-05-17,19:17:24, ritard com ved arriv sold quand già suicid incapac
1262069569201614852,2020-05-17,19:16:48,ah vabb tranquill facescreaminginf poutingfac
1262069544568459264,2020-05-17,19:16:42, buon ora comod
1262069536334938113,2020-05-17,19:16:40, buonor fenomen
1262069534967635968,2020-05-17,19:16:39,graz averc nott organizz trov legg
1262069445255708672,2020-05-17,19:16:18, firm dimission sar ital fest venn liber nazist
1262069404256387072,2020-05-17,19:16:08, notiz uron rend seren fattur stell
1262069281992343553,2020-05-17,19:15:39, non decret legg
1262069265387212802,2020-05-17,19:15:35, cap è grinningfacewithsmilingeyes grinningfacewithsmilingeyes
1262069176233070592,2020-05-17,19:15:14,ben president cognizion riprendiamoc libert finor splendid lavor govern ved sbrogl cass integr graz sal
1262069155504828422,2020-05-17,19:15:09,avant cos president massim allert thumbsup crossedfingers victoryhand smilingfacewithsunglasses iostoconcont
1262069053927153665,2020-05-17,19:14:45, almen sem riusc farl dl rilanc già decret april news non frett eh
1262068729552216065,2020-05-17,19:13:27,dottor decretorilanc decretoapril
1262068676800532480,2020-05-17,19:13:15,firm dimission
1262068635767635968,2020-05-17,19:13:05, govern piccol stanott tacc
1262068532910739460,2020-05-17,19:12:41, abus stupr costitu mes chin
1262068498307715072,2020-05-17,19:12:32, dat regol
