id,datestamp,timestamp,tweet
1243304824164188161,2020-03-26,23:32:24,dettagl blocc trasloc
1243262922505310208,2020-03-26,20:45:54,dobb smett segu account personal occup poltron elett approfitt prepar non è divers vol senator massacr smett
1243210041815175168,2020-03-26,17:15:46, vuo andrà ben italy italy foldedhands burkinafas foldedhands
1243199282406207488,2020-03-26,16:33:01, nuov autocertif è incoregg è ansi prestazion cont bifront deleg serviz segret è parolai inconcludent incompetent
1243191080155328512,2020-03-26,16:00:25, prim
1243189838960037888,2020-03-26,15:55:29, polit prim chef perc guard masterchef com mamm cred medic perc guard doctor hous
1243181458761670660,2020-03-26,15:22:11,susc signor president fat cap camb autocertif
1243180961497583619,2020-03-26,15:20:13,dev aiut non è spos non figl lavor poch convint emergt puo più
1243157418571374595,2020-03-26,13:46:39, poss star cas problem è star sold non riesc
1243144601000607744,2020-03-26,12:55:44, non cap eh vogl quattrin
1243135973707386880,2020-03-26,12:21:27,sper prefettur non dian nullaost è esclus list atec penultim decretoh sent richiest non
1243131155932725249,2020-03-26,12:02:18,salvin rott propagand polit soluzion non proclam
1243128723320311809,2020-03-26,11:52:38,guardat bocc esce latt miel parol signor
1243127925488091136,2020-03-26,11:49:28, chied trov signor president può inno medic infermier ve chied cuor cas ben ringraz dio pens mett cittadin ricc pover bianc ner giall greenheart whiteheart redheart
1243118926105583616,2020-03-26,11:13:42,buon lavor ministr cont
1243116165771210752,2020-03-26,11:02:44,pres do perc settiman chius negoz unic sostent già dur prim covid 19 damm rispost mang non sold cont almen trump è dar sold person
1243115448708800513,2020-03-26,10:59:53, president veng tratt ritrov grupp gir citt tendenzial extracomunitar freg provved tendenz liber carcer mult non poss vogl pag graz
1243110542686007297,2020-03-26,10:40:23,brav president avant molt poltron vuot present assent
1243109039837503489,2020-03-26,10:34:25,non rispost domand dev costrett lavor ner colp govern non evit ristor pizzer lavor assum regol
1243098456501207041,2020-03-26,09:52:22,ferm ferm cont quest nemic invis entrand cas ca cio star cas non poss uscir virus entra
1243092117171376128,2020-03-26,09:27:10, artigian pmi non lavor vogl redd garant non prest
1243089919855247361,2020-03-26,09:18:27, comment legg ven vom
1243087060984115200,2020-03-26,09:07:05, tant parol concret aiut italian del senn son pien cert avvis mes prim aspett mes prim decid tentenn interven riemp pover mort
1243082864972963842,2020-03-26,08:50:25,tampon sold man non bonus rimbors scal tass chiss quand ce dat o finanz tass zer non vogl prest vogl sold cash spes stip italexit
1243077866327289856,2020-03-26,08:30:33,president mett ordin magistratur avvoc buonsens magistratur controll perc non è affatt sanit centralizzatel perc decentr specul controll sal graz vig interess
1243072431348232192,2020-03-26,08:08:57, tampon forz
1243071568902852608,2020-03-26,08:05:31,orribil infam dimett
1243070877559898117,2020-03-26,08:02:47, è azion doman resocont aspett sap autostrad commisionebanc ilva bisogn aspett tir somm ver
1243070393063280642,2020-03-26,08:00:51,non rispost signor president non degn lavor ladr non pag contrib situazion ric cass integr minim ner scontrin consegut non pag tass
1243068116579557376,2020-03-26,07:51:48, president mao non arrest distruzion total
1243065536281481216,2020-03-26,07:41:33,giorg melon sbatt verit clappinghands clappinghands clappinghands clappinghands clappinghands clappinghands per giorg ovvi flexedbiceps thumbsup
1243062281287675905,2020-03-26,07:28:37,prim ve andat è
1243062274266464256,2020-03-26,07:28:35,parol vuot tant retor assol raccont fazios è discors italexit ama
1243059623592185856,2020-03-26,07:18:03, rifer cam vergogn popol prend calc cul mussolin elett furor popol è impicc figur può succed non pres vot
1243059364312875012,2020-03-26,07:17:02,sper più stor sar fin giudic tribunal convint buon fed ciò non togl non è attu ver pian allert piang mort resist verr apuur verit
1243056938419617799,2020-03-26,07:07:23,dimett incapac vergogn italian
1243053079483777024,2020-03-26,06:52:03,inutil inconcludent facewithrollingeyes vergogn dimett contedimett
1243049292421566464,2020-03-26,06:37:00, statist acut intelligent capac consapevol corrett respons ver galantuom buffon graz president
1243038661404512257,2020-03-26,05:54:46, chiar limpid graz esist redheart redheart redheart redheart redheart redheart redheart redheart
1243037376869474315,2020-03-26,05:49:39,lasc destr collaborim ben chiar propost pens attu adess incass critichel lavor ved
1243033309313196033,2020-03-26,05:33:30, tv inform riusc parl parl e discors rispost esigt concret real ipotes discors steril inutil bisogn rispost certezz sei inutil
1242984447546458113,2020-03-26,02:19:20,legg comment chied non 90 consens facewithtearsofjoy
1242979533197848583,2020-03-26,01:59:48,perc censur trasmission leonard rai parl simul emergt coronavirus svoltos ny ottobr
1242968846882963456,2020-03-26,01:17:20,ricerc ministr emoterap automat aut hemoterap semplic tratt può efficac covid19 cerc dio dio bened bell ital
1242966798150045697,2020-03-26,01:09:12, tocc pension lavor perc non tocc sold guadagn bott parl soggiog destr sinistr centr met stipend via aiut
1242961603991126016,2020-03-26,00:48:34,giusepp doman
1242957194410278912,2020-03-26,00:31:02,ottim discors president
1242956245306392578,2020-03-26,00:27:16, giusepp mrs perpiac farem moi italian sacrif per non chied europ popol rom cio imper rom vol sol stacc europ dobb più fort più
1242951595203203072,2020-03-26,00:08:47, milior yutuber
1242949777307963392,2020-03-26,00:01:34,graz president iorestoacas
1242946178670645248,2020-03-25,23:47:16, govern non azi coronavirus macer recession ital mort suicid mot econom aspettiamoc
1242942742000480256,2020-03-25,23:33:37,president non rappresent il lazzarett non vol cre lombard mes cre nazion staser raccont menzogn pront non
1242940281357557760,2020-03-25,23:23:50, sa ver agend mand costituzional cknvert dpcm legg almen dl
1242934220697321472,2020-03-25,22:59:45, domest mang pag mutu
1242933079490080769,2020-03-25,22:55:13,verr giudiz
1242929870021308420,2020-03-25,22:42:28,buonaser graz president govern critic incass lautistip non risc capac tant ricord più umil bisogn perc è ver regnodeiciel dev mang
1242929536972525570,2020-03-25,22:41:08,dimett
1242926225804472326,2020-03-25,22:27:59,president soluzion tuttim ricord opera mutu pagareun affitt pagarebollett pagareun famigl manten non tassategl cass integr
1242924516545892360,2020-03-25,22:21:11,buffon distrutt ital compagn mer sud ital non sold spes perc lavor ner dov aiut decret legg buffon
1242923142588358661,2020-03-25,22:15:44, ital non bisogn premier tutor sostegnol mancanz capac mental rend difficil cap non dev viagg quaranten epidem
1242922899297746944,2020-03-25,22:14:46, farem uscit famos spes sold
1242922886144368652,2020-03-25,22:14:43, attiv mes ven prend sprang dent incompetent traditor patr
1242918970572902400,2020-03-25,21:59:09, preg può parl
1242918042096590849,2020-03-25,21:55:28, autocertif nuov
1242916764364742658,2020-03-25,21:50:23,president ringraz italian son sconcert comport avversar polit non port propost concr capac chied mare sold affond barc buon lavor president cont
1242914066106060805,2020-03-25,21:39:40,cred respons civil segnal gestor account consapevol incit odi violenz istitu italian sopratt rabb paur non giustific violenz violenz non è libert espression covid19
1242913976847159296,2020-03-25,21:39:18, è ver buffon ved gennai gruber pront pinocchiociarlat
1242913940922867712,2020-03-25,21:39:10,grand president grand redheart redheart redheart non fid melon berluscon salvin dic vogl collabor scurnacc
1242913837025812487,2020-03-25,21:38:45,president domand decret ansiolit antidepress gratu risp graz
1242913538563325952,2020-03-25,21:37:34,grand president grand redheart redheart redheart redheart non fid melon berluscon salvin dic vogl collabor sn scurnacc
1242909972557676551,2020-03-25,21:23:24, apprezz cred circond consiglier non dpi tampon medic infermier oss ospedal medic famigl segu osa struttur assistt anzian non priorit più urgent cred
1242907270142406657,2020-03-25,21:12:39,ok proclam udit sfugg fatt numer real
1242906048169676800,2020-03-25,21:07:48, stim premier cont ben facil critic più difficil cap ruol respons andratuttoben fourleafclover
1242904471493107713,2020-03-25,21:01:32, deput parl cont non tantin vergogn parl sint italian
1242902986638180353,2020-03-25,20:55:38,guand cominc coron virus cin chius occhi pens non arriv ital pens non arriv non freg guest mental ce ital
1242901196546936835,2020-03-25,20:48:31, agit talment sped permett virus entrar ital spazz via pianif termin procedur acquist ben aperit anti razzist bell cia incapac
1242900853905854466,2020-03-25,20:47:10,president coragg può pass stor padr costituent
1242900103905583104,2020-03-25,20:44:11,pesant sermon valor aggiunt zer
1242899770148036609,2020-03-25,20:42:51,chiacchierechiacchierechiacc tutt putin settiman cas pag regol concretezz non chiacc narcis capocc can non ved sold aiut cazz mang è ferm
1242898918205161472,2020-03-25,20:39:28,dov rifer parl vol salvin rifer ver util monent
1242895062209638406,2020-03-25,20:24:09,parl vecc democraz aiut istituzional europ ascolt cas compatt
1242895003816468484,2020-03-25,20:23:55, non è pe cul
1242894054947524608,2020-03-25,20:20:09, mes non azzard firm ritrov montecitor non sar eserc teng poutingfac poutingfac
1242893786105221120,2020-03-25,20:19:05, arriv capoline discors conten zer ide zer fatt elenc non fart dimett vergogn prim tard band incapac incompetent cap livell
1242892349526720513,2020-03-25,20:13:22,giusepp riesc ten sald retin graz messagg è dart sostegn continu non lasc abbatt critic opposizion sleal abbattil
1242891767667712003,2020-03-25,20:11:03,confus gatt pesciv serrand giù barric cas parl ediliz pos fiasc prend è
1242891476297752580,2020-03-25,20:09:54, sar fin stor dovr andar cas voi rest non dann già evident contedimett italexit covid 19
1242890557858480130,2020-03-25,20:06:15, patet scapp finc puo
1242890088301953025,2020-03-25,20:04:23,scus qui non
1242889798987255808,2020-03-25,20:03:14,fritt mist ari inutil
1242888840282587140,2020-03-25,19:59:25,graz premier
1242888193684496387,2020-03-25,19:56:51, annoi parl apra ben orecc perc è pensier italian
1242887580628275203,2020-03-25,19:54:25, gen unic pot salv tot peppin stamp monet europe non è grad stamp solidariet tramp davver lodevol
1242887077202661377,2020-03-25,19:52:25,chiss perc giustif parl ipocr discors
1242886628781297667,2020-03-25,19:50:38, trump putin rassicur popol numer cifr part non incominc parl unit non andrà perc differt unit non può stamp monet bce
1242885945327747072,2020-03-25,19:47:55, perc non sospend stip parlamentar devolv somm sanit
1242885944459636737,2020-03-25,19:47:55,bell cont raisedhand segu juv dispiac lì ascolt cazz gollum felp
1242885558130683908,2020-03-25,19:46:23,affitt bollett impost tass pag ident sussid contrib è rapport parametr redd annual non dar più già cre sol disuguagl
1242885270799777793,2020-03-25,19:45:14, attent signor cont comport traditor patr risc davver ricord mort italian è dirett consegut parl vuot non conclud contedimett stopmes
1242885200448761856,2020-03-25,19:44:58, graz rio più europ resist buon polit collabor condivision melon
1242885072711299075,2020-03-25,19:44:27, controll ver
1242884393355612162,2020-03-25,19:41:45,aspett ansi contedimett italexit
1242884187876704257,2020-03-25,19:40:56, mer curios ascolt min pistolott gir bla bla bla non domand scriv copion batt casalin
1242883595137671169,2020-03-25,19:38:35,manc ciò non risuon più fort parol
1242882591784611846,2020-03-25,19:34:36,dl 2008 patt sal 2010 2012 legg 2009 legg art 9 11 legg ticket dl 2012 tagl legg stabil 2013 legg 2012 legg 2013 dl 2014 legg 2015 legg 2017 distrutt sanit
1242882205841600516,2020-03-25,19:33:04, smartphon è maleduc finc parl
1242882020302360577,2020-03-25,19:32:19,robert occhi ital
1242881728399781888,2020-03-25,19:31:10,guard german franc gin pres decision fort ben comun non gennai dirett social prim pront affront non capac perc non sai gest
1242881543087030275,2020-03-25,19:30:26, non conosc president appassion equilibr prepar giust mer trombon del senn son pien continu cos
1242881097303838720,2020-03-25,19:28:39,patet inett prim discut firm decret infin comunic hai cre scompigl nord sud dirett social quind incapac gest fatt
1242880479231127552,2020-03-25,19:26:12,graz flexedbicepslightskinton redheart italy redheart flexedbicepslightskinton
1242880465054371840,2020-03-25,19:26:09,sì pogg cellul è ridicol ved digit adolescent capigrupp rivolg
1242880334301204482,2020-03-25,19:25:37, è anim è ser la commozion stanchezz ser commuov ser precis spiegazion graz sosterrem redheart
1242880174527479808,2020-03-25,19:24:59,salvin fascitell garbatell cag cazz perc pover cont rifer camer per cag man è vuot
1242879130158465024,2020-03-25,19:20:50, parl non andar rifer andar chied vot provved import libert popol ital ennesim discors vuot direm farem mett test mes è suicid stopmes contedimett
1242878521254576136,2020-03-25,19:18:25,oh mamm misc
1242877968634064897,2020-03-25,19:16:13,graz cont riassunt edott guard modif decret perc agent commerc redd
1242877484183453696,2020-03-25,19:14:18,non cap parl poi italian interess sold aiut perc dev pag bollett mang
1242876840114520065,2020-03-25,19:11:44,graz president cont
1242876570068492290,2020-03-25,19:10:40, decret veng prim fatt gentilezz inform parl governodellavergogn
1242876416527675395,2020-03-25,19:10:03,perc gennai non perc marz prim dpcm pagh governodelcontag governodellavergogn contedimett
1242876146506698754,2020-03-25,19:08:59,possibil debb elenc ciò perc legg ritard g u legg non cap
1242875931842224129,2020-03-25,19:08:08, ricord assassin popol
1242875859834372097,2020-03-25,19:07:51,president cont not part iva artigian lavor autonom ricev eur tantum profession aiut pag mutu spes govern non vuol aiut
1242875838565154818,2020-03-25,19:07:46, casalin serg cos andrebber i gialapp rovin cont camer covid2019 coronavirus
1242875818000502785,2020-03-25,19:07:41, verrem prend calc cul prest
1242875717672677378,2020-03-25,19:07:17,ppurtropp non dov mett sold cont corrent chied colleg stell orecc mercant sold non stampatel dov mett azi ditt commerc sold
1242875642452094978,2020-03-25,19:06:59, ben david cripp aul poss aument liquid bce fed non conced
1242875555290198016,2020-03-25,19:06:38,president non percep redd non può mang viv pag affitt medicin chied aiut graz
1242875398565871621,2020-03-25,19:06:01, min molog non uscirem process alto trad nomes italexit contedimett
1242875378823319552,2020-03-25,19:05:56, andat ben non benissim scus fog parl legg copion è sfugg rig scritt qui mett piang buffon
1242875098899648520,2020-03-25,19:04:49,president stim sol bisogn pens categor disoccup pers lavor non recep cap emergt motor italy sper legg righ ringraz italy foldedhands
1242875034072485896,2020-03-25,19:04:34, pratic è corr virus strateg prevenzion mess atto acquist mascherin inform medic allert ospedal impegn spes respir autocelebr
1242874954993078273,2020-03-25,19:04:15, aggiung brav pres
1242874872499523584,2020-03-25,19:03:55,pratic arring difens vergogn
1242874869819342858,2020-03-25,19:03:55,winston dovrem sopport incens discors orma cred più parl addoss non credibil italian vogl sent è nomes stopmes governodellavergogn contedimett
1242874856267489282,2020-03-25,19:03:51,fat poss elimin comment deficient profil fals etc rend difficil messagg incit violenz minacc ribellion
1242874601920696320,2020-03-25,19:02:51, discors supercazzol cont
1242874497558024193,2020-03-25,19:02:26, staser vuot cosmic 6000mort pers decretin port ciò contedimett governodellavergogn
1242874422954020872,2020-03-25,19:02:08,nomes traditor
1242874362518220801,2020-03-25,19:01:54, parl dir concret è vuol mes vad retr
1242874152312340485,2020-03-25,19:01:04,oper riusc pazient è mort
1242874029213724674,2020-03-25,19:00:34,graz prof faceblowingakiss
1242874007109742595,2020-03-25,19:00:29, stor
1242873946720088067,2020-03-25,19:00:15,lavor barist contratt chiam rinnov mes mes assunt lavor ripos dann 40 4 44 ferm marz non avrò indennizz
1242873896858198019,2020-03-25,19:00:03, ed liber profession professional neanc parol vergogn
1242873837403942912,2020-03-25,18:59:48, spieg sondagg favorevol omuncol lecc dann elev grad pd cas legg social non torn
1242873748623065090,2020-03-25,18:59:27,non so legg msg sper res cont bisogn invest sal cittadin non dobb andar cur e chied equit region vogl region dev medesim sold
1242873706843701249,2020-03-25,18:59:17,punt pessim ildecret è più divertent
1242873511133302786,2020-03-25,18:58:31, parolevogl fatt perc non ven gir nembr bg raccont pers amic parent lavor
1242873043065675776,2020-03-25,18:56:39,zingarett sagr banal mai sagr comun cont sagr filosof
1242873040331038732,2020-03-25,18:56:38, vuo sincronizz europ chiud cazz
1242872754925420544,2020-03-25,18:55:30,sintes discors trionf demagog
1242872730707468290,2020-03-25,18:55:25,graz
1242872716228689925,2020-03-25,18:55:21, insomm decretin decreton letterin sti sold ce
1242872530307776513,2020-03-25,18:54:37,già convoc parl dirc vuol mes mett fam
1242872254419161089,2020-03-25,18:53:31,parl più lent president lis miracol starl
1242872162513498114,2020-03-25,18:53:09,parl dic
1242871968103313408,2020-03-25,18:52:23, addorment
1242871951481323521,2020-03-25,18:52:19, parol ball scend rateutt regolar stipend 15 000 eur
1242871866487902216,2020-03-25,18:51:59, arrest domiciliar nazional ven gall inettitudin menzogn polit se cos poss chiam schier maggior minor azzard firm mes
1242871862889197568,2020-03-25,18:51:58,bastaaaaaaaaaa vuo far ced sfin cazz dic dicc cazz liber arrest domiciliar prepar migliai caus risarc operat anticostituzional contedimett
1242871858153820161,2020-03-25,18:51:57,so ved cont hann inquadr cap polit er cazzaroverd
1242871817762635781,2020-03-25,18:51:47,toglietegl specc
1242871781507072004,2020-03-25,18:51:38, mes far non sant è dann gravissim dic perc elezion spar è appars
1242871614678630411,2020-03-25,18:50:59, cosmic
1242871537662857216,2020-03-25,18:50:40, scus parl non concret interess è part manzon ma è
1242871421405138949,2020-03-25,18:50:12, realt sap già pericol gennai chiud confin fint non sap contag febbrai già tard
1242871260180361223,2020-03-25,18:49:34, è elezion discors insuls
1242870916801069063,2020-03-25,18:48:12, rott cazz
1242870889605206016,2020-03-25,18:48:06,cont dcpm parlamentar stipend indic quantific cris epidem eur coronapandem covid19out coronavirus covid2019 25marz bertolas protezionecivil
1242870733421916162,2020-03-25,18:47:28, part iva camp pagh dipendent vergogn
1242870592153493504,2020-03-25,18:46:55,buonaser president tutel opera cass integr ok part iva stipend prend lavor costrett chiud viv prend liquid perxh acced finanz sold
1242870587497873408,2020-03-25,18:46:54, inf che infilatel
1242870509194350595,2020-03-25,18:46:35,vergogn clownfac
1242870309096693760,2020-03-25,18:45:47,franc pur non stim affatt non aspett stucchevol sbrodol autocelebr not aggiunt tent mod dar dignit costituzional dpcm non può dignit normat coronavirus
1242869976639438848,2020-03-25,18:44:28, mort ital cris coronavirus registr decess rifer protezion civil minc signor president
1242869930321682438,2020-03-25,18:44:17, son brav son bell son efficac ripet affitt utenz pag
1242869920624508931,2020-03-25,18:44:15, giustif vai cas cronistor inutil leco9v rotol non saprem riprend sintes dicc rilanc go to hom
1242869717133668355,2020-03-25,18:43:26,cont preg vien lombard sistem situazion è controll verdastr complet inadegu
1242869700473782276,2020-03-25,18:43:22,patet arring difens cronistor confus ritard dichiar autorevol sment locatell cons sup sanit sap dover respir son moss marz
1242869427089145857,2020-03-25,18:42:17, cazzar fall fin raccont stronz lurid merdos
1242869421338738695,2020-03-25,18:42:16,super president graz
1242869391613726720,2020-03-25,18:42:09,graz fat
1242869243999387648,2020-03-25,18:41:33, modif legg ultim spost degk ambul consegn domicil mor fam graz
1242869183886635011,2020-03-25,18:41:19, lavor determin contratt scadenz
1242869161921056773,2020-03-25,18:41:14, sacr legg cont odiens mentor bisogn dar dio dio ces ces ital sap palinsest collusion chies infam torr grec rai mediaset money mouthfac money mouthfac money mouthfac baby babybottl latincross globeshowingamericas
1242868793765920773,2020-03-25,18:39:46, president sar dover ascolt critic ministr staff protezion civil dov andar avant avant critic capac reag ottimal
1242868714892132352,2020-03-25,18:39:27,inform camer deput cio inform deput
1242868532838367237,2020-03-25,18:38:44,min assol
1242868450076364800,2020-03-25,18:38:24,arring difens avvocatin contedimett
1242868449854054401,2020-03-25,18:38:24,legg comment veng brivid
1242868269951922177,2020-03-25,18:37:41,son parl
1242868049658687488,2020-03-25,18:36:49, non èchiar s non partesub possibil acced immediatamenteall cass integr derog peraz 15dipendent mor azi dev poter acced poter permett lmang non cap
1242867983694934017,2020-03-25,18:36:33, discors cos autoincens temp bokass non sent
1242867695009267713,2020-03-25,18:35:24,perc aspett approvvigion material firm decret dat gennai verit sbagl princip
1242867691225935872,2020-03-25,18:35:23,brav president
1242867622124888065,2020-03-25,18:35:07, è prim stagion decret già second
1242867355820179457,2020-03-25,18:34:03, vergogn gennai dichiar pront frontegg covid19 tutt oggi marz sanitar muoi mancanz dpi centinai compong caten decision avrà decess coscienz
1242867341802831878,2020-03-25,18:34:00,non serv cronac disastr annunc serv ben nazion contedimett
1242867256788422656,2020-03-25,18:33:40, sold
1242867235473031169,2020-03-25,18:33:34, poch polit ver sa comunic bruc ignor non sann neanc aprir bocc stim già perc non abbindol datem pien poter sbatt piet
1242867024138772485,2020-03-25,18:32:44, atto dolor util cont dobb mor non cap non sold tasc
1242866891024216067,2020-03-25,18:32:12, not grand affluenz parlamentar son quaranten thinkingfac
1242866812683005953,2020-03-25,18:31:54,discors egocentr cerc essenzial giustific oper problem è sottovalut non prepar risc pandem
1242866611817775110,2020-03-25,18:31:06,ok perc cronistor gennai facescreaminginf facescreaminginf
1242866443580030977,2020-03-25,18:30:26, iniz parl misur adott beand glorios pass remot che non cont bisogn andar avant bisogn rispost concr iniz parl mes der autoritar govern
1242866401230102528,2020-03-25,18:30:16, min parl mett man avant sens colp mort finor
1242866327590707200,2020-03-25,18:29:58,graz president sost italian onest coronavirus curaital
1242866289137397765,2020-03-25,18:29:49,cont non ammal carit
1242866115484823552,2020-03-25,18:29:07,bell tesin ammess
1242866067443200000,2020-03-25,18:28:56,parl dpcm diment dpcm non può viol diritt costituzional libert mov soggiorn qualsias articol costitu legg 23 8 88 articol comm 2
1242866063760592896,2020-03-25,18:28:55,car giusepp riassunt punt precedentived non aul scuol smettil professor aul parl italian vogl fatt non chiacc mess nazion inter vergogn dimett
1242865780213104642,2020-03-25,18:27:47, sponsorizz xanax
1242865759963004928,2020-03-25,18:27:43, concret sar excursus ciò è è inutil sapp benissim già cerc utilizz min parl italian misur adott salv salvabil
1242865698784903171,2020-03-25,18:27:28, può masoc deficient compiac elenc nuov cazz fatt reiter
1242865644636377089,2020-03-25,18:27:15, mett militar russ territor nazional
1242865536716935173,2020-03-25,18:26:49, compress libert lasc confindustr liber sacrific opera dev dar rispost non fras fatt curaital non tampon non bast non bast dpi ospedal iostoconchiscioper chiudetelefabbr cont
1242865520266838017,2020-03-25,18:26:46,facc cap giusepp scopp incend aspett fart mand pompier monitor pot contribu dae dat emergt discors vergogn autorifer minim accenn popol sofferent allucin
1242865497277960194,2020-03-25,18:26:40,president pippott prend respons enorm
1242865490730659841,2020-03-25,18:26:38, super egocentr cont non più pochett rollingonthefloorlaughing rollingonthefloorlaughing rollingonthefloorlaughing
1242865356118659075,2020-03-25,18:26:06, infam cerc scaric respons gennai dichiar sanitar febbrai gironzol napol macron string man rassicur afferm semplic influenz criminal
1242865235373031427,2020-03-25,18:25:38, riassunt ben
1242865042070126592,2020-03-25,18:24:52,è grand premier italian monzes fier bavier faceblowingakiss
1242864995391676419,2020-03-25,18:24:40,graz president italy clappinghands clappinghands clappinghands clappinghands clappinghands clappinghands clappinghands clappinghands clappinghands clappinghands
1242864987544174592,2020-03-25,18:24:39, riusc vend
1242864964873977856,2020-03-25,18:24:33, do bell ide sconfigg virus abbass tett contant che non indic lotter scontrin che non batt più cerc fascist amic sardin le azi fall pagh
1242864834967994368,2020-03-25,18:24:02, dimett mic ala discors
1242864811471507456,2020-03-25,18:23:57,grand giusepp
1242864547213594624,2020-03-25,18:22:54,perc non zon ross alzan nembr
1242864411183808512,2020-03-25,18:22:21,inutil cerc discolp colpevol non perden
1242864354049097730,2020-03-25,18:22:07,riassunt punt precedent indign
1242864283425398784,2020-03-25,18:21:51, viv stipend è più util dimission parol mort dottor util più schifos
1242863925626093573,2020-03-25,18:20:25,chitemmuort
1242863909691895811,2020-03-25,18:20:22, govern ok colp disastr è region top
1242863887965458435,2020-03-25,18:20:16,anzic parlareparl parl è pass fatt è capac propagand
1242863877274165248,2020-03-25,18:20:14,focolai codogn non cap contag è iniz prim virus è progress non esplod bomb incapac lettur adegu aggiorn fatt dimission
1242863836585168901,2020-03-25,18:20:04, mes rovin nomes noeur
1242863790389157898,2020-03-25,18:19:53,tant bell parol non più eur helicopter money
1242863593693097985,2020-03-25,18:19:06,president cont vorre illustr fattispec delin combin dispost comm art 87 comm 6 poliz carabinier vigil fuoc dispens serviz soggett attuator viv repubbl
1242863580044804102,2020-03-25,18:19:03,aspett sent minc
1242863548994392064,2020-03-25,18:18:56, applaus strapp giust vittim medic più bell costrutt sent parl ved carton anim giusepp
1242863495445651457,2020-03-25,18:18:43, amor patr dimett immediat ver president govern apocaliss sin mort coscienz ecatomb distrutt baratr assol salv infam storic governodelcontag coronavirusital apocalisseital norimberga2
1242863489342943234,2020-03-25,18:18:41,discors pessim parl nazion sal econom avant difes pessim oper vergogn pessim gust discors dov farl parl trov pan dent non nazion morent
1242863359504134144,2020-03-25,18:18:10, part lanc 10 000 mort
1242863344593272832,2020-03-25,18:18:07, è situazion talment critic cred immagin potess accad lavor è ottim chied non dimentic personal sanitar sar fin
1242863138535624705,2020-03-25,18:17:18,dic cio nient
1242863097032957953,2020-03-25,18:17:08, fin malegl italian non poss più chiacc
1242862847840997382,2020-03-25,18:16:08,buon lavor president cred mett dubb massim ben comun
1242862803037433857,2020-03-25,18:15:58, govern aument medic infermier stipend 200 non è già decret è
1242862542743011329,2020-03-25,18:14:56,president cont vorre illustr chiar parl 18 2020 pon relazion cost chied spieg soggett attuator nomin arcur perc ciò dest paur perpless
1242862417572507650,2020-03-25,18:14:26,buon lavor
1242862367354077192,2020-03-25,18:14:14,novit foldedhands
1242862346588086274,2020-03-25,18:14:09,è applaus sent tv settiman ascoltiamol graz premier
1242862051246170113,2020-03-25,18:12:58,legg letter critic chiam propagand
