id,datestamp,timestamp,tweet
1242933231076474883,2020-03-25,22:55:49, dov pag italian farl aiut ital piccol realt commercial turism commerc lavor camp incent tutel real
1242909334662778881,2020-03-25,21:20:52,dimett
1242897250000437254,2020-03-25,20:32:50,vol farl sap ditt silceram sassuol mo terr apert venerd decret dic chiud massim staser lavor continu risc contag perc dator lavor non rispett decret
1242889358006501377,2020-03-25,20:01:29, spiac signor giall
1242876697097068545,2020-03-25,19:11:10, domand perc aument pension 1 500 eur minim pension invalid graz pension
1242872513408925696,2020-03-25,18:54:33,president sapp cap bisogn invest sal cittadin ricerc ospedal chius centinai ospedal ricerc vann xkè non avet cap miglior ricerc
1242828509812318210,2020-03-25,15:59:42,vergogn incompetent
1242824429979262983,2020-03-25,15:43:29, lasc aiut
1242811290386644994,2020-03-25,14:51:16,comecin time0 tim part non possibiletropp caos esce cas ingest cin risolt copiarecin
1242810935863062532,2020-03-25,14:49:52,mand andar tv cos necessar campan vol lombard piemont rest ital abbiam decret gennai firm dar spiegazion ital medic perc non morìr tant perc
1242796982307094529,2020-03-25,13:54:25,sper sar dirc torn stamp monet propr altrochemes nomes
1242795507887542272,2020-03-25,13:48:33,buongiorn president risult medic infermier caten super merc present tesserin professional poss salt fil chilometr form parchegg farmac non rientr agevol
1242791229701660675,2020-03-25,13:31:33, gg anved non t affat pens sold pag mult svej
1242790499313946624,2020-03-25,13:28:39, non pot immagin
1242789014861746181,2020-03-25,13:22:45,president non lasc trascin mental leg vuol cre dann possibil ferm present i salvator patr otten risorg nazional
1242786791167528960,2020-03-25,13:13:55,comand alfa cont dirett facebook più vis ospedal
1242786551312064512,2020-03-25,13:12:58,grand president smorz voc sciocc complott period emergt chiar popol respect
1242785274993750018,2020-03-25,13:07:54,brav cont italian strad 3 000 eur mult clandestin spacc
1242782802359259141,2020-03-25,12:58:04,buongiorn president cont ripet ciò già poch tutt oggi 25 05 20 non è possibil sospension rat mutu finanz leasing banc finanziar xchè dic non è possibil attu decret mancanz procedur
1242769395140698112,2020-03-25,12:04:47,stellin legg comment post non cap davver 90 italian content torn terr
1242767206494146562,2020-03-25,11:56:06,vogl ved distribu mascherin personales sanitar ital ver guerrier stor maldet import chines covid 19 continu ringraz miglion eur italian respir mascherin
1242764426744336384,2020-03-25,11:45:03, fin decret impazz nott dev far dorm non dev annunc nott port ansi non dorm alzar più incazz
1242764214726516738,2020-03-25,11:44:12,grand president cont person umil ser dimostr gest consider event cos non non oso immagin b sal mel
1242763128749920256,2020-03-25,11:39:53, riconosc bas profez antic punizion divin esul soluzion uman mess atto punizion rifer pcc cines avvicin res complic polit espansionist
1242761684969816064,2020-03-25,11:34:09,vorre farl not medit stor coronavirus è iniz è iniz cin esist polit dittatorial diritt uman persegu disciplin cred lontan ideal pcc
1242761260036489216,2020-03-25,11:32:28,car cont non usat alberg vuot senzatett disabil anzian difficolt opedal provvisor
1242761223709413376,2020-03-25,11:32:19, facewithtearsofjoy facewithtearsofjoy facewithtearsofjoy facewithtearsofjoy pover ital
1242759957067567104,2020-03-25,11:27:17,car president condivid oper mess atto parol vorre trasmett solidariet comprend sollecit urgenz non poss miglior
1242747683275788289,2020-03-25,10:38:31, pret militaresc obbedit pesantissim limit libert costituzional garant bisogn dimostr militaresc efficit cit borgonov improvvisazionedilettant distacc realtàecc dimostr traditor patr
1242747661071060992,2020-03-25,10:38:26,avant
1242746928040902657,2020-03-25,10:35:31, depenalizz denunc apert port mult non interess valenz divers cp mult eur può permettersel gir tranquill lavor svan boll wearyfac
1242746373130387456,2020-03-25,10:33:19, dov applic nuiv restrizion non superficial arrest sanzion non rispett norm riman cas pugn dur sgarr
1242743280351272961,2020-03-25,10:21:01, gennai dichiar emergt sanitaria febbrai dic allarm prontissimiogg marz non riesc trov mascherina guant cost pag eur govern vergogn
1242740242035204098,2020-03-25,10:08:57,indegn
1242738718026477568,2020-03-25,10:02:54,oh presid cap qual è definizion priorit
1242736692383166464,2020-03-25,09:54:51,più forz polit proposit non può dobb giust frontegg contag
1242736645901881344,2020-03-25,09:54:39, parol graz president italy redheart fourleafclover rainbow
1242734359628701696,2020-03-25,09:45:34, spieg caxx serv call center vend promozion tim sky etc non vad lavor sens civic prossim mes non sold spes
1242732505154957312,2020-03-25,09:38:12,avvoc serviz pubblic port apert annunc facebook non iscritt
1242731536270741504,2020-03-25,09:34:21,graz president
1242731009319358464,2020-03-25,09:32:16, non cap intervent è cap mult sal è confusion total non parl aiut famigl azi cart stanz sold fatt non ved beat minc incapac pericol
1242729938840625152,2020-03-25,09:28:00, annobellissim non dov 2019
1242729385091895302,2020-03-25,09:25:48,car giusepp sai parl ancor non fatt vi dimostr ridicol imbarazz gest situazion tant confusion regn test sa benissim tant azi non aprirann più incapac vergogn
1242727657357402114,2020-03-25,09:18:56, president è gist prend provved dov è giust riman cas cred giust annull pag acqua luc gas aiut categor cris è sent dichiar rimand
1242726651206795265,2020-03-25,09:14:57, bisogn più tampon cittadin sintom liev mascherin medic aiut ospedal fat confin non bast
1242717672426614784,2020-03-25,08:39:16,ben anzi dic sindac andrebber chius molt più categor essenzial non aiut per german sblocc sforz imman non
1242716931964223488,2020-03-25,08:36:19,pens gest pandem stil pens sol perc liber chiacc offens vuot conten indic rappresent non avrà statur statist
1242716607085973504,2020-03-25,08:35:02,graz profus
1242716153740492800,2020-03-25,08:33:14,vend ren miglior offerent il feg perc orma è marc facc iron i mezz sorrisett può risparm se non mett atto misur aiut italian ci mett condizion scend ven rom
1242714510986706944,2020-03-25,08:26:42, nascond
1242713940012011520,2020-03-25,08:24:26,dev mor infam
1242712817221931008,2020-03-25,08:19:58,ammir compett determin svolg ruol delic domand parlamentar percep 600 mes giust cos sacrific è cred imper sar chiarezz
1242711919313719297,2020-03-25,08:16:24,vergogn pinochet
1242709934187241473,2020-03-25,08:08:31,scus maestr zen più pens pens non lavor mes pag non so farl sold trov bel tem sens accett ugual
1242707690339676160,2020-03-25,07:59:36,car president mult dovrest motiv sciocc costring personal fortement risc andar lavor rifer uffic pubblic dovrebber monitor
1242704663893413894,2020-03-25,07:47:34, dirett grand fratell
1242699019748597761,2020-03-25,07:25:09, italian continu chied perc dobb merit govern incapac nat gioc palazz garant stipend poltron pdr perc non merit perc
1242698862965514240,2020-03-25,07:24:31, vai rifer 15gg prossim scadenz sar aprilepo april guard sar 25 fest liber stavolt sper incapacissim govern
1242696267765100545,2020-03-25,07:14:13, inform scad termin chiusur impost dpcm marz
1242693457577152512,2020-03-25,07:03:03, guard mic facebook imbecill
1242678139723096065,2020-03-25,06:02:11,ringraz president cont instanc lavor traspart cittadin stil non ced provoc dramm pandem fortun president situazion
1242675473961955331,2020-03-25,05:51:35, stup riesc confert stamp non cazz concret
1242668181635903488,2020-03-25,05:22:36,accett mes 10 000 mort italian è criminal europ delinquent solidariet dov ribell contrar italian stopmes vetomes
1242640744625692672,2020-03-25,03:33:35, rest leader parl aiut mult sanzion ce farem bla bla impres part iva famigl difficolt settor turism è ginocc sanit cazz ce lì
1242627485734486016,2020-03-25,02:40:54,propon summit confront più grand emint scientif invit scienz giappones russ frances mett punt terap efficac già collaud per parl antiviral russ giappones antimalar già collaud raoult
1242614859352735744,2020-03-25,01:50:43, fat dur dittatur lugl scapp cazz
1242604789835468807,2020-03-25,01:10:43, fortun president cont onest capac graz que salvin tajan melon guard megl mi sembr furbett quartierin
1242598364941778945,2020-03-25,00:45:11,president cas contag accert call center ivre marcianis palerm sicurezz lavor è più essenzial call center sicurezz limit libert sicurezz dovrebb imporr smart working
1242595012384301056,2020-03-25,00:31:51, sold
1242593247526084608,2020-03-25,00:24:51,è mortific legg comment becer sceller ignor brav critic scelt premier attim prov chiud occhi immagin dover dec popol trov risc virus cont
1242591371908861952,2020-03-25,00:17:23, not settiman cas scaten sciacallagg govern star cas serv scegl viv mor mort virus vogl star ben fer estat non mor fam
1242588331453698048,2020-03-25,00:05:19, vorre critic cont cazzar caciottar govern
1242585704435236867,2020-03-24,23:54:52,car signor cont medic locr colleg lavor sprovvist mascherin guant quant altro serv protegg sa perc perc prim giur ippocr dio confid
1242583919788261377,2020-03-24,23:47:47, sai ver fin allarm virus dovra frontegg gross prepar perc siam pront mort riav vecc ital italexit
1242580745937457152,2020-03-24,23:35:10, cazz gennai prim marz contrast emergt emers può sap
1242579402556309504,2020-03-24,23:29:50, rendecont italian doman non mangerannoperc attiv è chius enon fattur più mes ha prov mors fam siam ricatt europe sa patt ns spes o dann vogl italexit
1242576443395256321,2020-03-24,23:18:04,è fin port avant agend traditor popol ital mesaffancul
1242575338120581121,2020-03-24,23:13:41, coragg graz
1242568001561530368,2020-03-24,22:44:32, affront problem enorm difficolt precedent equilibr saggezz pens per restrizion non poss andar dat april bisogn cominc parl riapertur
1242567791301013510,2020-03-24,22:43:41, apprezz oper parol confert stamp graz continu cos presidt sicur ripartt ital sar sostenibil ambiental respons social
1242565355018559490,2020-03-24,22:34:01,riflett è serv conferm situazion colp sottovalut problem predic allarm non pianific procedur sanitar sicur non approviggion mascherin prim anticip decret scapp contag sud graz
1242564415251189760,2020-03-24,22:30:16,buffon
1242563545193238528,2020-03-24,22:26:49, necess non conosc legg è sovr decid sfugg man legg vann garant cur sal non usar scud scars sens civic cittadin
1242562750510960652,2020-03-24,22:23:40,fontan non intend collabor non è capac gest sanit bast ved success codogn alzan lombard bg lombard bisogn togl compett urgenz fontan già disastr muoi più
1242562684983402500,2020-03-24,22:23:24, dirett rebibb arriv
1242559047942971393,2020-03-24,22:08:57,car giusepp il gennai sap già perc non scort respir mascherin pens viv non pag utenz mutu affitt assicur tass star sed cul bell poltron
1242558291013705734,2020-03-24,22:05:56, torn sconosciutooo
1242557441038069760,2020-03-24,22:02:34, laur paperopol
1242555867972673536,2020-03-24,21:56:19,graz italian poss ringraz premier pens prim italian
1242555194023518210,2020-03-24,21:53:38, stavolt non
1242554818767589383,2020-03-24,21:52:09,bellissim tg5 non not assolut tratt domand prepar replic rispost scritt luc seg
1242553909853466624,2020-03-24,21:48:32,president non fin torn dimett
1242552857154510851,2020-03-24,21:44:21, addit beat mazz sap spacc sa
1242550522135150595,2020-03-24,21:35:04, sar ver aiut effett econom azi front spes primis ripart
1242550441348681733,2020-03-24,21:34:45,perdon president riflett magnam perc non riflett ben fam sa
1242548832505860101,2020-03-24,21:28:21,non spes parol mort colp coronavirus person alquant superficial cinic parl mult sal esce pensier sold cass schif
1242548316325531655,2020-03-24,21:26:18,dimett carit patr mort coscienz port baratr assol salv storic più grand traditor popol ital esist governodelcontag governodeitraditor apocalisseital coronaviruaital
1242547762232733698,2020-03-24,21:24:06, dirett facebook è strateg
1242546455690317824,2020-03-24,21:18:55,president apriam parl quegl stip lavor nott non almen medic infermier non cast rifer 5s servitor
1242544625065304070,2020-03-24,21:11:38, contratt determin non può lavor xkè cas rimarr disoccup verrann protett lavor rispond premier
1242544229399900162,2020-03-24,21:10:04, dirett mazz prend ultim spicciol pagh bollett mutu mes prossim neanc tocc fat vomit
1242543833583362049,2020-03-24,21:08:29,chiud edicol non può ferm port pellet combust riscald cas è assurd
1242542353442840578,2020-03-24,21:02:37, decret marted aspett sab nott prossim
1242541972570677250,2020-03-24,21:01:06,graz
1242541929574928386,2020-03-24,21:00:55,cordial sal franc monsieur prèsident cont andra ben ital italy
1242541757738487811,2020-03-24,21:00:15,scriss gennai gest traged cos gest tutt in primis degn alle post sism traged italian trov trov terremot pezz cul
1242541449285120004,2020-03-24,20:59:01,bastaaaaa
1242541179230707720,2020-03-24,20:57:57, decret non riguard immigr
1242541002205904896,2020-03-24,20:57:14,putin ospedal person rend cont person perc polit non distacc realt viv dimension cucù w italy
1242540957846945795,2020-03-24,20:57:04, andar sedic compars dic sedic television moss prim non situazion indagu
1242540918877687808,2020-03-24,20:56:55, ital non cont
1242540398087725057,2020-03-24,20:54:50,president div provved var non è ver interess azi italian non merit attenzion cuor pulsant nazion è richiest aiut preg ascolt u t
1242539177163587591,2020-03-24,20:49:59,grand lavor rocky the pant littlehous troll pag kg prolifer
1242538219121586182,2020-03-24,20:46:11, illud confert annunc dimission dobb sorb spettacol circens mascher record mondial mort
1242537164992319490,2020-03-24,20:42:00,misur econom contedimett
1242535934635266049,2020-03-24,20:37:06, non april
1242535871783604225,2020-03-24,20:36:51,sicur pavid gualtier giust lui aspett april rispost leader centr destr incontr mattarell cont panz pien tropp italian impossibilit lavor problem sganc sold
1242535282957864964,2020-03-24,20:34:31,gualtier richiest salvin melon tajan mett pist money pian dar sold tant già fall balbett no aspett prossim april sar pront decret
1242534635231379456,2020-03-24,20:31:56,non sent parl progett poss far ripart settor più colp cred bisogn sospend pag tass imporr banc access cred agevol denar non copr deb
1242533632369139714,2020-03-24,20:27:57, dit brutt mus leader olandes rutt serv paradis fiscal societar ricord oland danimarc svez escon europe accorg esce fin mus dur
1242533479738417152,2020-03-24,20:27:21,graz continu cos
1242533401120387072,2020-03-24,20:27:02,cio concett è lugl miglior peggior non sa può discors nazion asil non nazion
1242533260577693697,2020-03-24,20:26:29,president togl bandier europe
1242533115119259651,2020-03-24,20:25:54,cont staser dichiar potr dur lugl poic già previst gennai febbrai dic situazion controll marz pien emergt facewithsymbolsonmouth facewithsymbolsonmouth facewithsymbolsonmouth facewithsymbolsonmouth rescueworker shelmet rescueworker shelmet speak no evilmonkey hear no evilmonkey see no evilmonkey pall
1242531822686351360,2020-03-24,20:20:46, è competent esserl so coltiv dirett
1242531399447580672,2020-03-24,20:19:05,giusepp staser super graz coronavirus potrem dedic più riflett è impag presidt cosngl cin
1242530522850615306,2020-03-24,20:15:36, polem non freg cipp perc rinunc propr sal è import impres stip grand punt interrog andatec palazz
1242530306982363138,2020-03-24,20:14:44, non riesc non clownfac
1242527599085174784,2020-03-24,20:03:59, piac rappresent popol dovrebb rappresent mattarell perc non rappresent popol bo pens qst soggett appost non cred
1242527127595032576,2020-03-24,20:02:06, cred casalin
1242526738799898629,2020-03-24,20:00:34, è facil non lavor oltranz polit statal ricev mes stipend non spes trasport part iva eur pag affitt manten figl mogl
1242526585946804226,2020-03-24,19:59:57,non firm
1242526389821202432,2020-03-24,19:59:11, graz immens president sap distingu egreg error polit pass clappinghands clappinghands clappinghands clappinghands clappinghands clappinghands guid ardu desol battagl sicur vinc iorestoacas cont
1242525217945268224,2020-03-24,19:54:31, onor verr parl 15 mussolin più parl parl ven prend decision non rifer contedimett governodellavergogn
1242524437607526401,2020-03-24,19:51:25, president comun cazz bhoooooo cos pazz parl sanzion maggior cittadin cos più import sold cas famigl italian arriv
1242524304190910467,2020-03-24,19:50:53,chiar compost ser cos non può massim stim massim appogg indegn gazz stamp polit chiacc bar fatt pass inform giornalist biec provoc saccent poltron
1242523018351558657,2020-03-24,19:45:47, riflession fall stil non bisogn padr insegn valor miglior comp è difend
1242522670433996802,2020-03-24,19:44:24, non import vuol bell figur rispett guard camcellier merkel non lockdown mult dittatur sol cas govern impar pivell
1242522145433018369,2020-03-24,19:42:19, può ricord signor cont buon anim hitler mort tutt dittatur mult esce cas 3000 ma davver vuol recuper sold dand aiut cos fin distrugg patet
1242521918500147204,2020-03-24,19:41:24, è prossim prest
1242521741727092741,2020-03-24,19:40:42, mult previst aiut familg dobb mor fam
1242521572319117312,2020-03-24,19:40:02, è golp pagh sold cittadin imprigion ergastol
1242521152112726016,2020-03-24,19:38:22, febbrai tranquillizz pagh consegut dovrebb dimett minim
1242520387860213764,2020-03-24,19:35:20,ok sal va ben quaranten ma risc chiud fall siam 24 3 non aiut part iva commerc artigian ci può spieg sold spes vergogn
1242518941202812937,2020-03-24,19:29:35, inutil retor pensivefac
1242518615922028546,2020-03-24,19:28:17,president cazz misur prend sostegn econom impres famigl sol stucchevol vergogn vimitevol chiacc è urgent bisognovd concretezz immediatezz non parol vuot governodellavergogn
1242518219707031553,2020-03-24,19:26:43, lavor cazz riforn carbur perc so educ senn de dic pezz de merd contedimett contedimett
1242518209909198850,2020-03-24,19:26:40, bell parol permett ital spost sicil blocc tren nav aere riesc ferm virus più mult eur
1242517471669690381,2020-03-24,19:23:44, attiv essenzial difes govern consider produzion armi rwm covid19ital iorestoacas
1242517230606340099,2020-03-24,19:22:47,graz smilingfacewithsmilingeyes
1242516313743994883,2020-03-24,19:19:08, pietos non rend cont perd lavor
1242516213386928128,2020-03-24,19:18:44, vol orar decent confert è vol giornal è vol parl coinvolt è spieg perc fabbric apert perc essenzial
1242515734900719617,2020-03-24,19:16:50, president ministr comun popol aspett i sacrif cos don popol a chied contribu f sosten protezion civil voi vitaliz stip quandoooo
1242515719654424578,2020-03-24,19:16:47, dirett pot segu div canal televis incazz vuot twitter alzar pression inutil
1242515159945482242,2020-03-24,19:14:33,president parl ma famigl dov la cass integr dov siet chiacc muor fam poutingfac poutingfac poutingfac
1242514764095524866,2020-03-24,19:12:59,brutt merd
1242514596411445248,2020-03-24,19:12:19,president cont per ricord piccolissim impres redd via percorr è indebit
1242514503876648960,2020-03-24,19:11:57, rott cazz mult pens attrezzatur medic
1242514329171382273,2020-03-24,19:11:15, complimentibell spiegazion flexedbicepslightskinton redheart graz
1242514202129907712,2020-03-24,19:10:45, confesercent 44 negoz risc non riapr rovin incapac
1242514201295433729,2020-03-24,19:10:45,buon lavor president
1242514058647154688,2020-03-24,19:10:11,presid dill imprenditor perd migliai eur fattur guadagn giorn non lavor digl riflett ved rispond
1242513996793745409,2020-03-24,19:09:56,graz president buon lavor
1242513962211704839,2020-03-24,19:09:48, non sent dev serv rai serviz pubblic noi
1242513951646236679,2020-03-24,19:09:45, giorn costrett star cas più riflett trarrem insegn ok è ufficial pazz rend cont stronz dett non sa mes mang azi riapr contedimett
1242513887402045441,2020-03-24,19:09:30, ricord non freg andrà fin covid19 interess mett bandierin egreg non fid sciacall
1242513819731140610,2020-03-24,19:09:14, mezz lanc premier mett più pezz possibil va ben perc affront pandem appen fin sa iniz ver lavor uscitaeurop nomes nessunpagamentot averl rimand non serv
1242513775439249409,2020-03-24,19:09:03, connession internet indecent dovrest comprend non sar concorrenzial sapevatel orma
1242513699501268992,2020-03-24,19:08:45, god magnific poliz colp inadempit dov vol instaur contedimett
1242513658934112260,2020-03-24,19:08:35,spes minim supermerc 30 lavor 60 scontrin 10
1242513450720530432,2020-03-24,19:07:46, peggior pot accad andand via man giusepp pass parl non decret amministr illegittim
1242513304272199680,2020-03-24,19:07:11,vai avant
1242513293832568834,2020-03-24,19:07:08,mamm rob prend mer sforz ssregional involtin accus razzism accus sciacallagg smett tampon no zon ross no mascherin fai scapp infett no chiusur lombard chiusur ital no sold richiest mes
1242513266917675012,2020-03-24,19:07:02, usand port via mort
1242512974323109890,2020-03-24,19:05:52, non grand fratell vergogn contedimett
1242512880081215488,2020-03-24,19:05:30,president perc non mess link dirett pagin palazz chig perdon complott facewithhandovermouth
1242512500630990849,2020-03-24,19:03:59, mett tesser annuar temp guerr è più mes pens
1242512436802080768,2020-03-24,19:03:44,inascolt
1242512260439904261,2020-03-24,19:03:02, non firm non legittim popol firm nomes noesm stopmes euromaf italexit
1242511966427635712,2020-03-24,19:01:52,govern criminal infam vend
1242511572540497938,2020-03-24,19:00:18,cimanc fusan
1242511555436187648,2020-03-24,19:00:14,buffon dittator popol giudic tribunaledelpopol stop5g stopmes
1242511520543789057,2020-03-24,19:00:05,borrell parl numer dubb contag ital
1242511475845091329,2020-03-24,18:59:55,prim sfrang cosidett manc riusc connett
1242511419297484800,2020-03-24,18:59:41,mort traspart chiarezz occor già gennai coronavirus parl cont tropp azzard risc soggiog ue cge oer è lacrim sangu cont pass
1242511251869175811,2020-03-24,18:59:01, avvocatin più scars esist contedimett
1242511251416154114,2020-03-24,18:59:01, sindac già sper cap
1242511200409313282,2020-03-24,18:58:49, 31 01 sap oms pericol firm emergt perc non cominc costru rep rianim approvvigion material sanitar specc cines inform non dat
1242511187469877249,2020-03-24,18:58:46, anzian andar prend pension banc trov comun comun residt perc vers contocorrentec può andar può far accompagn macchin figl
1242511086978506754,2020-03-24,18:58:22, presid medic medic aiut previst sicil strett graz
1242510991797207040,2020-03-24,18:57:59,ottim lavor bocc lup president
1242510971685556225,2020-03-24,18:57:55,redd quaranten rest cas mult vergogn redditodiquaranten covid 19
1242510917235081216,2020-03-24,18:57:42,togl mett mult mett er modell togl modell 2 prepar modell pens mult 6 oh modell riman valid eh zon ross 4 mett mett cos 2028
1242510859936514050,2020-03-24,18:57:28, non è ver italian comport benemolt gir parchine supermerc distanz sicurezz dispiac tantissim dirlom anzian cio più risc cont sii più sever
1242510813308440576,2020-03-24,18:57:17,usar hydroxychloroquin imped molt mort dia inform govern forgiv my italian am an indian who just started learning
1242510705166815232,2020-03-24,18:56:51,brav president è prim scriv
1242510524652363785,2020-03-24,18:56:08,presidenteee redd quaranten
1242510519044648966,2020-03-24,18:56:07, confert stamp defin mult sment fak news riguard lugl ricord bisogn più chiarezz fermezz prossim confert stamp thumbsuplightskinton thumbsuplightskinton thumbsuplightskinton thumbsuplightskinton governodellavergogn incompett
1242510497385234434,2020-03-24,18:56:01, domand squisit sorpres
1242510485079109632,2020-03-24,18:55:59, pirl aspett confert president convint dar bocc ossigen azi tranquill dipendent ragion mult
1242510468440363008,2020-03-24,18:55:55, ved confert ari fritt dov ascolt già consigl arrog port macell perc carbur assicur non fossil chied gret ipocris
1242510462987776000,2020-03-24,18:55:53, president più idone azzecc guid qst
1242510341935947782,2020-03-24,18:55:24, chiud serviz non prim necess cas usasser cucin trasport cucin risc non è ben primar
1242510334256087046,2020-03-24,18:55:23,redd quaranten moltipl test diagnost vergogn covid 19 redditodiquaranten
1242510260117569537,2020-03-24,18:55:05,graz
1242510239456473089,2020-03-24,18:55:00,coronavirusital personagg è possibil ruol ministr è ver allucin tv mult pass eur incred
1242510208368357376,2020-03-24,18:54:53, già sar bellissim
1242510055100100613,2020-03-24,18:54:16, dirett 23 15 torn 56k
1242510019838476289,2020-03-24,18:54:08,ved sinistrum bell content fars sequestr cas oltranz cont casalin mai zingarett salvin cont bell ipocr cas hit patriott balcon chied nè
1242510000892887042,2020-03-24,18:54:03, fabbric armi essenzial covid19ital cont
1242509995415142401,2020-03-24,18:54:02,sanzion programm sanitar programm econom preved
1242509981477490690,2020-03-24,18:53:58,stopmes contedimett unic vogl sent
1242509839915520000,2020-03-24,18:53:25, dic uscirem miglior eur sem froc cul
1242509825134788608,2020-03-24,18:53:21, vuol redd quaranten estend non garant redd cittadin sold mult non rest cas fam cacc covid19 redditodiquaranten
1242509813592006661,2020-03-24,18:53:18,cont casalin mai zingarett comar balcon teng rinchius cas
1242509759099686913,2020-03-24,18:53:05,mort neanc parol più import parl mult
1242509686454333440,2020-03-24,18:52:48,pur terror econom sequestr mult manten pubblic è nud rollingonthefloorlaughing rollingonthefloorlaughing rollingonthefloorlaughing
1242509585539358721,2020-03-24,18:52:24, vuol redd quaranten estend non garant rdc sold mult non rest cas fam cacc covid 19 redditodiquaranten
1242509581697388544,2020-03-24,18:52:23, rassicur ammett clappinghandslightskinton clappinghandslightskinton clappinghandslightskinton italy microb
1242509560516087808,2020-03-24,18:52:18,ben parol non sold mang ferm quand pens prend mult cerc dar sod popol non può ordin ferm mang
1242509469147451397,2020-03-24,18:51:56,moltiplic diec itest diagnost ferm ve retor covid 19
1242509439359430663,2020-03-24,18:51:49, person vuotast ide dignit parl dirett supercazzol italian non merit ciò liberac presenz contedimett
1242509323886112772,2020-03-24,18:51:22, può mand mete confert
1242509286883852291,2020-03-24,18:51:13,pratic continu sforn decret aument restrizion mult non virgol immed accred non lavor mes è prossim mang
1242509198618959872,2020-03-24,18:50:52, comment riflett andar ben lavor ce vien pag period chius può riflett arriv mes
1242509019438362630,2020-03-24,18:50:09,perc sanzion è prim caus contag mass migliai opera ammass fabbric problem runners covid2019ital redditodiquaranten
1242508919303536640,2020-03-24,18:49:45,tampon
1242508819399393282,2020-03-24,18:49:21,ottim president clappinghands
1242508811757408258,2020-03-24,18:49:20, porc zio non facebook maremm maial
1242508787388493827,2020-03-24,18:49:14, sforz è par vad bagn esce fot stronz con cuor buffon
1242508744099016704,2020-03-24,18:49:03,iorestoacas president buon lavor italian ringraz fat segreg cas molt sol solitudin non è bell confid decision ben
1242508662603763717,2020-03-24,18:48:44, permett president fras filosof confert dovrebber dar prem nobel clappinghandslightskinton clappinghandslightskinton clappinghandslightskinton clappinghandslightskinton clappinghandslightskinton trumpboris levat
1242508643985248256,2020-03-24,18:48:40, vuol redd quaranten estend non garant rdc sold mult non rest cas fam cacc covid19 redditodiquaranten
1242508593276035076,2020-03-24,18:48:27, vuol redd quaranten estend non garant rdc sold mult non rest cas fam cacc covid19 redditodiquaranten
1242508562481532929,2020-03-24,18:48:20,inguard inaffid pericol contedimett
1242508538372653058,2020-03-24,18:48:14, oms avvis decret gennai dic sicur influenz farc aperit merit galer mort coscienz assassin dimettet
1242508512598597633,2020-03-24,18:48:08,president rid infrang regol becc 3000 mult dovrebb prend provved sminu invit uscir strad dic pres precauzion più alte ritrov mort
1242508507976474625,2020-03-24,18:48:07,sputtanatel ladr sanit nord
1242508470957588483,2020-03-24,18:47:58,grand president messagg social discors clappinghands clappinghands thumbsup
1242508451072356357,2020-03-24,18:47:54, gonf numer nuov contag vittim perc copr non vol dirc
1242508376807964673,2020-03-24,18:47:36,alzat cul poltron
1242508375855976449,2020-03-24,18:47:36, escon bozz problem leadership team non è respons provved
1242508368658432000,2020-03-24,18:47:34,graz non pot president miglior cont forzaitalian coraggioital covid19 coronavirusitaly
1242508350820155392,2020-03-24,18:47:30,penos marted
1242508338455171072,2020-03-24,18:47:27,aument sanzion diviet redditodiquaranten riman zer carbonell dpcm è anticostituzional perc non è copertur finanziar sanzion redd potenzial individual non ben cont miglior dic
1242508162365820928,2020-03-24,18:46:45,buon lavor president
1242508146939179010,2020-03-24,18:46:41,facc na carezz
1242508133525831680,2020-03-24,18:46:38, vuol redd quaranten estend non garant rdc sold mult non rest cas fam cacc covid19 redditodiquaranten
1242508051212636160,2020-03-24,18:46:18, farc moral defalc stipend parlamentar non lavor vergogn
1242508041066622976,2020-03-24,18:46:16, dimett
1242507972149944320,2020-03-24,18:45:59,riflett vendicher soffert ultim
1242507912783761411,2020-03-24,18:45:45, sens dur lugl decid mes mes viv turism rovin incapac
1242507908585324544,2020-03-24,18:45:44,fat prest figl non poss più ten cas covid19 covid 19 covid2019
1242507873114107916,2020-03-24,18:45:36,altra confert stamp inutil poch spallett più chiar clownfac
1242507867179147264,2020-03-24,18:45:34,graz president semplic domand perchèfacebook whyfacebook perc non utilizz profil ufficial govern pagin personal sar fin far dat utent accumul dirett graz
1242507808781803522,2020-03-24,18:45:20, esser edott misur adott
1242507802700111873,2020-03-24,18:45:19, estension redd cittadin potenz struttur sanitar dpi personal ospedalier aument sorvegl attiv non esce non serv alzar mult
1242507769447677953,2020-03-24,18:45:11,parloam mult rest tampon mascherin ventil polmomar ah già rob secondar
1242507660148142080,2020-03-24,18:44:45, miglior president ricord redheart
1242507606528274433,2020-03-24,18:44:32,orama sent ver tirann non rend cont cas disoccup sold non blocc bollett non dat cent camp lavor saltuar tutel razzism
1242507507056152585,2020-03-24,18:44:09,lugl pè
1242507401888137216,2020-03-24,18:43:43, bozz più fals eur cart
1242507394019704836,2020-03-24,18:43:42, ben
1242507371571707905,2020-03-24,18:43:36, antan
1242507347664265220,2020-03-24,18:43:31, sold negoz impres non entrat vergogn incapac tant chiacc dev darc sold
1242507052213207041,2020-03-24,18:42:20,celafarem appogg governocont
1242507027999535104,2020-03-24,18:42:14,cordial sal grec sper andrà ben
1242506977588252675,2020-03-24,18:42:02,non intenzion perd parol graz president
1242506864799232000,2020-03-24,18:41:35, arriv puntual doman
1242506733370646530,2020-03-24,18:41:04,amo buon ora
