id,datestamp,timestamp,tweet
1240063151309275139,2020-03-18,00:51:09, famigl esatt aiut famigl bisogn aiut mar non lavor non prend disoccup mes perc lavor gg non dic angryfac angryfac angryfac
1240061863792082951,2020-03-18,00:46:02, preg president estend restrizion cas bambin genitor separ divorz unic bambin non tutel costrett uscir rimang ferm cas salv bambin
1240050643911360512,2020-03-18,00:01:27,sincer dl aspett più non ved sold real immess azi azi sosten pag impost spost complet ferm
1240045623900069890,2020-03-17,23:41:30,graz president yellowheart
1240041762707644416,2020-03-17,23:26:09,cont delusion banderuol inaffid incapac difend diritt italian torn ven ministr non scelt italian fatten ragion
1240041435258331139,2020-03-17,23:24:51, abbandon tass pag favor favor neanc front pandem car president più pallid ide cost azi dic dovr poter pag 500 anzi dia
1240034538056802305,2020-03-17,22:57:27, rend costituzional sequestr ben chies militar personal sanitar clinic orror giudic avvoc assolt formigon lavor infermier pignor chies maf salv vit
1240017858580619264,2020-03-17,21:51:10,car giusepp cont dobb rest cas rest cas rest cas vien depression trov medicinal coronavirus porc troi rispond
1240015061382574080,2020-03-17,21:40:03, parol ritir
1240010702632488968,2020-03-17,21:22:44,tutel liber profession part iva
1240000817278656512,2020-03-17,20:43:27,fatem cap salv na banc bosc salv nazion isol compres non torn
1240000448251265029,2020-03-17,20:41:59, sper per bonus baby sitter dat ver bisogn bad figl cas io appen lavor lasc cas settiman caus virus con nasp fin almen toglietem bollett
1240000111385686016,2020-03-17,20:40:39,graz president
1239993083456094208,2020-03-17,20:12:43, lombard è orma emergt bisogn increment post terap intens presid ospedalier più vicin cittadin colp contag auspic pot eventual spostabil riutilizz ove sar più bisogn
1239992846591066115,2020-03-17,20:11:47,vai cul cont farem sar zerbin merkel macron ion
1239981338704445446,2020-03-17,19:26:03, modul muov veicol contag non pot usar telefon invi modul indirizz poliz adib cioridurr contatt
1239979837487538179,2020-03-17,19:20:05,elimin comission pag carteridurr contatt sold
1239975140701528065,2020-03-17,19:01:25,car president serv liquid immed perc è costrett chiud non può andar avant decid modal avvi richiest irrisor chiam una tantum far front spes fiss
1239975062712635392,2020-03-17,19:01:07,è escan virus cin paes dovrebber richied approfond cas dovrebber present tribunal penal internazional innocent pag consegut ingiust
1239973831617347584,2020-03-17,18:56:13,dimm genitor sacrific farc stud respons giust debb diger casalin govern feg scopp italian pd s
1239971915621490689,2020-03-17,18:48:36, decret
1239968407241363460,2020-03-17,18:34:40,vergogn accan pmi è 70 attiv sosteng chied pass chied scus dar aiut concret non riesc più port pan cas
1239966957111087107,2020-03-17,18:28:54,curaital govern diment esist part iva liber profession costrett iscriv previdt priv non gestion separ liber profession han stipend graz
1239964503791435777,2020-03-17,18:19:09,urge sblocc redd cittadin sospes non agg ise entro gennai sold mes non poss più spes aliment
1239964217911828480,2020-03-17,18:18:01, ndo cazz decret comport cos è criminal poutingfac
1239962643667902465,2020-03-17,18:11:46, domand eur mensil slitt pag tass magg person part iva immunodepress non può uscir cas figuriamoc lavor prend sold pag tass curios
1239957905845055489,2020-03-17,17:52:56, modell autocertif lasc desider fà dichiar di non risult posit virus covid 19 non è tampon
1239952474561183747,2020-03-17,17:31:21, piccol impres 500 600 eur mes tg5 migrant eur mes sostegn gvern spin dorsal italian
1239949582014058496,2020-03-17,17:19:52,perc non fat serv sa sa veloc accumul mort mort non torn
1239946990945009664,2020-03-17,17:09:34, agropol è già dispon virus perc non vien riapert il popol bisogn sicurezz sanitar
1239942325679337472,2020-03-17,16:51:02,graz fiduc perc decret non è pubblic
1239938580857880576,2020-03-17,16:36:09, scus eur autonom iscritt gestion separ inps lett ben artigian commerc attual chius iscritt gestion normal non lett ben
1239935169173356549,2020-03-17,16:22:35, continu sperper sold redd cittadin
1239928553778577410,2020-03-17,15:56:18,vol ved cord rott
1239927603571625985,2020-03-17,15:52:32,600 000 barc marc cov raccomand pletor becer polit sindacal boiard port vot mef panace ide nipot nazist distrugg
1239925812599705601,2020-03-17,15:45:25, firm bonafed non è gazzett decret thinkingfac thinkingfac thinkingfac thinkingfac
1239923611902738433,2020-03-17,15:36:40,ok
1239917136757305345,2020-03-17,15:10:56, ve ten fat uscir perc blocc più decret ved non ved virus
1239917028900835328,2020-03-17,15:10:30,gentil som architett liber profession ordin decret curaital lasc sent abbandon poss rispond iomisentoabbandon
1239916999096098818,2020-03-17,15:10:23,buonaser aiut famigl contag mondial sii domicil eur camp affitt abit non pens
1239914181618475010,2020-03-17,14:59:12,cio rat cartell esattorial rinv unic soluzion magg impazz pretend tant chiusur sold pag per6non parl magg già rat parol
1239913939472977920,2020-03-17,14:58:14, spost 5 giorn vers iva spost giugn tass coragg chiam salv ital part iva chiam decret umil ital vergogn
1239913875933474818,2020-03-17,14:57:59, decret ufficial non trov onlin
1239912119962910720,2020-03-17,14:51:00, augur misur scuol pubblic istruzion ten cont trov soluzion student scienz formazion primar impossibilit svolg tirocin graz premier mett
1239909504583696384,2020-03-17,14:40:36, è decret salv poltron ball port rovin
1239909503124099075,2020-03-17,14:40:36,graz president content fratell italian decret stranier scelt star vuo affront parol buon riguard non graz buon lavor andrà ben
1239909285284302848,2020-03-17,14:39:44,graz mill foldedhands ce farem flexedbiceps
1239909059328958466,2020-03-17,14:38:50, settor
1239902854233690112,2020-03-17,14:14:11, tipograf gazzett ufficial è posit coronavirus perc non ved pubblic decret incul ital decret april president bell patrimonialin modell dottor sottil
1239901561893064705,2020-03-17,14:09:03,moll poltron cont è rispost
1239900637695000577,2020-03-17,14:05:22, ital 13000 tredicimil 00 mort perc non chius nazion polmon può mor pezz merd
1239899749957935107,2020-03-17,14:01:51,president graz non dettagl permett sugger ten consider prem almen eur benefic oper sanitar indistint iolofareiconcuor
1239898799209840642,2020-03-17,13:58:04, aiut si profession lasc gest cass previdt mett ser vincol palett e potrann tratten previst non poch prend chiss ridicol
1239897566487199746,2020-03-17,13:53:10, scusim può spieg aiut grad capirein azi riduc 75 produzionevist guadagn bas produc perd eur mes pag mutu prest
1239895817974136833,2020-03-17,13:46:13,graz president buon lavor coragg andrà ben
1239895318851981312,2020-03-17,13:44:14,tramp mett piatt dollar non que sold
1239894915875770373,2020-03-17,13:42:38, pront critic steril
1239894479626219523,2020-03-17,13:40:54,colleg part iva tranquill se 600 schif non preoccup datel
1239893971448614913,2020-03-17,13:38:53,prim dimett
1239892486786560000,2020-03-17,13:32:59,eur è redd cittadin immigr thumbsup thumbsup thumbsup
1239891905498021894,2020-03-17,13:30:41,togl tass mes marz dai
1239886689767763968,2020-03-17,13:09:57,manc azi chius detrazion novembr 60 spes non mang fat cont pallottol zer entrat zer uscit non gir cancell non sospension ripres attiv
1239883766241398784,2020-03-17,12:58:20,giovan avvoc esclus indenn babysitter trov rat nid non cancell prorog consegn ise curaital
1239883709949542401,2020-03-17,12:58:07,cos polem decret cur ital part iva valg redd cittadin manovr poder mah
1239883379912445952,2020-03-17,12:56:48, non pubblic decret gazzett ufficial non poss usufru aiut cos aspett
1239882447518654466,2020-03-17,12:53:06, sap cazz può legg curaital gazzett ufficial gazzett sport lerc
1239877887567835136,2020-03-17,12:34:58, perc non sospend contratt bors ostin port pag car prezz sar cad torr gemell continu manten apert bors
1239877745204703232,2020-03-17,12:34:24, decret ve dimentic comodin svegl vergogn
1239877663327731713,2020-03-17,12:34:05, raccom non riapr attiv parrucchier non è sicur sicurezz è lavor rischios sal consegut sar ripres graz legg messagg
1239877662249713664,2020-03-17,12:34:05,benissim nazionalizz alital privatizz nazionalizz franc settor strateg energ telecomun acqua serviz essenizial virus è figl globalizz privatizz disastr
1239876287247851520,2020-03-17,12:28:37, italian non autorizz firm riguard mes nè modif nè formal vecc gualtier vorrebb prend 350 scordatevel doubleexclamationmark c è bce banc central paes strozzin doubleexclamationmark
1239874963357736960,2020-03-17,12:23:21,ennesim fondell compl batt record negat
1239874860865765379,2020-03-17,12:22:57,non so più schif polit uman indegn rovin supereg settiman non avrà più sold spes spar addoss serv german
1239872801949040640,2020-03-17,12:14:46, combin 104 2 3 12 2 30 insomm non lavor pi port pign cervell
1239872074333728769,2020-03-17,12:11:52, daiii adess prend gir non dic chiam coglion salv ital ci dand coglion salv serv govern diat dimission scegl farc guid
1239871573575811073,2020-03-17,12:09:53, dimett spar
1239871232046219265,2020-03-17,12:08:32, gerarc poder manovr alital dipendent pubblic dipendent priv redd cittadin babysitter ner profession artigian commerc prim produc spes ultim cre redd pil pag stip prim
1239869895480881152,2020-03-17,12:03:13, aiut cap funzion blocc mutu impres gestor cont corrent non rispond più telef liquid è promoss conced lavor
1239868050280677376,2020-03-17,11:55:53,convert bonus bonus fonoisol appart giust clausur mett dur prov convivt condomin
1239866922952462338,2020-03-17,11:51:24, retor fras circost non quartier chied possibil
1239866437709312000,2020-03-17,11:49:29, usufru valg gg più
1239866227914428416,2020-03-17,11:48:38, riparl sarann lacrim sangu ringraz gennai dic prepar
1239865701440995328,2020-03-17,11:46:33, non vergogn prend gir italian moment spost scadenz pai accod nuov chius econom ferm non vuol aiut italian contedimett
1239865324859805697,2020-03-17,11:45:03, lavor contratt prestazion occasional art procacc p iva
1239861271312424960,2020-03-17,11:28:57, non cre support duratur prossim punt cap bisogn cre programm svilupp support impres vogl star ital almen cred concett pales tass produrr
1239860342307672065,2020-03-17,11:25:15,graz president non premier pass par scontent provved cos import vad avant perben
1239859565358911488,2020-03-17,11:22:10,bisogn attiv contact tracing è soluzion uscir frett non aspett
1239858513356165123,2020-03-17,11:17:59, manic inett incapac azion contest chiar evident risult consol iniz cap past fatt verr spazz prest
1239857824110465024,2020-03-17,11:15:15,aspett suedimission irrevoc patet govern pers altra occasioneper beneed fattol sol legg pasticc aspett sold cicc vuol vend pentol curaital governodellavergogn
1239855645186314241,2020-03-17,11:06:35, facewithtearsofjoy facewithtearsofjoy facewithtearsofjoy facewithtearsofjoy facewithtearsofjoy ste puttan lett punt cabarett sbaragl è davver convint cazz sì
1239854764395040768,2020-03-17,11:03:05,part iva tratt indegn
1239853339850018817,2020-03-17,10:57:26, nause
1239852839708565504,2020-03-17,10:55:26, misur democrat rigener è aliquot iva accis 600 spes ben carbur 180 torn immediat tasc colp prim soggett debol accis quot fiss agisc
1239852227340181504,2020-03-17,10:53:00, non graz averc mess condizion infam man sangu mort lacrim parent deb lavor macc vergogn indelebil stor italian verm
1239851063320219650,2020-03-17,10:48:23,pens pubblic prim
1239849994473156609,2020-03-17,10:44:08, curaital vergogn
1239849509565407232,2020-03-17,10:42:13,decret emergt sanitar gennai pubblic gu febbrai non chiud focola vergogn decret cominc cerc nascond ben per ribrezz riusc suscit è indic
1239847726201929729,2020-03-17,10:35:07, bisogn super commissar autorevol god prestig internazional non è profil particol profil ministr ester dimai ver leader anticip emergt non insegu govern
1239846926297808897,2020-03-17,10:31:57,scus german può usar mld 25 thinkingfac vol distrugg prefer possibil lott nascond è ver dio esist pagh mort caus liber
1239845492244258819,2020-03-17,10:26:15, dovr ringraz briciol disastr combin contedimett
1239844453311033344,2020-03-17,10:22:07, vedrem sar volut complic farn access poutingfac
1239843814451351552,2020-03-17,10:19:35,part iva fam thumbsuplightskinton thumbsuplightskinton grand dire german franc banchett sold chiss zerbin
1239843498964193280,2020-03-17,10:18:19, inter categor già gross difficolt non pres consider graz
1239843351836459008,2020-03-17,10:17:44, contentin più giustann firm mes port fam perd dirett averis palle dubitoqst dov non firm
1239843201034473472,2020-03-17,10:17:08, mancett facc ser dimett
1239843031089635329,2020-03-17,10:16:28, non strozz econom accord capestr
1239842858091364355,2020-03-17,10:15:47, italian tast man idioz partor mett man cont corrent
1239842491089719297,2020-03-17,10:14:19,covid19ital drittoerovesc ricapitol una p iva famigl 600 un clandestin singl 1050 serv prov ce serv curaital
1239841931535974400,2020-03-17,10:12:06, boll giusepp
1239841707195273216,2020-03-17,10:11:12, prim rispost sent prossim è lasc perd
1239841444195643393,2020-03-17,10:10:10, tristezz rott mess piac sap perc prest cap
1239840848432500737,2020-03-17,10:07:48, non cap perc categor lavorin
1239839364936499202,2020-03-17,10:01:54,graz cazz dat ben gg prorog impres agenz entrat concess più 2 gg accert dimett incapac
1239839148233625602,2020-03-17,10:01:02,graz rainbow
1239838750450081793,2020-03-17,09:59:27,dat occhi veloc decret eman macron ser confrontatel riusc vergognat
1239838390092288005,2020-03-17,09:58:01,non cred med piccol impres disoccup sanit più bisogn stanz denar salv grand
1239838289504468992,2020-03-17,09:57:37, ven vom traditor non pag più tass vedr
1239838111724703746,2020-03-17,09:56:55,dimett
1239837869386149888,2020-03-17,09:55:57,president cont aspett decret annunc azi fisc non pens mett decret riguard cass integrazionesull pubblic gazzett ufficial
1239837730647019520,2020-03-17,09:55:24, dann già fatt trasform sanitar catastrof sopravvalut sottovalut pressappoc allarm parol misur ve chied cont
1239837368439496704,2020-03-17,09:53:58,scus president pubblic prim curaital segret fatim cos eh
1239836371038191616,2020-03-17,09:50:00,graz presidentepurtropp decision difficil poss accontent situazion gen non può far polit bisogn salv ital apprezz ciò fat
1239835206552555520,2020-03-17,09:45:22,fin emergt coronavirus dev dimett coglion vot infam merd
1239835067481980929,2020-03-17,09:44:49, band inett fall cap scritt pagin peggior stor repubbl italian contedimett
1239834943926292480,2020-03-17,09:44:20, direzion è giust
1239834780486811648,2020-03-17,09:43:41,posticip vers iva ved prend gir
1239834692683251712,2020-03-17,09:43:20, fin somm tir termin
1239833791272824832,2020-03-17,09:39:45,abrev scadr nasp migliai italian trov disoccup involontar tracc decret cur ital percettor figl manc è previst aiut già difficil trov lavor prim figur iorestoacas
1239833746079191041,2020-03-17,09:39:34, ricord president avvoc cass forens che già non riusc copr mancanz guadagn non gestion separ inps son rimast terr aiut inser buon lavor facewithmedicalmask wavinghand wavinghand
1239833354549235712,2020-03-17,09:38:01, comunic stil istit luc perc non ved bell confert domand fatt coglion non indottrin scendilett grand fratell rispost monolog capac farl
1239832374357241856,2020-03-17,09:34:07,lavor autonom profession valg sfatic prend redd cittadin cit graz cont è rovin
1239831509495930881,2020-03-17,09:30:41,stagional settor metalmeccan produc marz imballagg latt total esclus decret dovrebber viv serv militar strad esatt paur
1239831494769758208,2020-03-17,09:30:37, misur compart ricett extra alberghier è dimentic pagh tass non aiut cris mondial settor blocc
1239830894766145537,2020-03-17,09:28:14,president tedesc frances
1239830848934944770,2020-03-17,09:28:03,vogl star ved ipotet sold menzion è staff non cred neanc minim perc dimostr grand bugiard continu esserl cas decret non vogl
1239830662183559169,2020-03-17,09:27:19,dimett can
1239830446604763136,2020-03-17,09:26:28,graz president cont è previst medic cuban lombard è bisogn urgent de aiut buon lavor dio bened iosigomipresidebtecont somoscub
1239830107969204224,2020-03-17,09:25:07,600 tantum autonom è vergogn dov andar nascond
1239829741055750144,2020-03-17,09:23:39,graz president
1239829430962466819,2020-03-17,09:22:25,graz tutel pag affitt person rimast lavor febbrai azi arric stagist non pag neanc contrib disoccup poter lavor figl far
1239829416114610177,2020-03-17,09:22:22, bisogn baby sitter bambin lavor non trov
1239829091576053760,2020-03-17,09:21:04, nazionalizz alital vogl parl curaital sold contribuent
1239828411515879424,2020-03-17,09:18:22,non trov decret pubblic poss trov
1239827895368941569,2020-03-17,09:16:19, chius front italian chius cas ved neanc car sbarc clandestin continu infett chied italian esist
1239827571895947265,2020-03-17,09:15:02, quind prend elemosin giusepp questionmark pass pagliacc dovra rispond popol tui crimin
1239827394644582401,2020-03-17,09:14:20,
1239827003471249408,2020-03-17,09:12:47,non vogl cred pens scherz
1239826597009637377,2020-03-17,09:11:10,500 liber profession non sufficient nenc pag commercial non vogl parass social non abitu dignit viagg fattur sfam figl 500 tienitel graz
1239826468760440834,2020-03-17,09:10:39, manc non scamb que pre epidem camp battagl pericol fascist
1239825676091432961,2020-03-17,09:07:30, stabil sevel apert lavor costrett andar lavor strett sardin autobus pens furgon ben prim necess rest cas convien vergogn
1239824041604788224,2020-03-17,09:01:00,president dimentic attiv profession esemp stud leg non sospes cart zer incass non minim consider giuseppeconteit coronavirus curaital
1239823417660112896,2020-03-17,08:58:32, pass è prim mand cas govern uscirem ue sottovalut minimizz gest mes
1239822943443697664,2020-03-17,08:56:39,graz
1239821653393227776,2020-03-17,08:51:31,president scus marted marz decid pubblic decret gazzett ufficial dobb consider vigent cogent comunic stamp invent tip norm norm giornalist
1239821378741841920,2020-03-17,08:50:26, gocc mar serv più denar fium
1239820910519033856,2020-03-17,08:48:34,dimettet thinkingfac facescreaminginf facescreaminginf facescreaminginf facescreaminginf facescreaminginf facescreaminginf
1239820907960569856,2020-03-17,08:48:33, dispiac non vogl parass social son liber profession abitu lavor sfam figl non poss dic poss andar avant non poss viagg lavor vorre onorar impegn
1239820779463852032,2020-03-17,08:48:03, pag tass inps irpef mes andrò 30 000 met stipend immigr impicc
1239820761260490752,2020-03-17,08:47:58,salv president spieg mes ferm attiv accert suddett termin veng prorog consegut potr accert sin 2022 possibil dev specul disastr bas
1239820179422547969,2020-03-17,08:45:40,car presidentecont bisogn più senn fall
1239820058643365888,2020-03-17,08:45:11, ital lavor ner alla età assum pers xche non può uscir non giustificatoil decret situazion non pens eppur tass pagh son stancom vot dx assol
1239819852287705088,2020-03-17,08:44:22,car giusepp sapp italian non vogl mor fam cge coronavirus non poss accett non accett manovr ridicol rest
1239819567381262336,2020-03-17,08:43:14,non dire immigr percep 438 più part iva cass straordinar 40 salar mutu non verr sospes far fam graz
1239819249356587008,2020-03-17,08:41:58,datec deb italexit
1239819129168805888,2020-03-17,08:41:29, possessor iva tantum redd cittadin 99 richiedent è non cazz sper pot incontr viv prim fargl sent voc schifos
1239818126239371264,2020-03-17,08:37:30, schifezz peggior moment peggior pdc pot immagin segnapunt part briscol ubriac fradic
1239818106463232003,2020-03-17,08:37:25, negron turist extracomunitar 1050 mese compaesan mai rdc 700italian 600 tranquill vot non so part divent simpatizz pur non scoll poltron
1239817583819251712,2020-03-17,08:35:21, non riusc pens poltron decret rispecc schif
1239817496741412870,2020-03-17,08:35:00,permett vergogn sciacallagg mascherine vol dar econom patet
1239817079278231552,2020-03-17,08:33:21, firm mef scapp
1239816857475047425,2020-03-17,08:32:28,scus famos mascherin german arriv
1239816227641491457,2020-03-17,08:29:57,sper benef previst non ostacol procedur burocrat impedent farragin
1239815243469066241,2020-03-17,08:26:03,manc tagl spes polit don stip dor ospedal lasciat tantum 600 criminal popol giudic
1239815197264687110,2020-03-17,08:25:52,cur non vuol guar ved fid
1239814195425808384,2020-03-17,08:21:53,è ver don intes non arriv xche non decis dev andar consip cerc ventil ribass mascherin ridicol idem contedimett reclus cas continu mult macchin
1239812524507348996,2020-03-17,08:15:15, dov pubblic non slides senn mett atto
1239812353824301056,2020-03-17,08:14:34, rend cont famigl rest priv redd è dirett respons
1239812317807869955,2020-03-17,08:14:25, test perc non è pubblic gazzett
1239812133656952832,2020-03-17,08:13:41,forn bottigl gin vittor sigarett vittor g cioccol settiman
1239811617799450624,2020-03-17,08:11:38,german franc italiett miliarducc
1239811596827983874,2020-03-17,08:11:33,decret incul ital orma abitu è incul
1239811530901905408,2020-03-17,08:11:18, govern simil incapac manc forlan andreott dc regal è paragon preg dimett
1239810812522500097,2020-03-17,08:08:26,insopport orama fren mal protagon princip
1239810776791224320,2020-03-17,08:08:18,buongiorn ricordat blocc prest personal molt famigl sosten acquist mobil gener mand avant famigl blocc prest graz
1239810511597899777,2020-03-17,08:07:15,cont bisogn ferm corrier non port gener alimentar sda brt gls amazon sus dhl lavor tantissim sen virus non fin
1239810220932706304,2020-03-17,08:06:05, arriv rimbors banc ferm prest mutu azi luc gas telef ferm bollett avant puccol negoz incass farem
1239809126739382272,2020-03-17,08:01:45,cont bisogn ferm corrier sda dhl ups amazon bartolin gls perc non port cos necessar lavor tantissim
1239808791308308480,2020-03-17,08:00:25,smettetel butt sold alital dov invest scuol sanit smettetel prend gir poutingfac
1239808491499540483,2020-03-17,07:59:13,car cont dov svegl popol sar unit coronavirus sar unit mand cas ripet dov svegl sicur non è facil affront situazion almen evit elog pessim decret
1239808355901857799,2020-03-17,07:58:41,cianuroital rend
1239805954029387776,2020-03-17,07:49:08, dimentic non lavor stabil ammortizz social và avant contratt collabor occasional non poss lavor lavor fam graz govern
1239805716048773120,2020-03-17,07:48:11,car president spost avant tass è non affoss più chiusur definit attiv è prossim serv liquid fond perd piccol commerc
1239805003491090432,2020-03-17,07:45:21, lontan soluzion salv piccol azi
1239803062811799552,2020-03-17,07:37:39,aspett pubblic decret non ved misur lavor turism ncc guid turist agenz viagg viv lavor turist stranier farem president aiut graz
1239802098868531200,2020-03-17,07:33:49, govern pd m5s riport 1945 augurat non
1239800461546401793,2020-03-17,07:27:19,abilit laur psicolog
1239797323158487042,2020-03-17,07:14:50, ben per aprir cris dobb sfrutt rimett pist second guerr pensatec è fatel diam miglior giovan polit corrott deb viv dat camb
1239796641839878144,2020-03-17,07:12:08, vad nascond
1239795294679728128,2020-03-17,07:06:47,perl slid decretiz autonom dovrann dimostr cal 33 fattur acced benef mutu prim cas region enti local rat mutu semplic non pag parl prossim bell asimmetr padron schi eh
1239795028819673088,2020-03-17,07:05:43, qualsias attiv contrar ciò scritt è evident non conosc ver problem chiam liquid caus riduzion incass non mor virus
1239794340936986624,2020-03-17,07:02:59, lavor autonom perc non vergogn
1239791490441887747,2020-03-17,06:51:40, chiam in cul ital prim buffon
1239790005884682240,2020-03-17,06:45:46, butt alital pot realizz post terap intens test cazz
1239789970837114880,2020-03-17,06:45:37,dar eur part iva è elemosin spiac bar ristor parrucchier estet eur amic pag met affitt mensil negoz
1239789677634355200,2020-03-17,06:44:27,dia vad dann
1239786861746368512,2020-03-17,06:33:16, commercial bar pizzer estet etc rimarrann chius mes dat voucher 600 coragg vant voi non montagn partor topolin partor cac capr manc
1239786326549057537,2020-03-17,06:31:09,dov prem lavor attiv distinzion redd
1239786223872417796,2020-03-17,06:30:44,eur part iva manc spes supermerc vergognat parl bonus babysitter pot andar situazion cas non sapp dov pag incapac
1239784263970689024,2020-03-17,06:22:57,piccol arrog avvocatucol raccomand verra ricord peggior pdc stor incapac ministr squallid illegittim govern affoss definit pagh pagh sciagur incompetent non dimentic
1239781734071316481,2020-03-17,06:12:54, govern è più dannos coronavirus verr spazz via ricord peggior govern
1239781288313344000,2020-03-17,06:11:07, decret autonom colonn portant schfo azzer idem trib compres rat cartell esattorial bollett ridott minim fat
1239780015576961030,2020-03-17,06:06:04,non sar curaital prepariamoc sar più prim mes ammazz tozz pan quarantinelif coronavirus covid2019 covid19 italy flashmobital
1239779507491483648,2020-03-17,06:04:03, prim import rispost non vogl
1239776430382333952,2020-03-17,05:51:49, non arriv virus arriv distrugg sper nod verrann pettin andat cas pagliacc
1239775344778981376,2020-03-17,05:47:30, vii dimentic disocupp non percep aiut pubblic cittadin ser b
1239774457205415937,2020-03-17,05:43:59, può legg è segret
1239773191519813632,2020-03-17,05:38:57,stop bollett famigl enel gas riscald
1239770452723150848,2020-03-17,05:28:04, domand inoccup over redd cittadin ammortizz social verrann aiut graz
1239769906335358977,2020-03-17,05:25:54, vai centr impieg non sann aspett dirett non arriv
1239767202066247683,2020-03-17,05:15:09,car president so so cittadin non saprann pag cas arriv non potr neanc più spes loudlycryingfac
1239756857629122560,2020-03-17,04:34:03,manovr inutil ridicol addirittur controproducent incapac punt vist econom finaziar non chius bors distrugg ricchezz investitor
1239755969049047040,2020-03-17,04:30:31,600 autonom aiut
1239753879010422785,2020-03-17,04:22:12, raccom part iva liber profession uccis tass non più lir colp sacrific invest cre propr non pot god propr guadagn tass impost
1239748108956901381,2020-03-17,03:59:17, test decret
1239744891263082496,2020-03-17,03:46:30, controll azi regol perc settor non essenzial andar lavor mascherin occhialin sanif ambient per lavor gir vit non dev esserc cittadin imprenditor
1239744695745593346,2020-03-17,03:45:43, italian rai calciator grand azi pmi difficolt prest gerant riusc otten poch prest difficolt immett liquid non prest biricchin
1239743784046526464,2020-03-17,03:42:06,grand rispost entro mes fall migliai piccol impres applaus clappinghands clappinghands clappinghands clappinghands clappinghands clappinghands clappinghands clappinghands clappinghands clappinghands clappinghands clappinghands clappinghands
1239735234544820224,2020-03-17,03:08:07, abus palazz chig
1239732728309911552,2020-03-17,02:58:10, dov dimett cur insufficient contrast contag abbraciauncines ricord mal german stanz 20volt pagliacc contedimett governodellavergogn governodelcontag
1239728994880192513,2020-03-17,02:43:20, tweet non legg per chied mot lavor non so caxx torn cas non vend organicom p iva vol darm 600 tantum rend cont graz port bandier italian
1239727083947020288,2020-03-17,02:35:44,pepp cass geometr strem non darann vai televison liber profession 500eur pecc scriv esclus iscritt cass professional
1239726834926923776,2020-03-17,02:34:45,pepp dimentic dar 500eur geometr vai television lavor autonom è previst 500eur 500eur pepp non vai television farc figur aiut
1239722535526137856,2020-03-17,02:17:40,decret colpofinal non vai ben neanc pul bagn stazion
1239721094711558146,2020-03-17,02:11:56,prezios contrib de elemosin p iva commerc artigian quand fin verrem mang parl
1239716896464875521,2020-03-17,01:55:15, mettitel cul
1239716418008027136,2020-03-17,01:53:21, liber profession iscritt cass previdenzial abbandon graz
1239713624081473536,2020-03-17,01:42:15, opportun part iva dat tantum cio dobb pag tass arriv amagg govern inett
1239708699377184776,2020-03-17,01:22:41,indenn part iva 500 redd cittadin 780 dirann ladr direm val 500 eur mes dichiar redd dovr 6 000
1239707361406828546,2020-03-17,01:17:22, ben president lavor priv stip cas non arriv pandemiacoronavirus cos peggior evit figl figliastr
1239706842042949638,2020-03-17,01:15:18, decret mand neolaur medicin sprovved indifes pericol inesp frontegg più grand minacc sal ultim è total incoscit governodelcontag
1239702703577710594,2020-03-17,00:58:51, cos non vist graz president
1239702130879070209,2020-03-17,00:56:35,comp digl italian farmac abidol darunav dann mazz ner famos coron virus merd graz già guar bye ps usciam prend fondell
1239701865505394693,2020-03-17,00:55:31,vergogn imbecill
1239701220069191680,2020-03-17,00:52:58,inmmagin cont che non prender stipend prossim pu divid ventin trentin famigl par
1239701187701673984,2020-03-17,00:52:50, decret vergogn fals pens davver italian cos stupid pagin precedent avet parol piccol commerc affog car president vergogn
1239700912635088905,2020-03-17,00:51:44,president part iva dichiar 33 intro usufru aiut non pens s la
1239700368893906945,2020-03-17,00:49:35,è aiut italian appen arriv venezuel italian nasc cittadin ital non pension perc inps respint domand arriv non diritt
1239700275990052864,2020-03-17,00:49:12, chied non dimentic caregiver sosten sostien
1239698840506314756,2020-03-17,00:43:30, 10 01 non controll front 24mil mal 2100mort dimission incapac
1239698465883590660,2020-03-17,00:42:01,graz president fid perc è person ben ce farem redheart flexedbicepsmedium lightskinton italy
1239698249935708160,2020-03-17,00:41:09,non scherz non è ufficial gazzett non non prendiamoc gir italian cacc ben non farl mor povert cironavirus
1239696823641673729,2020-03-17,00:35:29, lavor ben litig
1239696778993303554,2020-03-17,00:35:19,per non lavor non riesc usufru cass integr assunt mes scad contratt dovre spar
1239696493692497920,2020-03-17,00:34:11,togl parrucchin cont
1239694855661641738,2020-03-17,00:27:40, non chiud azi giust non avra grand camb posit dimentic prim sold sal cittadin tir avant non ver propr catastrof svegl
1239694800707899393,2020-03-17,00:27:27,ricord infermier bisogn è facil contratt ferm fam man coscienz
1239694478933241856,2020-03-17,00:26:10, giornal american dic anzian veng ignor lasc mor cas pu ver preg dic non è ver
1239693872277655552,2020-03-17,00:23:46, stagional inclus decret spett 600 contratt già inclus rifirm contratt non pot caus mess quaranten giust contempl
1239692764960481292,2020-03-17,00:19:22,prend amic macron è svegl tard pres misur decis non
1239690140907380737,2020-03-17,00:08:56, gruppett cosin dann calc lattin scoregg più
1239689980496220163,2020-03-17,00:08:18,cur ital salv ital ital contrar
1239689685515067394,2020-03-17,00:07:08, vergogn centesim aument pension eur popol aiut eur amic clandestin german franc caz omuncol insignific
1239689407738851335,2020-03-17,00:06:01, bimb non poss permett ricev 300 mes lavor 13 14
1239689182940979204,2020-03-17,00:05:08, è president bisogn buon mediator capac spicc sens pens averl sopravvalut non vogl bisogn person sbatt pugn tavol
1239689020923355137,2020-03-17,00:04:29, ok contratt sett
1239689014124457985,2020-03-17,00:04:27,prend più sold clandestin lavor difficolt vergognat fecc
1239688932515885056,2020-03-17,00:04:08, ricord lavor chiam contrib graz cuor figl disabil
1239688103079694336,2020-03-17,00:00:50, liber profession iscritt cass previdt non previst sospes pag far pag bollett tass dovr andar rub dovr furbett vergogn merd
1239686953165078530,2020-03-16,23:56:16, non abbandon lavor stagional hotel pres pochissim disoccup perc dator pag segn poch contrib non so lavor figl pens non credp
1239686280637755394,2020-03-16,23:53:36,graz professional spir trasmett seren italian è guid dio bened
1239686010147147776,2020-03-16,23:52:31, prend gir 500 600 tantum contentin non serv dov tutel titolar p iva
1239685624535363585,2020-03-16,23:50:59,vergogn
1239685365876903938,2020-03-16,23:49:58, talment rid bors continu croll eur part iva teng apert negoz pag tass magg pazz situazion bianc governodellavergogn contedimett
1239685350081138688,2020-03-16,23:49:54, vergogn potrest salv uscir è tedesc è pales evidenz eur ital eur german accord dimai cines ripart stò
1239685021163806722,2020-03-16,23:48:35,graz operai graz eur graz preziosissim indispens eur poss dorm tranquill mavaffancul pezzodimerd
1239684489166688256,2020-03-16,23:46:29, manovr piccol part iva mor blocc mutu tass spost settembr non andrann avant
1239682996325830657,2020-03-16,23:40:33, sincer non rend laure medicin abilit non mett discussion prepar teoric neolaur per piac sap mett man addoss pregress
1239682545920413701,2020-03-16,23:38:45,perc non german
1239681996647006209,2020-03-16,23:36:34,president distrubu mascherin presid medic gratis ospedal cittadin non poss uscir andar spes possibil mascherin ver non ricar swiffer
1239681728865882115,2020-03-16,23:35:30,signor president perfavor non approv mes non consegn ottus dottrinar bruxelles verr assed palazz chig cordial
1239681651694882816,2020-03-16,23:35:12,talment ben merc stabilizz doman titol cresc
1239681509637926912,2020-03-16,23:34:38, sa incul grand giusepp
1239681353274273801,2020-03-16,23:34:01,eur tantum dev vergogn piumin cipr
1239681219048112132,2020-03-16,23:33:29, pazz salv farc uscir gabb europe merd
1239681110432452614,2020-03-16,23:33:03, pezz merd fat andar lavor contatt risc contag è altissim non cacc eur opera non mett risc attacc macchin mort mass rinc
1239680045427417093,2020-03-16,23:28:49,non aiut indispens tant govern lott italian
1239679855316402176,2020-03-16,23:28:04,fondamental butt via sold alital
1239679730368069636,2020-03-16,23:27:34, pagliacc
1239679602206879744,2020-03-16,23:27:03, salv carrozzon alital già fall tutel realt compart airitaly ryan lavor migliai italian è 1 vettor ital merc nazional alitaliabast vergogn
1239677615637700608,2020-03-16,23:19:10, pmi partit non è mutu bollett affitt tass decret annient risc invest cre lavor non lavor percep rdc nemic non coronavirus
1239676629980512256,2020-03-16,23:15:15,graz colleg ricord avvoc ce ricord
1239676464376791041,2020-03-16,23:14:35,grand miglior president orgogl italian
1239676300639514628,2020-03-16,23:13:56,molt categor dimentic thinkingfac facewithrollingeyes chi non lavor con figl caric grinningfacewithsweat dom thinkingfac com far a percep thinkingfac fat sbagl dat person lavor fer pag dat aiut hear no evilmonkey facewithtearsofjoy facewithtearsofjoy
1239675195977355267,2020-03-16,23:09:33,pens artistimusic sport non calciator
1239674997179912204,2020-03-16,23:08:46,graz president ver cuor pens profession particol tant colleg avvoc tribunal chius dann incalcol graz graz graz thumbsup
1239673952068341761,2020-03-16,23:04:36, vergogn
1239673280077926407,2020-03-16,23:01:56,graz cuor stor rimbocchiamocileman iostocongiusepp
1239672546510938113,2020-03-16,22:59:01, smettetel polem pens salv pell pell salv lavor lent ripr bisogn string cing
1239672145627828224,2020-03-16,22:57:26,esci decret
1239672075167694848,2020-03-16,22:57:09,fat schif vergognat
1239671961422266371,2020-03-16,22:56:42, manc giusepp
1239670993741807621,2020-03-16,22:52:51, gett studentell sbarb neolaur medic mess numer chius limit special non non skills manual è facil infettin infettin struttur specializz
1239667275688525825,2020-03-16,22:38:05, iniz legg mirabil decret presaingiroital
1239666515663880192,2020-03-16,22:35:03,decretomarz decret eur partit ved giusepp non è merc fall sed stant fuoricl drag gest cris ten giusepp djfof giggin
1239666107746746368,2020-03-16,22:33:26, orator non dar cris port chiud sper non port iorestoacas ioscendoinpiazz
1239665844873048064,2020-03-16,22:32:23,1 chiud attiv star cas 2 pag fitto imu utenz sopratt sostegn 2 cig chi procedur cost caric non vad è undecret propagand non curc bel
1239665717865316352,2020-03-16,22:31:53, vien decurt bust pag mister cont sacrif dispost ministr govern solidariet lavor italian
1239664997543948288,2020-03-16,22:29:01, caramell bisogn ben è person perben non lasc condizion que lestof polit
1239664890056445960,2020-03-16,22:28:36, paes lockdown prim mess coprifuoc chius front eccett merc e permess sanitar diavol aspett dispieg controll inaspr norm andiam disastr
1239664455862157313,2020-03-16,22:26:52, è situazion defin border lin è eufem in pass sicur pot
1239663331096563717,2020-03-16,22:22:24, mln alital vergognat
1239662884323504130,2020-03-16,22:20:38,vergogn vergogn mort vergogn soffert vergogn dolor verr perc govern prim respons traged imman incapac
1239662449722302464,2020-03-16,22:18:54, president è
1239662171124109313,2020-03-16,22:17:48,graz president grand ringraz destin tragic non man qualcun
1239661238038167553,2020-03-16,22:14:05,poss legg decret
1239660251345027075,2020-03-16,22:10:10,tir coglion
1239659899040260096,2020-03-16,22:08:46,president cont sforz period verrann ricord scritt libr stor rend più orgogl italian
1239659247857733633,2020-03-16,22:06:11,president chiud dev riman alimentar negoz prodott primar necess farmac apert tropp anzian gir giornal gioc supernalott bambin cerc gorm caramell edicol
1239659030555090944,2020-03-16,22:05:19, bast ascolt razzist mes non contag mort pagh car car sol parol vergogn coronavirus curaital covid19 covid19ital
1239658489930285056,2020-03-16,22:03:10, decret incur italian vuo
1239658432707387392,2020-03-16,22:02:56, avvoc partit dar 600eur tantum prend migrant tass iva contrib vers fisc ital clandestin datel pension ital minim decret curaital
1239657118921359361,2020-03-16,21:57:43,finc non cap chiud stud professional
1239657016110518276,2020-03-16,21:57:19,chiud stud professional
1239656895272681474,2020-03-16,21:56:50,eur italian più mill clandestin grand
1239656889044160520,2020-03-16,21:56:48,chiud stud professional
1239656772127907843,2020-03-16,21:56:20,chiud stud professional doubleexclamationmark doubleexclamationmark doubleexclamationmark doubleexclamationmark doubleexclamationmark clinkingglasses
1239656729601871873,2020-03-16,21:56:10,chiud stud professional doubleexclamationmark doubleexclamationmark doubleexclamationmark
1239656684462706689,2020-03-16,21:55:59,continuer finc non rispond chiud stud professional
1239656557845123072,2020-03-16,21:55:29,chiud stud professional
1239656459144777733,2020-03-16,21:55:06,chiud stud professional
1239656417440694273,2020-03-16,21:54:56,chiud stud professional
1239655810525003778,2020-03-16,21:52:31, pass trist period nazion sar res cont incapac
1239655415941660678,2020-03-16,21:50:57, vol mort autonom ultim
1239655255429832711,2020-03-16,21:50:19, ascolt prim opposizion sol arrog sol cor buonist sol fint moral affront minor consegut sciagur cifr invest è insufficient far ripart paes insegn
1239654867981029379,2020-03-16,21:48:46,600 elemosin pot dar medic infermier camp aiut mal nonsietecapacidisalvarelital
1239654513277050881,2020-03-16,21:47:22, tantum part iva percettor rdc manten clandestin continu sbarc pileofpo loudlycryingfac pileofpo
1239654386139267073,2020-03-16,21:46:51, pavon torn pollai
1239654323765862401,2020-03-16,21:46:37, dipendent stud professional colp cris perc azi client sospend consegut non guadagn non pag commercial consulent lavor mett cig derog è previst
1239653552663990275,2020-03-16,21:43:33,graz president segu stim ammir scriv provinc rc preoccup sistem sanitar già affann tem non regg picc contag previst conosc situazion preg prend cur
1239652275057864706,2020-03-16,21:38:28, non saper legg scriv staman cartell equital ma
1239651715428888577,2020-03-16,21:36:15,manc misur specif impres lavor edil
1239651457273602049,2020-03-16,21:35:13,car president cris mon dirigent ital port decenn tagl sanit mal govern dover trem paur dov constring abit preg car dio ve rend mer
1239651297722273793,2020-03-16,21:34:35, affitt sospes affitt cas tant viv non potrann permett pag april lavor sar previst decret affitt president
1239650983321505794,2020-03-16,21:33:20, rispost italian stronz è sol vaff cialtron contedimett
1239649752775565314,2020-03-16,21:28:27, nullit total è espress
1239649346590838789,2020-03-16,21:26:50, sold alital manten quota100 rdc deb spall perc non cancell schif
1239649236574253056,2020-03-16,21:26:24, ospedal costru tribunal fall ferm pagher finir sangu disper gener cazz manovr prorog gg
1239649235819208707,2020-03-16,21:26:24,sper modific parl mess serriman già ministr rimand april aggiust cont bifront deleg serviz segret è incompetent
1239649220694626305,2020-03-16,21:26:20,mort 30 000 infett cas non lavor non pag utenz stacc luc gas popol fin emergt cominc cor president speranz è mic deced siccom non poss funeral
1239649048560312322,2020-03-16,21:25:39, previst manovr util chied amic manfacepalmingmedium lightskinton 1 settiman partor manc fatt chiud neanc previst cass integr cos previst compl
1239648801071259651,2020-03-16,21:24:40, turn nott graz mascher ah scus manfacepalming
1239648786634465283,2020-03-16,21:24:36, non cap mazz decret risult non firm già pien richiest chiar non è govern lasc perd graz p s personal
1239648705977950208,2020-03-16,21:24:17,sembr mand messagg rig irrit inconcludent
1239647416950960128,2020-03-16,21:19:10, dov svegl prim presid raccogl cocc
1239647416615342087,2020-03-16,21:19:10, migrant spend più 1 000 mes continu accogl lavor autonom elemosin 600 thumbsup cap valg italian sicur prossim elezion degn rispost maggior italian
1239647370507366403,2020-03-16,21:18:59,president apprezz impegn continu consent esod sud non fin più non cred vol
1239647135936757760,2020-03-16,21:18:03, sa è so più non può non grand risors sosten cris sal
1239646952452694018,2020-03-16,21:17:19, decret parl perc gazzett non
1239646923583348737,2020-03-16,21:17:12,dimettet vergogn assol muor promett mancett ricord incapac presunzion
1239646914053910530,2020-03-16,21:17:10, aspett più settor turism
1239646184945434625,2020-03-16,21:14:16, cin mett quaranten propr citt costru ospedal abbracc cines dav razzist vol sicurezz siet ritard respons mort influenz
1239645935736688643,2020-03-16,21:13:17,vergognat
1239645300907704322,2020-03-16,21:10:45, thumbsup per stopmes
1239644768239583232,2020-03-16,21:08:38, part iva guadagn 10 000 preced acced aiut previst decret curaital pratic pension social parametr povert dipendent vol prend gir curaitaliapartit
1239644757325905920,2020-03-16,21:08:36,continu ringraz president bla bla bla
1239644618981064705,2020-03-16,21:08:03, impieg decret vergogn decret non assolut famigl bugiardaggin unic orma ciò non è più credibil ricord ital traditor
1239644213735817218,2020-03-16,21:06:26,car cont sold german stanz tenet pront italian divent tedesc punt compr impres caus elemosin italian costrett svend vint guerr
1239644128528470016,2020-03-16,21:06:06,stran legg sent segretar part inutil
1239643350887784448,2020-03-16,21:03:00,oper emergt non è nè sar facil tropp critic incapac graz sforz profus
1239642489402929152,2020-03-16,20:59:35,president staman pag graz bell parol
1239640140848472064,2020-03-16,20:50:15, ultim coronavirus uccis person min semplic influenz womanfacepalming microb
1239639903325097987,2020-03-16,20:49:19, pres cul inutil vuol polit clownfac clownfac clownfac
1239639420648796164,2020-03-16,20:47:23,cont profession sant dev vot aiut possibil dipendent cos tutel abbandon
1239639418564206599,2020-03-16,20:47:23,è problem sanitar continu ved non speranz man protagon
1239639067744231426,2020-03-16,20:45:59,graz mill eur autonom p iva è valor ricord chied pag tass invit prov camp mes eur parl
1239639049620656129,2020-03-16,20:45:55,perfett inutil buffon cit
1239638535684026369,2020-03-16,20:43:52, non
1239638224382889990,2020-03-16,20:42:38,non è perc german stanz eur 25
1239638165989871616,2020-03-16,20:42:24, govern miser prim infett dat vergognat
1239637881553027075,2020-03-16,20:41:16,sapp possibil ringraz redheart ci sar sput sentenz gratu gust farl già sap buon lavor
1239637501368811520,2020-03-16,20:39:46,vergogn dovre dimostr 33 fattur acced bonus mutu prim cas viv 10 già pezz cul chius attiv
1239637410847342592,2020-03-16,20:39:24,ehi dà rett invent scus coronavirus esci scen spar silenz più bell figur fid
1239637302550368258,2020-03-16,20:38:58,fat rid stamp monet eur monet parallel togliet pall
1239637128696549377,2020-03-16,20:38:17, aspett subaltern merkel
1239636454172536832,2020-03-16,20:35:36, part iva non pag neanc graz
1239636416168067073,2020-03-16,20:35:27,500 piccol part iva non sembr tropp
1239636376024383488,2020-03-16,20:35:18, bisogn chiud fabbric azi paur uscir cas
1239635713911590912,2020-03-16,20:32:40,car president impegn mill difficolt provved pen ser emergt pens propr profitt commercializz prodott sanitar non prezz esorbit dann cittadin graz
1239635388282613765,2020-03-16,20:31:22,narcis trasform mix incompett mascher ideolog fast food contedimett vogliamovot
1239635355411898375,2020-03-16,20:31:14,non bast period vol prend cul
1239634990343864320,2020-03-16,20:29:47,president ricord azzer affitt è lavor trov mil blocc coronavirus graz
1239634779148095491,2020-03-16,20:28:57, pag pag mill cos graz viv davver tranquill part iva dovr smett pag ved viv polit pass catastrof complic verrem cacc
1239634657085476865,2020-03-16,20:28:28, vinc sforz rived non comport ben confront riflett president popol meravigl non mer graz
1239634034193506307,2020-03-16,20:25:59,vatten lascic pac lasc ital vai europ trov pagh ugualmentem vatten casalinovatten
1239633858804559873,2020-03-16,20:25:17,car giusepp prim cur dov cur perc mal protagon arrog presuntu più mett trascin baratr perc schi tratt zerbin vergogn dimett
1239633733927309312,2020-03-16,20:24:48,stop contrast polit promuov smart city citt intelligent ottimizz innov serviz pubblic econom ad lavor agil telelavor ricett elettron comprend pandem usar mezz ferm medicinal sperimental
1239633683486838784,2020-03-16,20:24:36,president 35 eur garant cas bell tranquill president iorestocas
1239633450098995202,2020-03-16,20:23:40, non ben chiar part iva vess numer tass pesant penalizz somm eur dovrem viv famigl prend cas redd cittadin sdegn
1239633151376470016,2020-03-16,20:22:29, primar continu tem babbe premier non sa manc
1239632895817453571,2020-03-16,20:21:28,wow eur dat diec part iva non sar graz
1239631935711911942,2020-03-16,20:17:39, president super ciò protegg contag prend fort misur chiusur controll ten quaranten spost ital
1239630652397555713,2020-03-16,20:12:33, tirapied cred dar rispost difficolt econom anzi vend sap benissim ciò dic è menzogn non sicur livell sanitar gir
1239630490518388745,2020-03-16,20:11:54,graz aiut sfratt tratt fecc graz president essers ricord compl clappinghandsmedium lightskinton clappinghandsmedium lightskinton clappinghandsmedium lightskinton clappinghandsmedium lightskinton
1239630402177896453,2020-03-16,20:11:33, dat part iva assegn non pag neanc rocc casalin mett tasc 16 00000 mes sent ben
1239630394754031621,2020-03-16,20:11:31,conged parental 50 dell stipend genitor singl figl cas camp
1239630096438263808,2020-03-16,20:10:20, miser alital eur p iva tantum fatem uscir
1239629992801325056,2020-03-16,20:09:56,insomm una merd se iscritt cass previdenzial non inps non abbandon di più per pag sold buon eh veng ment bestemm
1239629904263745540,2020-03-16,20:09:35,president famigl monoredd sol arriv bollett enel riscald 222 per famigl priv non sospension pag
1239629689498599425,2020-03-16,20:08:43,president spieg fantomat fluss sa ignor econom vorrebb dirc moltipl spes pubblic govern è par 14 gesù pan pesc
1239629433008525312,2020-03-16,20:07:42, sar process popol proporzion vist traditor
1239629119798870017,2020-03-16,20:06:28, cur continu sinfon arriv prossim dimett lavor è capac vuol salvin mort non bast dic dev mor prim ferm
1239628964970315776,2020-03-16,20:05:51,vergognat sold statal parass sold alital assunzion facil parass miser azi part iva fat schif dov spar
1239628817792208899,2020-03-16,20:05:16, sold salv alital non è più giust impieg support dimostr merit sanit primis darl sperper aiut
1239628713785995264,2020-03-16,20:04:51, part iva pens ultim terr ghost lov yougestur rainbow
1239628664075177985,2020-03-16,20:04:39,cerc ser gg rispost import ve darann imprenditor italian
1239628571532017666,2020-03-16,20:04:17,eur part iva mortacc balord
1239628305185333250,2020-03-16,20:03:13,liber verit bas notiz gratu alcun fond fatt legg nom giornal è convint liber dic verit president cont è denunc sopratutt delic
1239628174025252869,2020-03-16,20:02:42, vist sciocchezzebighellon per non dir insultaregliss problemat non esprim uman solidariet dovr critic governo component lavor nottetant pallid pallid
1239628017263132672,2020-03-16,20:02:05, non vergogn riesc dorm nott
1239627718133788672,2020-03-16,20:00:53, vergogn stipend fiss
1239627580023746565,2020-03-16,20:00:20,sicur cos eur tantum una elemosin
1239627328646459393,2020-03-16,19:59:20,fat ben cont piccol impres prim chiud
1239627306165026818,2020-03-16,19:59:15, grand democrist dio sa ce estrem bisogn qs drammat patr ns graz
1239627213726724102,2020-03-16,19:58:53, non parol 500 tantum part iva govern cerc risolv problem pot dov evit stipend fiss ce sicur mes
1239627055681220610,2020-03-16,19:58:15, spost dat inps inail tass pagh prossim mes lavor prossim mes
1239626975939043333,2020-03-16,19:57:56, categor professional car president ricord è avvoc decret non ved provved colleg dimentic sper provved perc car cass forens non tutel
1239626848306429952,2020-03-16,19:57:26, bollett tass ced decret curaital non risolv problem de italian ital
1239626711114952704,2020-03-16,19:56:53, scans equivoc ridic fin maraton virus darem battagl affinc evapor più prest
1239626680278429698,2020-03-16,19:56:46, non president educ tolt parentes gentilon e lavor è buon iniz
1239626660594569216,2020-03-16,19:56:41,spar
1239626527395979266,2020-03-16,19:56:09,dat liquid dirett azi per manten propr lavor continu esist
1239626119827140610,2020-03-16,19:54:32, scus premier cont cittadin italian piccol impres ristor barist pizzer piccol azi costrett chiud attiv covid19 decret curaital non
1239626080597807104,2020-03-16,19:54:23,president buonaser vorre porr attenzion problem corrier circol liber non consegn ben prim necess cas cas corr corr risc contag contag
1239626066685198336,2020-03-16,19:54:20,egr avv cont infermier medic chied ospedal sanit è compett region cred debb dar personal mand dar lustr territor appartent
1239625559367442438,2020-03-16,19:52:19, attiv pag 3mil eur mes affitt eur rispost difficolt marz april chiud decin migliai eur tass pag annivo dat eur
1239625098224689152,2020-03-16,19:50:29, vaffancul asin gualtier ciucc vergogn
1239624825129373699,2020-03-16,19:49:24, eur decret curaital non recuper fitt marz pag anticip iniz mes
1239624552273108995,2020-03-16,19:48:19, verr pubblic
1239624325180899328,2020-03-16,19:47:24,stuff vuol pigl sold pubblic rdc rob simil pag tass cerc prend sold pubblic tass rdc abol
1239624182280982531,2020-03-16,19:46:50,crediamoc
1239623901459734531,2020-03-16,19:45:43, lament 600e pens trov sti sold vai fer agost guadagn p iva non sold frontegg situazion simil 600e abbstanz dev mess sold
1239623849332953089,2020-03-16,19:45:31,non deus machin risolv problem pedin gioc più compless prest italian cap è ruol
1239623586190630913,2020-03-16,19:44:28,buonaser non econom neanc polit piccol imprenditor rispett propr dover andrebber rispett già pag dov sper dat util sistem sanitar pensatec
1239623538111283200,2020-03-16,19:44:17, facewithtearsofjoy facewithtearsofjoy facewithtearsofjoy winston maglian facewithtearsofjoy facewithtearsofjoy facewithtearsofjoy non vergogn covid19ital
1239623302857068545,2020-03-16,19:43:21, dov chiam prend cul lavor più cons
1239623102637559809,2020-03-16,19:42:33, perc non dit verit
1239622803613257729,2020-03-16,19:41:22,graz pe eur autonom cos almen riuscim pag condomn mes
1239622753386364928,2020-03-16,19:41:10, promoter contratt chiam esclus stipend almen 1mes
1239622361319686147,2020-03-16,19:39:36, seren è arriv decret inculaital
1239622313764687872,2020-03-16,19:39:25, fenomen graz settiman sold mand via amazon perc uffic chius tratt piccol impres fat schif
1239622158302818306,2020-03-16,19:38:48, attiv prim line coronavirus all1 2 dpcdm esclus rappresent edicol stazion ferroviar non lavor febbrai brutt figur president
1239621980690821121,2020-03-16,19:38:05, profession di qualsias ram valg 600 mensil grand opinion
1239621956531417088,2020-03-16,19:38:00,car president profession marz sosten eur dov dar allin vs compens dar tagl secc svar decin migl eur percep fiduc popol soffr
1239621933278400513,2020-03-16,19:37:54,grand cont fortun premier orgogl
1239621719431806983,2020-03-16,19:37:03,sper cocopr call center cas redd
1239621716252463107,2020-03-16,19:37:02,fatt è
1239621237002903559,2020-03-16,19:35:08,dimett capr
1239620880873017347,2020-03-16,19:33:43, pass non rest italian succed perc decess curaital
1239620400700624899,2020-03-16,19:31:49, part iva massacr vergogn
1239620381616623618,2020-03-16,19:31:44,eur vergognat
1239620120160481281,2020-03-16,19:30:42, decret ammazzaital sa mettersel contedimett
1239620059234021381,2020-03-16,19:30:27, sa sindac interpret manier autoritar personal decret coprifuoc democrat non più diritt
1239619852828114945,2020-03-16,19:29:38,vergogn
1239619776026234880,2020-03-16,19:29:20, lett sicur azi profession pmi davver cos situazion gravissim period amplific cors sicur lett se lontan realt
1239619441152983040,2020-03-16,19:28:00,aspett decret italexit
1239618669057126414,2020-03-16,19:24:56,dimett
1239618243230302208,2020-03-16,19:23:14, dimett
1239618145175945221,2020-03-16,19:22:51, non cred neanc
1239617995074387968,2020-03-16,19:22:15, zitt unic notevol prorog accert fiscal non ve fat tantin schif
1239617882050433025,2020-03-16,19:21:48,ital italy paradis pover trasmett mar paes disprezz povert preg pover bisogn gentilezz dio invit pover
1239617739641229312,2020-03-16,19:21:14, ital vergogn govern inadegu capac proclam europ teng consider vergognat
1239617658062077952,2020-03-16,19:20:55, non più import sal possibil default facewithtearsofjoy mo tocc sold coron virus non ve freg ved
1239617648159264769,2020-03-16,19:20:52,vergognat rinunc stipend regalatel azi inutil spost pag chiud mor ital vergogn
1239617282147520513,2020-03-16,19:19:25, ven barcon via mar più più schif pidocc dat ve riprend bollett elettr canon rai mascherin dat cittadin vergogn
1239617190942425088,2020-03-16,19:19:03,president curaital non sent abbandon fondell part iva mazz cred neanc immagin 600 tantum immigr arriv fantomat zon guerr 1000 mes non ben
1239617045446172672,2020-03-16,19:18:29,lombard inquin smog lombard contag cresc 1 367 unit vittim posit virus 14 649 decess total 6mil ricover
1239616993927614464,2020-03-16,19:18:16, contag ital 23mil defin trend cal decess guarigion ital mort cas posit 2749 10mil mal isol cas vittim 2 158
1239616876763910144,2020-03-16,19:17:49,president avvoc non dat rispost serv aiut concret profession eur non poss riten
1239616591358197768,2020-03-16,19:16:40,part iva
1239616445786578948,2020-03-16,19:16:06, bisogn ahim messagg costant non abbass guard xchè non mand sms mattin ricord star cas è core è riusc argin focola celafarem iorestoacas
1239616181499297792,2020-03-16,19:15:03, provved avvoc iscritt cass forens parol
1239616036929929218,2020-03-16,19:14:28,ottim
1239615963865264129,2020-03-16,19:14:11,aspett pubblic test vergogn indegn livell infim miserevol consulent econom avvocatucol gioc premier
1239615798727053312,2020-03-16,19:13:32, aspirin covid 19 schi leccacul commission europe bce chied mes sar mort grec farem cont
1239615690644115457,2020-03-16,19:13:06,mort pension immun gregg è ital svegliat ferragost chiud fabbric settiman non succed chiudinor necess problem svegl italian boris
1239615558443847680,2020-03-16,19:12:34,continu lavor risc contegg eur non ben
1239615415489265676,2020-03-16,19:12:00,president debell virus mogl 1800km distanz non uccid virus uccid rinchiud domiciliar preg
1239615377459556353,2020-03-16,19:11:51, cos inadegu sper part tagl decis spes pubblic non necessar tra cnel enti provincial partecip reindirizz risors sanit istruzion ricerc cost lavor
1239615187080134657,2020-03-16,19:11:06, cur dimission nuov elezion
1239614930552266759,2020-03-16,19:10:05,fat pag liquid aspett frutt
1239614881185312769,2020-03-16,19:09:53, mort aument chiud almen gg supermerc farmac è più import
1239614841196855296,2020-03-16,19:09:43, trambust sold alital tip che cul cazz ricap più sistem carrozzon per non guard non è cur
1239614449880834049,2020-03-16,19:08:10,buonaser signor president ital europ dic ide europ camb confin chiud aiut inesistent union europeaquest union cialtron mett vincol distrugg sud
1239614398320316417,2020-03-16,19:07:58,grand president unic speranz tant italian rival polit non critic cerc prend vot italian fid president non abbandon
1239613991447662593,2020-03-16,19:06:21, vorre cap azi trov magg sold non entrerann situazion cos aiut è cancell non spost avant problem
1239613884207685639,2020-03-16,19:05:55, sicur massim possibil perc riteng uomin ser pagliacc sol avvolto polit approfitt non sapp meccan econom darebber italian sold vogl che so eur test
1239613649595052033,2020-03-16,19:04:59, non firm non legittim popol firm nomes noesm stopmes euromaf italexit
1239613429662593024,2020-03-16,19:04:07, piac sap lament pag ver tass chied amic suv elementar non pag centesim mens scolast figl perc imprenditor guadagn miser
1239612840383668224,2020-03-16,19:01:46,perc cur consegut recid infezion postum più annunc dic prend intend spend italian interess postill
1239612762822770690,2020-03-16,19:01:28, decret puo dimett lasc più competent non port prim nazion contag cin vergogn
1239612638155411464,2020-03-16,19:00:58,coglion più veng tolt lavor non serv non soluzion dov chiud attiv non essenzial pagliacc assassin merd
1239612538305818625,2020-03-16,19:00:34,contedimett german contedimett
1239612480390926337,2020-03-16,19:00:20, diritt sap mand par non dat
1239612309288497154,2020-03-16,18:59:40,andat fancul luinon merit
1239612309007470593,2020-03-16,18:59:40,100 lavor dipendent relazion lavor è present marz ficcatevel cul stronz dov dimett dimett arriv 100 bruc
1239611980924813313,2020-03-16,18:58:21, agent commerc
1239611792772530176,2020-03-16,18:57:36, aspett kit lavor mascherin disinfett cont vien lavor
1239611741337681920,2020-03-16,18:57:24, ferm contag bisogn chiud supermerc farmac
1239611036795375616,2020-03-16,18:54:36, tirocin extracurricular cas non poss pag sospension tirocin tant tant accett contratt speranz stabil
1239610656808210434,2020-03-16,18:53:06,codogn zer contag non prend cin cas esper rest avantituttadrittinellamerd comod p pension pag iorestoacas lavor
1239610423177089024,2020-03-16,18:52:10, famigl sufficient eur spes chiss potr eur tantum lavor autonom neanc funeral propr attiv
1239610294533591041,2020-03-16,18:51:39,eur 600 prend redd cittadin assurd
1239610288737062919,2020-03-16,18:51:38, alital spieg cortes perc post terap intens poss cre fond user nazionalizz decott
1239610099666243584,2020-03-16,18:50:53, poch protezion civil sistem sanitar
1239609664603652096,2020-03-16,18:49:09, è gran signor blueheart
1239608859314065408,2020-03-16,18:45:57,mett segreter telefon è più efficient
1239608761389588481,2020-03-16,18:45:34, vergogn vergogn illud pass ero patr cred è mer illusion accorg prest
1239608647866597377,2020-03-16,18:45:07, sal opera eur ridicol pagliacc vacc fabbric ved sanit è buffon cas
1239608580489261057,2020-03-16,18:44:51,sukaital dov chiam cos pagliacc
1239608354466598913,2020-03-16,18:43:57, miser italian ben rifiut briciol miser
1239608104645468163,2020-03-16,18:42:57, president apprezz sforz uniticelafarem
1239608090053562368,2020-03-16,18:42:54,port sfig punt
1239607919877988357,2020-03-16,18:42:13,pernic incapac ferm istituzional non è dov sodal mai bonafed per tacer casalin
1239607637001621514,2020-03-16,18:41:06, spiac non dat cazz azi difficolt prorog scadenz irpef facewithtearsofjoy riusc trov sold rai rai schif vergogn
1239607521175896067,2020-03-16,18:40:38, sol supercazzol
1239607421510782980,2020-03-16,18:40:14, decret cu l a ital curaital
1239606343352356864,2020-03-16,18:35:57, ministr può sap mot parl tra europe affront tem coronavirus estromett più colp stup italian stanc europ franc tedesc non guard
1239606039827427334,2020-03-16,18:34:45,non è possibil rest chius cas scler oltretutt distr guard tv è coronaviruws bastaaaaaaaaaaa spar
1239605371142111235,2020-03-16,18:32:05,aho presid gius poss sonor pernacc
1239605236760788995,2020-03-16,18:31:33, è ver union nazion ved profond difficolt emergt ital grandissim president cont foldedhands greenheart redheart
1239604895973609476,2020-03-16,18:30:12, già difficolt economichenon raggiunt redd cittadin isol non spes protezion civil mett num di telef segnal graz
1239604564132794373,2020-03-16,18:28:53, disoccup prolung lavor colp è serviz segret non dov
1239604563398791168,2020-03-16,18:28:53, risors inps dat mes italiam lavor dat mes car stagion car special maggior complet oppost car figur compars magic dimett ritorn
1239604482352320523,2020-03-16,18:28:33,attenzion perc lavor sopratutt dipendent giust xchè controll ser azi priv pratic non esist denunc perd
1239604394322268160,2020-03-16,18:28:12,verr
1239603945414279173,2020-03-16,18:26:25,non cap perc fmi non chiud bors perd cifr non cap perc non
1239603676509077509,2020-03-16,18:25:21, dicembr chiud p iva chied redd cittadin altern port barcon lampedus
1239603065856110595,2020-03-16,18:22:56, successon tweet eh giusepp slogg contedimett
1239602539567472644,2020-03-16,18:20:50, germany europeanunion 550miliard italy 25miliard
1239602506877095938,2020-03-16,18:20:42,franc locatell non cap difficil parl chiar farmac rifer
1239602363926818816,2020-03-16,18:20:08,mort contedimett
1239602061794324482,2020-03-16,18:18:56, alital giovan medic vaffancul pezz merd
1239602038410969089,2020-03-16,18:18:51,contedimett incapac massacr non spocc
1239601877899149316,2020-03-16,18:18:13, decret salv econom pover
1239601818755305480,2020-03-16,18:17:58,ve dov andareeee
1239601524302581763,2020-03-16,18:16:48,500 tantum pag mar trib 1200 arriv clandestin non mot datem cittadin tunisin andateven cul decret governodellavergogn cont
1239601473450905600,2020-03-16,18:16:36,graz avrò 500 tantum sol parol vergogn
1239600614117650432,2020-03-16,18:13:11, mutu cariparm prel cul coronavirus
1239600409162981377,2020-03-16,18:12:22, lavor settor turism orma è terz settiman cas hotel chius turism registr fattur cresc rovin polit neon mes manten graz incert
1239600254166740994,2020-03-16,18:11:45, foldedhands
1239600248001003521,2020-03-16,18:11:44,cost chiud front port tampon popol fin non altra soluzion
1239599894530310144,2020-03-16,18:10:20,zingarett vuol dar forlan ong è ver preoccup coronavirus sar problem malatt combatt cittadin meritam sanit pubblic efficient sicur forlan è cittadin
1239598803948392450,2020-03-16,18:06:00,graz alital può bruc seren 600 000 000 respir polmonar compr evident rianim compagn bandier putrefatt cittadin viv
1239598729704935430,2020-03-16,18:05:42, soluzion riprender capell è torn stamp monet sovran monetar situazion emegenzial tip è indispens ciò sistem econom è finanziar è fraudolent buon lavor
1239598666559692803,2020-03-16,18:05:27, affid second maggior divers espress molt riserv riconosc fortun è staff gest più grand cris dopoguerr graz president
1239598635471507464,2020-03-16,18:05:19, dio dimettet
1239598478386507777,2020-03-16,18:04:42,ficcatevel cul eur
1239598292272635905,2020-03-16,18:03:58, ma osann mediocr personagg lett ben decret ennesim cul non più aggett govern inett rest volgar
1239598160604995585,2020-03-16,18:03:26,cominc scapp telefon cin ved cul
1239598003700318208,2020-03-16,18:02:49,prezios contrib chè cris far più vittim coronavirus ambul sar maceller social graz president
1239597839724011520,2020-03-16,18:02:10,vaffancul sai eur non pag rif clownfac clownfac clownfac
1239597824217579523,2020-03-16,18:02:06,autonom 600 clandestin 1000 dio
1239597774699671552,2020-03-16,18:01:54, fug incarn sbagl più esatt fregaital contedimett contevirus pdr mattarelladimett governodellavergogn governodelcontag
1239597737244528641,2020-03-16,18:01:45, crucc stamp conosc signific stamp sold la car fall pezzent vergogn italian consider clandestin pagh tranquill dio ved provved
1239596954109317122,2020-03-16,17:58:39,decret ammazz ital arrest domiciliar risc che tagl utenz neanc blocc mort infett mand mascherin cart igien ospedal maledett figl p
1239596906386468865,2020-03-16,17:58:27,buffon
1239596893979672579,2020-03-16,17:58:24,eur part iva vant squallor vivic eur affitt
1239596868365168648,2020-03-16,17:58:18,ricordat bors specializz medic non previst finanz dev consider vist prossim concors redd cittadin non far lavor trov sold almen post più warning warning
1239596727335821322,2020-03-16,17:57:45, bors specializz manc special manc fin emergt aumentatelebors
1239596613791875073,2020-03-16,17:57:17,sap laure master consult professional govern valg 600 è davver incomment decret coronvirusital cont covid19
1239596473563713543,2020-03-16,17:56:44,dimettet pagliacc clownfac
1239596375723171844,2020-03-16,17:56:21, ritegn è andat perd aiut trov
1239596342772666369,2020-03-16,17:56:13,benissimol azi non vuol usar cass cos star cas a rotazion ci consum fer
1239596316373716992,2020-03-16,17:56:07, lavor invalid patolog grav non
1239596279942057992,2020-03-16,17:55:58, ingiust mess parametr rialz imped domand redd cittadin vien dat non spettaquest aiut cris
1239596185935060992,2020-03-16,17:55:35, stipend rest invar solidariet andret avant 500 mes ripartt ital cos sap
1239596110605410304,2020-03-16,17:55:18,cont italian non vogl non vot andarsen
1239596064396713986,2020-03-16,17:55:06, usat traged dar sold alital vergognat
1239596018410360834,2020-03-16,17:54:56,dev chiud azi
1239595971920699392,2020-03-16,17:54:44, italiaforz ital c ted ivo thumbsup loveletter
1239595853209272321,2020-03-16,17:54:16,cont vergogn firm mes finanz spes coronavirus attendet popol ital arrabb
1239595821869469696,2020-03-16,17:54:09, pension debol ritrov manten figl disoccup
1239595742530060290,2020-03-16,17:53:50,president potessim decret potr inform contribuent cittadin graz
1239595733772369922,2020-03-16,17:53:48, pres gir italian opposizion chied ben cap bisogn simul rend credibil per car president lim
1239595522198994945,2020-03-16,17:52:57, non vogl mett comun dat piccol contrib aliment famigl rinchius mercoled bollett pag
1239595355244724227,2020-03-16,17:52:17,pres sa govern non è sent abbandon giovan medic non destin 1cent scuol specializz occasion sprec bors prim scritt bozz depenn criter programm sconosc
1239595277780242432,2020-03-16,17:51:59,ovvi graz cont è dipendent senn non cap amarezz
1239595095785123840,2020-03-16,17:51:16, pag affitt mutu tass p iva è
1239594940272914432,2020-03-16,17:50:38, poss trov decret
1239594890658484231,2020-03-16,17:50:27,non consider turism andav blocc affitt gestor pag mutu proprietar immobil settor turist gener non è consider è vergogn
1239594889064652800,2020-03-16,17:50:26, per dev ringraz bimb giusepp cont
1239594752678469634,2020-03-16,17:49:54, affitt uffic pers lavor ben riaprir prov sap già p i rimett pell non vogl aggiung preoccup pens graz mill recont
1239594668226207747,2020-03-16,17:49:34,graz president
1239594639172292608,2020-03-16,17:49:27,vergognat rinv magg marz dovrem pag april pien chiusur incapac
1239594559325306882,2020-03-16,17:49:08,vigliacc
1239594468925415424,2020-03-16,17:48:46,giusepp cas lavor puo chiud vorr poter star cas paur
1239594397802651648,2020-03-16,17:48:29,mentecatt governodellavergogn
1239594352730689536,2020-03-16,17:48:18,buongiorn president sfugg lavor domicil non assolut tutel provved dann contrib fondamental redd famil
1239594335152324608,2020-03-16,17:48:14, sicur finor stuzzic i dent pag neanc giusepp piantal ball
1239594275924566017,2020-03-16,17:48:00,attention normberg è
1239594117681774593,2020-03-16,17:47:22,chiud scuol
1239594101026275328,2020-03-16,17:47:18,vogl far pass mes cost stor dir personal camb
1239594065424986114,2020-03-16,17:47:10,è ver mess marchett vs amic è pericol gioc pell popol governodellavergogn
1239594044273168390,2020-03-16,17:47:05, verr pubblic gazzett ufficial laur medicin aspett cap è inclus abilit
1239593960256880641,2020-03-16,17:46:45,ital non chied permess burocr mangiapaneatrad eu spend propr sold schenghen fall confin chius paes vicin non amic sanguisug ital grand prescind c ted ivo
1239593891935989762,2020-03-16,17:46:29, cazz non azzard firm mes
1239593859971235842,2020-03-16,17:46:21, rest cas non pagh enel gas acqua ci tagl utenz
1239593662511792129,2020-03-16,17:45:34,president poter aggiorn attual non redd nè lavor è situazion difficil
1239593646527320066,2020-03-16,17:45:30,contedimett governodelcontag governodellavergogn giusepp cont vergogn
1239593599907565572,2020-03-16,17:45:19,avant cos unit graz
1239593493288321025,2020-03-16,17:44:53, fatec trov mascherin introv lavor escon que min spes preven non strument
1239593293304016899,2020-03-16,17:44:06,inculaitalian cant poggiol bisogn ammazz
1239593290284118017,2020-03-16,17:44:05, fum w italy
1239593186307301377,2020-03-16,17:43:40,graz dio non vogl pens dann quegl indebit divent plurimiliardar
1239593130254573568,2020-03-16,17:43:27,chiud front dement almen ordin
1239593010440142848,2020-03-16,17:42:58, non poss percep lavor ser è ser b
1239592920405155840,2020-03-16,17:42:37, mattin guard specc dio sant dimett rovin nazion coscienz rovin almen più gust non scriv cag
1239592782186119168,2020-03-16,17:42:04, tagl fond bors special serv form medic medic esalt perc trice fat falcid denar serv form futur special sanit pens proiezion futur bas
1239592778365100038,2020-03-16,17:42:03,fatec rispett europ val più
1239592745695494146,2020-03-16,17:41:55,ben govern strad giust
1239592698014818306,2020-03-16,17:41:44, blocc bollett luc gas
1239592577529233408,2020-03-16,17:41:15, dev andar cas ricord non mess italian
1239592382150119424,2020-03-16,17:40:29,president ben per tantissim impres affitt blocc verrann sfratt
1239592364458606592,2020-03-16,17:40:24, perc non obblig azi priv far smart working perc possibil imprenditor freg
1239592306262540293,2020-03-16,17:40:10,esist link istituzional rimand decret original curaital
1239592212956172288,2020-03-16,17:39:48,sì matte
1239592196753555456,2020-03-16,17:39:44, sa provved fin nasp non può lavor attiv commercial perc chius parl prorog nasp
1239592000669782016,2020-03-16,17:38:58,cred format continu obblig ferm astut decis non ferm temp arriv numer cred triennal mess on lin dic puo farl pag ovvi sent più sprem form
1239591989735276544,2020-03-16,17:38:55, vuol grand impegn sacrific più grand respons prossim cos riusc vinc virus
1239591852665450497,2020-03-16,17:38:22, dic notiz mediaset ved continu pratic zopp impar zoppic grand president cont
1239591558023970818,2020-03-16,17:37:12, non vergogn
1239591547328442368,2020-03-16,17:37:10, fin dovr bel spiegazion
1239591501220532225,2020-03-16,17:36:59,sper ul prossim pass forcon
1239591500813647875,2020-03-16,17:36:58,carissim preparat far front prossim pass iniz fam manc sold cib
1239591448812675072,2020-03-16,17:36:46, lavor ner mattin scend perc tutel
1239591382534295558,2020-03-16,17:36:30, lim dirl nomignol dat decret spot freg almen cur ital ve pot risparm più incapac social segu sforn hashtag
1239591320605396992,2020-03-16,17:36:15, italian viv barcellon poss sent pi sicur vivess ital gest situazion pi efficac spagn clappinghands clappinghands clappinghands
1239591290280587264,2020-03-16,17:36:08,car president domand immagin esist struttur ospedal utilizz forz armat non cred pien militar cur augur utilizz ed personal medic ci nav ospedal quaranten
1239591268327591936,2020-03-16,17:36:03,giusepp per cavol aument mis pension invalid son poch euroda dat bel segnal invalid disabil categor assiem anzian pension minim più espost cris delviru
1239591240435404800,2020-03-16,17:35:56, rend cont dat gg respir impres ft mil dann mang migliai famigl
1239591238325669889,2020-03-16,17:35:56, criminal non chius front non isol rientr minimizz esort continu normal notiz cin criminal
1239591233170915332,2020-03-16,17:35:55, è pubblic decret portal mef non è present davver posticip gg pag tass rat conced eur tantum autonom non vergogn neanc andrà via o cacc problem rester
1239591202892251141,2020-03-16,17:35:47,graz president cuor p s non ben salvin vad gir fidanz diviet uscir necess spes famigl usat scort andar spes mot privatissim sanzion
1239591153848201218,2020-03-16,17:35:36,graz non ved iniz lotter scontrin
1239591115944230913,2020-03-16,17:35:27, part iva pens eur tantum signif non ide signif guadagn viv leg vend decret coronvirusital 16marz
1239590986721955843,2020-03-16,17:34:56,grand president ringraz dio govern divers dov combatt coronavirus incapac incompetent graz
1239590891192532995,2020-03-16,17:34:33, decret calcioincul avvi ricostru
1239590750305816582,2020-03-16,17:34:00,pazzesc lod imbrod
1239590724577918983,2020-03-16,17:33:53,prend provved
1239590650468859904,2020-03-16,17:33:36,non prendiamoc gir non lavor non poss pag giuseppecont
1239590642898141186,2020-03-16,17:33:34,scus chied fat tant compl cont lett decret fat categor benefic decret non lett ben
1239590456922693632,2020-03-16,17:32:50, nazionalizz immagin rispost offrir vacanz
1239590227389362185,2020-03-16,17:31:55, 500 vai cul contedimett
1239590205608378373,2020-03-16,17:31:50,graz lavor fier timon
1239590170455879680,2020-03-16,17:31:41, decret è articol govern defin sol pass 25 front compless ved già sol tuttolog critic chied fatic legg
1239590062591029254,2020-03-16,17:31:16, part iva autonom vergogn eur elemosin
1239589978096775176,2020-03-16,17:30:55, uscirem stop polem
1239589943179182080,2020-03-16,17:30:47, buss port
1239589914146148352,2020-03-16,17:30:40, è salv ital non salv mort non coronavirusitaly
1239589912674021377,2020-03-16,17:30:40,dov proib corsett winkingfac
1239589791320215552,2020-03-16,17:30:11, firm mes dovr nascond
1239589665625313281,2020-03-16,17:29:41,sicur provved poss in serv lasc atton è manc contradditor confert stamp parl fugg non accett critic polem si parl via social dietr scherm paur popol
1239589649045127169,2020-03-16,17:29:37,500 autonom ora dic a sol dic andar ben guadagn più mensil ma famigl è scherz ver
1239589622667038720,2020-03-16,17:29:31,conl ordin podist runner poss uscir firenz spec sfilz barb sacrif fatt iorestocas
1239589550634283009,2020-03-16,17:29:13, butt alital
1239589531537625088,2020-03-16,17:29:09,ammazzaital vorra
1239589531382427648,2020-03-16,17:29:09, rispost pagliacc
1239589430333263872,2020-03-16,17:28:45,personal trov decret aiut molt famigl per non tien present rat cas ripos anzian che dobb pag
1239589428424839175,2020-03-16,17:28:44, cominc allarg spaz costru cimiter
1239589422645022721,2020-03-16,17:28:43,port coscienz migliai piccol artigian famigl maledett vot
1239589406681505795,2020-03-16,17:28:39, non vergogn
1239589345373405190,2020-03-16,17:28:25,vorre uscisser bors rid
1239589294165164033,2020-03-16,17:28:12, paes african colp coronavirus chius front ital rimast port apert spacciator italianegoz etnic apertinessun controll galer usciam cap suonator cantant balcon
1239589293141700608,2020-03-16,17:28:12,sper car president ristor arriv prim giovan famigl pers lavor non riesc neanc spes burocraz non annient rapid procedur genitor preoccupatissim
1239589259243380736,2020-03-16,17:28:04,grandissim president orgogl seriet puntual professional onest cos temp pertin non ved ital brav clappinghands graz foldedhandslightskinton
1239589168013086720,2020-03-16,17:27:42,siet vergogn ital infett continu farl dov tampon inett non infett contag nucle familiar pagliacc
1239589101575299074,2020-03-16,17:27:26, non svend ital bruxelles
1239589097397784579,2020-03-16,17:27:25,controll prezz gener alimentar
1239589049700159493,2020-03-16,17:27:14, 600 vuo darc mett benzin andar lavor
1239589028791549955,2020-03-16,17:27:09,brav giusepp brav
1239589005110513677,2020-03-16,17:27:03,perc azi dev produrr non poss fattur incass perc azi committent dov chiud non poss usufru sospension iva contrib posticip pag marz
1239588985497882624,2020-03-16,17:26:59,brav mogl precar scuol figl vann scuol tant class segu on lin non laptop poter lezion cas contemporan figl alunn potrest estend bonus insegn precar thumbsup
1239588933920579593,2020-03-16,17:26:46, confess sent trad pecor ner fondator contribuent non merit minim tratt presid sol mal accompagn vorizz comand
1239588866887168002,2020-03-16,17:26:30, compr farmac infam
1239588781495377932,2020-03-16,17:26:10,perc alital mln
1239588709655285763,2020-03-16,17:25:53,eur colleg avvoc vergogn
1239588695713492992,2020-03-16,17:25:50, perc personal ata situazion pandem andar scuol perc scuol apert alunn docent cas personal è immun covid19ital
1239588404104515589,2020-03-16,17:24:40,graz president gran bott cul president non vogl immagin pot esserc cazzaroverd mett repentagl scort andand spes spieg andar spes person
1239588364724195329,2020-03-16,17:24:31,ved tutel lavor autonom dipendent fatt sol porc fiduc buon lavor
1239588346449584128,2020-03-16,17:24:26, bors specializz
1239588068761444353,2020-03-16,17:23:20,graz president bell partecip forz buon lavor
1239587963060846592,2020-03-16,17:22:55,graz renz
1239587959025868815,2020-03-16,17:22:54,egreg president part ive maltratt alcun categor non tocc
1239587937148440577,2020-03-16,17:22:49, redcircl chi parl cap è ignor stud informat
1239587927501529095,2020-03-16,17:22:47,dat polit contrib rinunciaaltuostipend arriv mes 500 600 tagl mes allest rep rianim non tocc eur tasc
1239587904005050369,2020-03-16,17:22:41,president badant colf previst sper riesc rispond famigl bisogn sap
1239587900649623555,2020-03-16,17:22:40,grand president è bell confort sap govern pens farem buon lavor
1239587882203045892,2020-03-16,17:22:36,non è ver impres dat
1239587878436470792,2020-03-16,17:22:35,grand è n attim rollingonthefloorlaughing rollingonthefloorlaughing rollingonthefloorlaughing rollingonthefloorlaughing rollingonthefloorlaughing rollingonthefloorlaughing rollingonthefloorlaughing neutralfac neutralfac neutralfac neutralfac
1239587870035324928,2020-03-16,17:22:33, ben non bast president piccol imprenditor risc fall
1239587853719478272,2020-03-16,17:22:29,italexit più prest italy italy italy
1239587848875057153,2020-03-16,17:22:28, pens grand industr lavor tant settor non prioritar protezion ah già cont fattur
1239587830067802113,2020-03-16,17:22:23,scus lett ben eur impres tantum è ver è fondell
1239587822660718593,2020-03-16,17:22:22,president rispost lavor call center
1239587771746058240,2020-03-16,17:22:09, ringraz non bisogn perd
1239587674958282759,2020-03-16,17:21:46,president non aiut turism difficolt non struttur affitt bollett pag blocc blocc pag ota
1239587671690936325,2020-03-16,17:21:46,dat italian clandestin qualcun sper ricord facewithsymbolsonmouth
1239587602145193987,2020-03-16,17:21:29,ben cos
1239587583509880834,2020-03-16,17:21:24,president può darc cop pdf decret
1239587430581370881,2020-03-16,17:20:48, ital italy
