id,datestamp,timestamp,tweet
1245846309203873792,2020-04-03,00:51:21,dobb uscir
1245838755325411335,2020-04-03,00:21:20, abitu ved class polit nullafacent ingiust strapag ahim è cos sistem sbagl ital pagh car pandem cuor graz impegn ved non è facil
1245837425190080512,2020-04-03,00:16:03, mes sur non svend pagh consegut
1245836803535298562,2020-04-03,00:13:35,vatten diavol
1245834466695639041,2020-04-03,00:04:18,grand cont è
1245827964224385024,2020-04-02,23:38:27, chied comand iss cap tant cos aveterovin
1245825727704039424,2020-04-02,23:29:34,pepp unic ringraz permett tecnic tel lavor perc rott per rest fat cag ved madr chied sussid eur cul è fatt sangu sput è svilent ptuuuuuu nto culu
1245823882034110504,2020-04-02,23:22:14,fincantier annunc contratt marin costru u 212 commess var silenz ripropon dilemm invest pubblic tutel fat schif
1245820801011445766,2020-04-02,23:09:59, amic solidal serg sbriss contractor auditor autorized university agad politecn torin former teacher itis statal former ctu tribunal torin
1245816046696779777,2020-04-02,22:51:06, gius non voi din cazz twitt dic stronz pileofpo thinkingfac thinkingfac thinkingfac
1245802061180088324,2020-04-02,21:55:31,dimett non appen fin graz
1245793528917221378,2020-04-02,21:21:37, non legg messagg graz graz graz tenac graz graz sensibil continu emerg parol occhi è grand redheart
1245793380526968839,2020-04-02,21:21:02, meritocraz pag raccomand fier rappresent person tuttolog scelt miglior period peggior ital ital covid19 iostoconcont
1245793083352121348,2020-04-02,21:19:51, cortes a possibil marc real sior sior reduc che saiyr cont dic cont marches duc giù applaus
1245792510468816922,2020-04-02,21:17:34,stacc antenn trasmett g5 stermin top laborator staccatel immediat prim tard
1245788575645470731,2020-04-02,21:01:56, spieg ben perc sospes foi nomes
1245787168456540161,2020-04-02,20:56:21, nazion provved bonif dirett titolar impres cittadin comun dat colp hackers procedur vergogn vergogn buffon cialtron
1245786946917433345,2020-04-02,20:55:28,alleanz paes med stuf lacein coccodrill gic sil vergogn
1245786662745055232,2020-04-02,20:54:20, vogl minibot titol sub patrimonial poerson govern sens pression
1245783987555045377,2020-04-02,20:43:42,graz
1245780893521915905,2020-04-02,20:31:25, tampon lavor cerc mand avant min vagant più sens sacrific quaranten
1245779603421114368,2020-04-02,20:26:17,spieg non invit amic cas graz
1245779082555555853,2020-04-02,20:24:13,fat firm contratt contratt lavor febbrai andav ben risc lavor perc non rientr cass integr graz
1245778118394163204,2020-04-02,20:20:23,salv president ved commozion domand mort tocc cuor miglior pot è puo respect callmehand
1245775153558106112,2020-04-02,20:08:36, boooo gir andand non cap appost boooo fatal è uscit viminal permett cas figlil cap bum escon non ben
1245773574176157697,2020-04-02,20:02:20, sent alcun azi vogl riapr prossim settiman decret dic ten chius 13 chied permess prefett bisogn contag non ferm covid 19
1245764596079767554,2020-04-02,19:26:39,bisogn redig vocabolar cont ital ital cont esclus farfugl intraduc
1245763097702338564,2020-04-02,19:20:42,chiaravall anzian mal rimarrann assistt gest regioneun polologl anzian perc non vuol aprir lamez deliber impres non mascherin medic
1245762314906845186,2020-04-02,19:17:35, settiman serr dit star cas mes ma svegliat dobb ripart orabast
1245760956673806337,2020-04-02,19:12:11, rend cont mess risc ns pap tv ved vicinissim pap mascherin un gravissim a rend cont
1245759981900742657,2020-04-02,19:08:19,salv signor cont non so legg messagg scriv vol rimpatr doman annull sa perc chiest compagn adoper controll non neanc disposit
1245756016496709632,2020-04-02,18:52:34,svegl porcod lazzaron parl eur virtual german già vers soldin impar arte pizocher iniz prend pag operai cap sent
1245752521945223168,2020-04-02,18:38:40, sal nord perc sud freg polit ma pag stipend sold pubblic è inaccett abbandon sud ca burograz asin
1245751167474380801,2020-04-02,18:33:17,carissim presidentem cap ferm rom il govern campan appell serv sud concentr esclus nord non è democraz ribad respons sud non dimend
1245751130908483584,2020-04-02,18:33:09,president non svend non finanz spes tram strument preved prest obblig condizional
1245747871078649857,2020-04-02,18:20:11,lev test pien poter azzolin traditor vigliacc governodelcontag azzolinadimett italexit precariatocriminedist bruciaunostraccioblu
1245743586769068034,2020-04-02,18:03:10, lavor compart sport contratt atip vogl pens sit sport sal teor dovrebb tram richiest indennizz non aggiorn marz
1245743283407671298,2020-04-02,18:01:58,egreg cont april rom tor sapienz mal compres dpcm prolung escon propr ver assembr situazion stabilizz forz non effettu controll
1245739620664586240,2020-04-02,17:47:24,mil zon san sir balcon cammin can molt graz ottim discors
1245730838861447168,2020-04-02,17:12:31,graz mill president fat compres sciacall
1245728127696986112,2020-04-02,17:01:44,car presidentenn diment anzian cas riposos figl mamm struttur iniz emergt parent diviet visitac lasc è angosciantem mort statitropp non parent untor
1245727950852538374,2020-04-02,17:01:02,car cont ringraz chied riapr colleg regal è viagg londr lugl
1245724540396810242,2020-04-02,16:47:29, arrampic specc più brav ragn spider casaaa italy
1245724397090025486,2020-04-02,16:46:55, è non infett covid19l malatt sembr andat fer prolung inatt fisic domicil coatt poss aument malatt cardiovascolarimetabol psichiatr interess govern
1245722246112514055,2020-04-02,16:38:22,è possibil chiar dirett televis form individual atlet poss allen gazzett ufficial non specific tennist precedent autorizz che allen coac può continu farl
1245716930826309632,2020-04-02,16:17:15, stor passeggiatin sdogan migliai imbecill gir can figl compl
1245716295393390592,2020-04-02,16:14:43,salv president comun trump mett man avant annunc 200 000 mort ben 100 000 annunc sit era scont problem funzion rimast
1245714157036621829,2020-04-02,16:06:13,graz graz graz sfortun pandem fortun president auspic più restrizion controll avant non vanific sforz privazion fatt
1245710960817561601,2020-04-02,15:53:31,graz president lavor è difficil ancor più difficil decision pres intraprend fiduc person oper uscir poter viv
1245698401968295936,2020-04-02,15:03:37,ricord car polit april sar grad lavor sar grad andar vot referendum non ce dimentic graz coronavirus 2april
1245696133885767685,2020-04-02,14:54:36, tutel sal è valor prioritar dpi popol chè è emergt non ved gir
1245694412899876866,2020-04-02,14:47:46,art cost aspett riconvert ditt produrr respir mascherin guant material medic dar redd esistt eur cib non bisogn non prel responsabilizz evit sommoss
1245692494173650944,2020-04-02,14:40:09, deb divers è cavall troik ver solidariet liquid garant bce fals solidariet deb bel ver solidariet semplic veloc zer risc fals solidariet burocrat lent risc div chiar nodeb
1245691886595182592,2020-04-02,14:37:44,cont govern possibil chiacc strumental cosiddett opposizion non minim ten consider
1245690724789739522,2020-04-02,14:33:07,avant cos president mett zittimerkel
1245689190257438723,2020-04-02,14:27:01, dev davver stupid dev mand far star cas non annunc poss fars girett figl fin poltron rovin
1245687642131501057,2020-04-02,14:20:52,furbacchion tagl stip juventus parlamentar ridicol degn president italy personraisinghand
1245684849400262657,2020-04-02,14:09:46, lavor dipendent bisogn decret ser permett prend sold fond pension tassazion emergt
1245682599470587907,2020-04-02,14:00:50, domand perc non approfitt pag deb pa pens controll rispond banc imprenditor decret cur ital man chied finanz rifinanz fatt bast 5 000 fid
1245681314080178178,2020-04-02,13:55:43,sol italian 42mil venitor port port part iva svist error vogl cred non prend bonus eur non rester
1245675711786074113,2020-04-02,13:33:27,president prossim dcpm inser tett pag pension emolument pubblic mes può resist 2500 3000 mes rest darem sar possibil graz
1245675235426349057,2020-04-02,13:31:34,signor president bimb schius cas non massim special bimb abitu uscir addorment macchin ben non uscir giust almen figl minor passegg macchin pot
1245672223316283392,2020-04-02,13:19:36,graz signor president cont
1245668319597862912,2020-04-02,13:04:05,ved riusc farc pasqu entro 15 sper
1245665659247366144,2020-04-02,12:53:31,dat tagl immediatoooo reclusion immediatoooooo
1245664983351951361,2020-04-02,12:50:50,fas rastrell più sold possibil mill prorog cooper internazional aument tass fum superalcol gioc elimin privileg cam nazional regional stipend aument web tax daz prodott delocalizz
1245664256751788032,2020-04-02,12:47:56, normal port bambin supermerc tragic risc prend virus ser govern sicil continu ribad ristrettezz region vogl dobb uscir incub
1245663450254258176,2020-04-02,12:44:44, circol viminal chiar passegg camb parol modific sens minor può andar spes genitor fareee spesaaaa bambin tocc
1245660452614557696,2020-04-02,12:32:49,1 perc dar notiz pales fals prolog sin april più mort non riprend prim bast ved cin
1245659713871609863,2020-04-02,12:29:53,embè thinkingfac questionmark exit doubleexclamationmark
1245659436623921152,2020-04-02,12:28:47,aiut urgent cas ripos trisogl trofarell mort mal non ricev tratt adegu manc personal disposit protezion assist anzian chiam comun mand aiut
1245659132847243267,2020-04-02,12:27:35,non uscir cas passegg evit esce spes è pericol cos
1245657651788181505,2020-04-02,12:21:42, piccol impres intro liquid mes perc lavor già croll met febbrai banc snobb richiest qualsias form prest non fat scopp bomb social vist
1245653803250016256,2020-04-02,12:06:24, unic president degn star poltron delic sapp non sobbarc problem teng dur president
1245652497185640458,2020-04-02,12:01:13, è stran la convinc salv ritien opportun non ascolt fanat insult graz ciò ital
1245646385409490945,2020-04-02,11:36:55, cos non riprend più perc cultural mort prim econom divent classic sudameric povert port ignor port povert è loop non uscirem più
1245643629877551104,2020-04-02,11:25:58, dimett non vogl farc govern person non elett person non sa govern non vogl burattin ue
1245642517933993989,2020-04-02,11:21:33,compl president bisogn fatt è chiacc è sper sar cos è ital è sa benissim riemp parol stuf
1245641127551578112,2020-04-02,11:16:02,president non prim magg
1245637273594425348,2020-04-02,11:00:43, coragg scelt difficil ben sbagl sal econom sanit collass fattor miglior vai ben cos graz
1245636743002353664,2020-04-02,10:58:37, è riusc dar liquid propr cittadin cont non è elett popol decret cancell diritt costituzional pass parl parl pacat comport dittator
1245636638274752512,2020-04-02,10:58:12,non risc annull sacrif fatt aspett manten restrizion sapp farcen ragion rinunc risc rimett più
1245636055807610880,2020-04-02,10:55:53,buongiorn non allent manten attenzion pasqu allent restrizion period pasqual può immagin italian escon settiman pasqual è muov
1245633964422737928,2020-04-02,10:47:34, not situazion provinc novar sebben piemont non è affatt cos drammat non sens star barric cas perlomen star cas mal over
1245632278941683712,2020-04-02,10:40:52, dic insed palazz chig non andand diment provved riduzion bollett domest sottrazion impost
1245631869682503680,2020-04-02,10:39:15,elimin vide baggian ultim non salv disastr provoc tristezz man incapac italy a casaaa dimission zer unic soluzion
1245630289264529410,2020-04-02,10:32:58, viagg dovrebber certific attest negat covid19
1245628049120309248,2020-04-02,10:24:04,signor president è ven ide primis trov antidot distrugg virus spruzz ciel aere elicotter comun mortal pers esist
1245626303560085506,2020-04-02,10:17:08, atlet profession potrann continu allen singolar gazzett ufficial è scritt divers sbagl giocator tennis precedent autorizz può continu allen
1245622180332756992,2020-04-02,10:00:44,pass fatt portac fogn vogl rest man strozzin
1245620387498483713,2020-04-02,09:53:37,graz president orgogl perc dimostr person ser capac mett sal cittadin priorit emergt felic guid graz president
1245620274461958144,2020-04-02,09:53:10,gentilissim president consider moltitudin lavor precar saltuar riten accont viv period nefast trov non appropr ridurr redd emergt stabil precedt
1245619191186481152,2020-04-02,09:48:52,signor cont spieg non cacc manager fall societ guard fincantier non bon amministr azi util perd svegl
1245616593075240960,2020-04-02,09:38:32,iostocont president graz ciò
1245615975782744065,2020-04-02,09:36:05,fier rappresent president graz
1245611873346547713,2020-04-02,09:19:47,ragazz è grand è president non può president repubbl clappinghands clappinghands clappinghands clappinghands clappinghands clappinghands clappinghands clappinghands clappinghands italy italy italy italy italy italy italy italy
1245610880768733184,2020-04-02,09:15:50, non president spessor polit uman final premier cont canal parl deced è italian è perfett è tocc comp difficilissim sparklingheart sparklingheart sparklingheart sparklingheart sparklingheart heartwithribbon heartwithribbon
1245610713080459265,2020-04-02,09:15:10,non può esist period convivt virus non poss usar mezz misur non tragic error è necessar aspett contag zer impar cines vorre ricord è part infett
1245604398820028424,2020-04-02,08:50:05, parol più cap ripet tsnunam
1245600296312528899,2020-04-02,08:33:47, pass mes condizion non accett supiin svend non star più chius cas scend sicur piazz
1245599963196747778,2020-04-02,08:32:28,mand sold cont corrent cittadin
1245596924142473218,2020-04-02,08:20:23, tem migrant continu sbarc sar rivolt popol
1245593053378666496,2020-04-02,08:05:00, impres impres impres impres noi piccol implod freg tracoll ve freg sold prend non è chiar dipendent
1245591882320633858,2020-04-02,08:00:21,sintes confert pasqu fatt pasquett stateacas covid19ital cont
1245588696780300291,2020-04-02,07:47:41,non sopport più appai tratt megaloman
1245588231598403585,2020-04-02,07:45:50, nas ross succed
1245588064375693313,2020-04-02,07:45:11, più grand incompetent rivest ruol è ginocc continu percep somm vergogn amic zingarett aument stipend cos staff continu riscuot forn serviz essenzial
1245586785503076353,2020-04-02,07:40:06, chiar graz president
1245580236365811715,2020-04-02,07:14:04,pepp non scherz german non vogl esci mort cammin
1245577996724891649,2020-04-02,07:05:10, almen buon nott
1245544428267339776,2020-04-02,04:51:47,cont propost divid govern è approv alzat man palazz koch esponent deleg visc olivet condivid sostegn autor nazional local
1245517476626157568,2020-04-02,03:04:41,gentilissim president vorre funeral cremazion mort covid19 total caric comun vittim terribil familiar ved arriv cont sper vogl valut ipotes graz infin
1245506680185671685,2020-04-02,02:21:47,non risolv cazz star regim dittatur lo cap fin mag inutil dovr star blind pai ved fon vol farl io dispiac psic non regg
1245495370353971201,2020-04-02,01:36:51, preg president non moll dat april allent misur sicurezz è vicin mes più ritrov gua graz
1245491724044120064,2020-04-02,01:22:21,president teng dur vad avant non ced ricatt polit dobb resist
1245486466890731520,2020-04-02,01:01:28,bisogn uscir prim doman comun europe exitusital
1245485904245948416,2020-04-02,00:59:14, polit italian deput senator senator lavor talment emergt non vogl rinunc tantomen ridurs stip vitaliz benefit riflettiamoc
1245483473751748609,2020-04-02,00:49:34, davver port bambin passegg supermkt farmac ved usar più razional panic riapriamotutt siamorespoms
1245482926373994496,2020-04-02,00:47:24, bambin poss accompagn mamm broccol pat supermerc mascherin guantin spass prend ari sfog clownfac contedimett
1245480746262945793,2020-04-02,00:38:44, piag flagell mont renz cred gi ingoi merd possibil manc mavaffancul assassin
1245475450413080577,2020-04-02,00:17:41, ben contemper div princip import sal cerc consider impover default consegut sal potrebber ancor più grav duratur riapriamotutt siamorespons
1245472382409719813,2020-04-02,00:05:30,ciò anal commerzbank propriet tedesc propos bpt consider sort dichiar guerr minacc inacett tuttt italian
1245471157924630528,2020-04-02,00:00:38,prossim legg circol prim andar dirett facebook evit figur merd
1245470965129191429,2020-04-01,23:59:52,italian quest incapac macc strag protezion dann è seppell cas top più sold quell tunisin ner clandestin pret statal sovrannumer ribelliamoc
1245469602626392068,2020-04-01,23:54:27, perc confert inutil non sap benissim dicembr gennai situazion perc aspett cos chiud fabbric perc non dit chiar popol andat cos
1245467790326345730,2020-04-01,23:47:15, mes è irriform sa non interess dimostr ue interess uscir ue non affar
1245467557588393984,2020-04-01,23:46:20, mort possibil non riesc ferm piag invest sanit dat protezion personal medic supplic mort
1245466539891011585,2020-04-01,23:42:17,egr premier non cap non può giustific assurd ridicol burocraz acced miser bonus conosc accredit dirett cittadin prelev ns sold
1245466314430390276,2020-04-01,23:41:23,graz president clappinghands clappinghands clappinghands italy
1245465854369837057,2020-04-01,23:39:33,non uscir bambin prim
1245465115283140613,2020-04-01,23:36:37,graz president
1245465062497751043,2020-04-01,23:36:25, è president bisogn graz
1245464397843177472,2020-04-01,23:33:46,ehi imprenditor 600 poch dat dipendent ahh so poch mes ripart guard tratt dipendent dignit inps partit 600eur inpsinascolt
1245464288979857408,2020-04-01,23:33:20, eserc non
1245463824100208642,2020-04-01,23:31:29,lasc perd mes grecizz ricord più grand traditor stor prepar terren italexit
1245463590058024960,2020-04-01,23:30:34, 13 tocc prorog cin docet val farl cont
1245461753993015305,2020-04-01,23:23:16, sindrom stoccolm è brutt best italiot
1245461356494622721,2020-04-01,23:21:41, analfabet funzional vener cap non cap dic non cap comun
1245460654233960449,2020-04-01,23:18:54, spes contatt bambin contag port famigl liev grav perc bambin viz ital viz analfabet funzional non perc perc
1245460326780452865,2020-04-01,23:17:36,guard uniform metr comunicazional portavoc non palazz chig chig anzi chigg
1245459679289004033,2020-04-01,23:15:01, trov vaccin senn è diaminocillin antibiot booohh
1245458433744265221,2020-04-01,23:10:04,president dobb blocc pag affitt non guadagn risc cas sed oper potrann pag arretr accumul proprietar freg coron vogl sold
1245458365419044865,2020-04-01,23:09:48,egr premier avvoc italian chiar afferm arcur tecnic fiduc riguard tempist respir staser sent inquiet aspett prend immed ser provved dandoc rispost chi ser
1245457801859731456,2020-04-01,23:07:34,graz gest situazion graz perc rend partecip non sent sol fid decision fier president
1245457725296959493,2020-04-01,23:07:15, mes dit cos annoiatiabb cap vuol galer italian problem ser prov incazz
1245457634859286528,2020-04-01,23:06:54,signor cont polit primis respons german vuol ginocc è necessar prend fort decision de gasper riusc intent sper osserv
1245456665706745856,2020-04-01,23:03:03,car giusepp domen scriv non rispond almen sper legg letter buon continu
1245456472101785600,2020-04-01,23:02:17,nomes form camb siglett
1245455425186729985,2020-04-01,22:58:07,graz president timon sent sicur tant critic pens fardell port spall decision difficil prend ved stanc preg president chè ver grand graz
1245454309829021697,2020-04-01,22:53:41,president ce bisogn trattat ricev solidariet concret minor arrog diritt decid sì union annessioneeurope
1245454033311207427,2020-04-01,22:52:35, mes sens condizional mes legger non esist accett mes trad italian stopmes stopmes stopmes stopmes traditor vuo ved guard specc italian dev rispond non
1245452708263481345,2020-04-01,22:47:19,staser port giù pattumier vol andar figl pur uscir situazion non cos drammat rid graz costrett madr star cas dic non cap seriet pericol
1245449962802077698,2020-04-01,22:36:25,non rappresent italy personraisinghand
1245449588133240835,2020-04-01,22:34:55, criminal mett immediat elett non
1245449365323501577,2020-04-01,22:34:02, scanz rispost sbagl infermier non rassicur dicess emergt chi dat dat
1245449113484713984,2020-04-01,22:33:02, buon lavor president graz è ser continu campagn elettoral maggioramz è enorm difficolt ved è unic inespert capac class dirigenzial
1245448316357394432,2020-04-01,22:29:52, mes bastaaaa
1245447979403796480,2020-04-01,22:28:32,consigl yemen riguard coron virus torr 5g disposit comun dev ferm perc è cerc
1245447747492294658,2020-04-01,22:27:36, non cap dov emett titol farl bce è soluzion ver immad indolor non provoc dipendt mes non vogl più sent parl mes mesettin mesetton sort non cap
1245447708397240323,2020-04-01,22:27:27,legg rispost twitter non perd cop incoll non camb rott non camb rott raccogl success fall fall
1245447468881412096,2020-04-01,22:26:30,graz coragg ton pac lavor costant fortun premier
1245446391402508288,2020-04-01,22:22:13,graz president
1245445641230303235,2020-04-01,22:19:14,president è grand graz italian
1245445331493453827,2020-04-01,22:18:00, pens pot ammir coragg tranquill compl
1245444843012268035,2020-04-01,22:16:04,vuo president italian tir pall usciam ue stamp sold andiam avant econom non sò poltron ambisc president ital poltronar ue
1245444629652279297,2020-04-01,22:15:13,president bell ved emozion accord disaccord stim
1245443232814825474,2020-04-01,22:09:40,graz dio don premier redheart
1245442885610287106,2020-04-01,22:08:17,non vogl mes form
1245442785282531330,2020-04-01,22:07:53, mes qualsias form cass depos prest banc fkv bce banc central combatt armi par
1245442340828917764,2020-04-01,22:06:07,pezzent prezzol serv ue schif
1245442303659040773,2020-04-01,22:05:59, spieg perc supermerc viet vend calz cartoler non ben prim necess fin quadern mat quant altro serv figl continu stud compr ebay collant
1245442214857236482,2020-04-01,22:05:37,vergogn cont non capac protegg medic oper sanitar pag pell impegn salv migliai vit man nud ca o mascherin popol sol dov difend ionondiment
1245442063979683840,2020-04-01,22:05:01, rispett regol per aiutatec supermerc chius cors food serv lampadin spremiagrum mastell aiutatec normal
1245441671858475022,2020-04-01,22:03:28,brav president trasmett sicurezz tranquill graz redheart
1245441649066606592,2020-04-01,22:03:22,ok pres cont scend pisc figl supermerc scarpett ginnast modul camouflag rived doman avvincent dpcm lockdown coronavirus quaranten
1245441647334359041,2020-04-01,22:03:22, famm cap avvoc giust viet spost non essenzial sport passegg bambin sti disadatt gfvip mentecatt conduc è davver essenzial far spost permett mediaset mand onda gentagl
1245441533949739008,2020-04-01,22:02:55,stopmes bce dat trad scendilett merkel
1245440952942166018,2020-04-01,22:00:37,graz president
1245440937406406657,2020-04-01,22:00:33, diritt sol primaver propost
1245439639307026439,2020-04-01,21:55:23, mes stopmes italexit non freg lev coglion
1245439485225156608,2020-04-01,21:54:47,pres cre confusion indic può passegg bimb region med non sa tropp font discord dov più chiar
1245438834931838977,2020-04-01,21:52:12, lavor ben graz
1245438537421504513,2020-04-01,21:51:01,forn mascherin giornal bambin vann spes
1245438497479176192,2020-04-01,21:50:51,car president pur trov campan cred misur conten debb più stringent esort ministr non fid capac limit italian risc contag ritorn è real è militar
1245438281447333888,2020-04-01,21:50:00,president dipendent azi cazz vien sospes licenz ebben respons firm circol mett risc bambin dovrebb rimoss mand pel pat
1245438275663417355,2020-04-01,21:49:58, grand attrib president avant
1245437719075082240,2020-04-01,21:47:45, dimostr ver polit pens cors risc govern polit calibr gir mang sput improper
1245436476936028160,2020-04-01,21:42:49, carogn non demord insist mes criminal traditor
1245435703913263104,2020-04-01,21:39:45, giù burocraz
1245435517149351937,2020-04-01,21:39:01,graz president
1245435409494048769,2020-04-01,21:38:35,graz president fier rappresent buon lavor blueheart
1245435389030076417,2020-04-01,21:38:30, vatten aff
1245435331635302401,2020-04-01,21:38:16, appen condann povert migliai dipendent dovrem licenz non trov più lavor far caric pension social perc non è capac prend decision ver coragg brav
1245435051510202376,2020-04-01,21:37:10, permett dirl ennesim stupidaggin genitor propr figl spes supermerc è foll lasc cos cos
1245434920064999430,2020-04-01,21:36:38, pian è chiar strateg gg dir bisogn gg
1245434916680105986,2020-04-01,21:36:37,ok già decis vend german
1245433863180111873,2020-04-01,21:32:26, sold non parl più mort fam coronavirus eur famigl blocc total mutu bollett chiusur azi inutil apert azi bullon
1245433741025181696,2020-04-01,21:31:57, incapac port mor
1245433223661961222,2020-04-01,21:29:54,invit uscir spes bambin
1245433011526684674,2020-04-01,21:29:03, facewithtearsofjoy facewithtearsofjoy facewithtearsofjoy è impast pericciu
1245432996695543810,2020-04-01,21:29:00, giust inform motiv port dpcm contatt problemat affront carenz mascherin tampon chied continu perc non poss ascolt polem tv giornal
1245432708916039682,2020-04-01,21:27:51, domand post giornal scomod pressant trov grand interess popol ital sopratutt non concord
1245432538472034308,2020-04-01,21:27:10,oh gius respons posatocalmopac insomm ver leader non cred dar rispost concr problem social accad urgon frett misur lavor chiam me lavor ner purtropp
1245432515327938560,2020-04-01,21:27:05,ovvi aspett econom import auspic govern interveng dov mod brav president rispost dat particol chied polit scientif sanitar vulcansal
1245432401519685632,2020-04-01,21:26:38, supermerc person nucle famil bambin spes settiman giust bambin ragazz
1245431497663885324,2020-04-01,21:23:02, il problem non è no prob vuo salv non aiut concret liquid garant bce non gioc 60mil pericol parl prend re è nud
1245430895638728704,2020-04-01,21:20:39,ennesim dirett non anzi dett mes sar attu inutil dic divers condizion orma non cred cittadin italian vogl sent decis liquid mes non dobb camb mes
1245430297681899520,2020-04-01,21:18:16,è inutil raccont ball mes non vogl nomes
1245430053464350720,2020-04-01,21:17:18,abissal differt cultural galler ministr car gc illegittim pot non cap non grad govern orecc mercant attenzion perc popol nord è stanc pret autonomiabast
1245429755630977024,2020-04-01,21:16:07, dimett
1245429451829149697,2020-04-01,21:14:54, chig import
1245428881559093250,2020-04-01,21:12:38,600 600 riduc stipend 600 luceacqu metanomanc incass dobb mang cann gasnon meravigliat popol sbrocc non president non elett
1245428479975403530,2020-04-01,21:11:03, le mascherin graz berluscon sanitar dpi rend cont figur m non sens orgogl
1245428024885104641,2020-04-01,21:09:14, stim president
1245427886263238658,2020-04-01,21:08:41, president mett sal popol è grand president graz
1245427789450412032,2020-04-01,21:08:18,graz president
1245427623167229961,2020-04-01,21:07:38, discors mlt convincent rassicur farem direm è chiest arriv chied febbrai è camb faremodireml è chiest arriv cio mes è non è camb non arriv
1245427111436914690,2020-04-01,21:05:36,president non dia sold sindac di non arriv ver bisogn
1245427061415645184,2020-04-01,21:05:25,ringraz iddi pochissim sent rappresent president
1245427055711436808,2020-04-01,21:05:23, ignav verra ricord qs dateciunasper unfuturoperinostrifigl grazieperaverdistruttoleconom
1245426451832360961,2020-04-01,21:02:59,natal pasqu
1245426350292426752,2020-04-01,21:02:35,cont non è mes problem rappresent puo chiam peppin tratt deb è inadegu bisogn liquid garant bce non cav gioc parol stopmes nomes contedimett
1245426103268900865,2020-04-01,21:01:36, art
1245426053855817728,2020-04-01,21:01:24,facc andar careeeee dacc possibil cazz fott
1245425944548052996,2020-04-01,21:00:58, respons ben mort
1245425826281263106,2020-04-01,21:00:30, rend cont bambin non poss uscir strad isol passegg poss andar supermerc cerc usar buonsens figl so port non port sicur non port supermerc
1245425751391952897,2020-04-01,21:00:12,ampi pacchett ventagl mes
1245425365729804293,2020-04-01,20:58:40, precis non è ciò staser aspett concret pass pasquett diecimil divers mah
1245425295773097984,2020-04-01,20:58:24,graz
1245425214453841921,2020-04-01,20:58:04,intervent evit dann pandem ritard misur econom ritard sit inpsdown lavor autonom sbeffegg letteral pres gir 600eur che conferm far quartomond
1245425171273580551,2020-04-01,20:57:54,indegn
1245425042466504705,2020-04-01,20:57:23, president non moll negoz ue torn avven ue manifest ventoten sar imposs controll malcontent ed sovran approfitt meschin italy europeanunion
1245424848865763328,2020-04-01,20:56:37,tranquill ripart campion calc qualsias sar sbagl 25 30 president fisc iniz campion torn allen continu cos
1245424535693860864,2020-04-01,20:55:22, schifos vuol mes infam traditor
1245424375840608257,2020-04-01,20:54:44, vai mon
1245424325055873025,2020-04-01,20:54:32, aspett ser pagh problem cre sit inps rispond opportun sed violazion privacy ser pagliacc incapac tasc pien
1245423818220412935,2020-04-01,20:52:31, spettacol circ cominc pagliacc
1245423800692416513,2020-04-01,20:52:27, mes è liquid rid vers non esist un mes buonoil mes preved condizional troik suicid non è capac difend chiar stopmes nomes merkel dimett
1245423629288030211,2020-04-01,20:51:46,giusepp impazz calm delicatezz è intelligt belpietr salust renz è don salvin è donn giorg parl gusepp piac ragazz
1245423598807941122,2020-04-01,20:51:39,non interess più argoment contedimett contedimett contedimett contedimett contedimett contedimett contedimett contedimett contedimett contedimett contedimett contedimett contedimett contedimett contedimett
1245423574690693121,2020-04-01,20:51:33, so so bisogn andar non andrem magg non nazion attend dann dit prend bracc ben è giust
1245423515010023436,2020-04-01,20:51:19, ringraz deline chiarezz pian semplif sintetizz perc non riesc star
1245423460047781889,2020-04-01,20:51:06,mort grav incompett govern bisogn chiarezz sbagl dovr pag governodellavergogn stopmes
1245423432751292422,2020-04-01,20:50:59, cittadin rest svolt è gualtier non arriv cas andatec
1245423356280590336,2020-04-01,20:50:41,graz president stor riconosc mer non ricosc
1245423195315896324,2020-04-01,20:50:03,graz cont
1245423111006289921,2020-04-01,20:49:43, brav de mand sold cas famigl non chiacc
1245423003107831814,2020-04-01,20:49:17, content pres decision non rallent guard scherz sacrif pazz graz
1245422902725541889,2020-04-01,20:48:53,president là cred polit semplic darl solidariet cittadin cines ital apprezz sforz ved giornal attiv italian
1245422679399763969,2020-04-01,20:48:00, april cas apre lavor può uscir cas comun provinc region mot aspett prossim decret residt piemont lavor vall blocc
1245422177740115969,2020-04-01,20:46:00,non ripronon mes vuol mes modific ben nomes domand perc non emett titol bce compr
1245422068017004544,2020-04-01,20:45:34,graz president cred bell person può
1245421920788647936,2020-04-01,20:44:59,graz mill president toparrow smilingfacewithsunglasses
1245421779478339584,2020-04-01,20:44:25,pasqu vuo dic
1245421766526328832,2020-04-01,20:44:22,attend person ser capac respons guid govern speranz ce graz davver president clappinghands clappinghands clappinghands
1245421617808842752,2020-04-01,20:43:47, ringraz piac non ricev eur quaranten certezz sold adolescent impazz muoi social non consol graz arrived april
1245421583293911043,2020-04-01,20:43:38,ottim lavor flexedbicepslightskinton
1245421389793894401,2020-04-01,20:42:52, sol giornal azzerbin staser è trasmission ver pavon
1245421333363777537,2020-04-01,20:42:39, filier raccolt prodott agricol è ferm sblocc
1245421312081887235,2020-04-01,20:42:34, furibond bambin corr scaffal sment
1245421245543460867,2020-04-01,20:42:18,graz president chiar precis puntual rispost clappinghands clappinghands clappinghands
1245421138102140930,2020-04-01,20:41:52,president annunc cas darebb bell esemp chapeau
1245421067436544000,2020-04-01,20:41:35, premier perben attes cont onest support graz
1245421058137751553,2020-04-01,20:41:33, dirett già sapp mes non cazz star cas cazzu cont catan priv mascherin president cazz non capac arriv masc coglion
1245421039473037315,2020-04-01,20:41:29, genitor figl piccol supermerc scherz bambin tocc far spes sol person adult nucle ced vertebral mett fil settiman spes anzian non cammin settiman
1245420924108709888,2020-04-01,20:41:01, parol inutil sembr naufrag scialupp alto mar nott der ma ottim guard interess camb canal cominc govern incapac
1245420914239471627,2020-04-01,20:40:59,ben president graz continu difend lott digin mer livell europe l ital non è ruot carr
1245420906840817671,2020-04-01,20:40:57,non ce più star cas non mess lombard post ferrar rovig contag pochissim non ce più andiam collass mental econom
1245420854621745152,2020-04-01,20:40:45, l accompagn bambin spes è più rischios gestibil genitor semplic passegg bambin mah
1245420762145718274,2020-04-01,20:40:23, fin ciapparon facewithtearsofjoy
1245420725630119939,2020-04-01,20:40:14,econom inchiod livell non richied contatt strett sblocc
1245420668600147974,2020-04-01,20:40:00, spes bambin matt
1245420637734277121,2020-04-01,20:39:53, perc è consent giornal mett titol bug confond induc comport pericol ved liber ilgiornal
1245420615487586310,2020-04-01,20:39:48, vuol concret pian uscir stracc strateg
1245420498865000451,2020-04-01,20:39:20,cont avvert ultim richiest giust legg sacr bonafed sfat see no evilmonkey hear no evilmonkey speak no evilmonkey balancescal money mouthfac tutt dio money mouthfac money mouthfac money mouthfac quest risult womanpoliceofficer womanpilot synagogu television bat manvamp facewithmedicalmask globeshowingamericas
1245420347811340301,2020-04-01,20:38:44, ripart lavor non risc diffusion contag è urgent non rend cont non adegu incar
1245420220128296963,2020-04-01,20:38:13, chiacc mov cacc soldiiii movetev
1245420144534392839,2020-04-01,20:37:55, riesc parl chiar semplic discors insuls contort
1245420001164738562,2020-04-01,20:37:21,dimission
1245419839054852100,2020-04-01,20:36:43,dimett
1245419748969582599,2020-04-01,20:36:21, inutil parol soluzion concret i cittadin bisogn spes non sann pag bollett insent
1245419737980469260,2020-04-01,20:36:18,contedimett coscienz mort non perdon
1245419709316694018,2020-04-01,20:36:12, lavor bracciant agricol raccolt lavor non risc diffusion liber blocc
1245419499219804162,2020-04-01,20:35:22,
1245419367048896513,2020-04-01,20:34:50,non dic aiut popol
1245419366050598913,2020-04-01,20:34:50,non cap legger non esist non firm cap
1245419363433316352,2020-04-01,20:34:49,president amic europe chied concil 2 300000 bracciant manc camp fruttet affam support econom rispond
1245419259184001024,2020-04-01,20:34:24, polem mes è chiar messagg staser è disegnin salvin c
1245419186052108288,2020-04-01,20:34:07,non è scus non uscir può non andarsen
1245419090229039105,2020-04-01,20:33:44, twitter escon president lasciatel lavor ten fed restrizion pass tragic diamogl possibil risan situazion cont star bisogn non serv
1245419086059900928,2020-04-01,20:33:43, dant alighier mess celestin v
1245418998608658437,2020-04-01,20:33:22, italian sacrif tant covid 19 president dirc sacrif
1245418820929495041,2020-04-01,20:32:40, genitor aument conged non bast più gg
1245418811131650054,2020-04-01,20:32:37,ennesim dirett dirc speranz giust parl fars propagandist parl tem econom mett test mes qualsias simil è suicid stopmes nomes contedimett
1245418796954914818,2020-04-01,20:32:34, confert stamp sorpres sottopong ide parl
1245418761290727425,2020-04-01,20:32:26,dimm è pesc
1245418698015473665,2020-04-01,20:32:11,è n president
1245418687861047296,2020-04-01,20:32:08, giornal cio concord domand tip scendilett ero finiscil vai lavor casalin band scapp cas
1245418663882240001,2020-04-01,20:32:02,parl disc leader europe non ben mes può
1245418662892371969,2020-04-01,20:32:02, perc giornal incapac continu domand dobb pens cittadin italian
1245418630445137920,2020-04-01,20:31:54, mes mes mes vuo ficc test bac
1245418610224508933,2020-04-01,20:31:50,giusepp appen usat parol patr barlum coragg thinkingfac
1245418522995556353,2020-04-01,20:31:29, signor president parol cap non cont augur buon ser
1245418431685496832,2020-04-01,20:31:07, bisogn confert stamp 20 20 non assolut ah già cos intercett telegiornal thumbsup
1245418401687896076,2020-04-01,20:31:00,fott indegn abus
1245418380867313670,2020-04-01,20:30:55,brav president più convint giust rappresent foldedhands foldedhands
1245418335006855172,2020-04-01,20:30:44, sosbutton sosbutton sosbutton sosbutton concessionarieeeeeeeeeeeeeeeeeeeeeeeee sosbutton sosbutton sosbutton sosbutton sosbutton sosbutton fat sap concessionar fin aspett rispost ferm trasport lavor necess acquist mezz
1245418289192370176,2020-04-01,20:30:33, manc dirett ved giuseppy nov nuov dichiar giuseppy mitic
1245418115321729024,2020-04-01,20:29:52, spocc giornal
1245417983092183044,2020-04-01,20:29:20,collabor
1245417888271474694,2020-04-01,20:28:57,stimatissim dott cont vogl segnal udin grupp disag drog alcolizz comod stazion panchin giardin pubblic opportun intervent decis perentor graz cordial sal
1245417791106269184,2020-04-01,20:28:34,pepp quaranten
1245417729533849601,2020-04-01,20:28:20, quaranten sold vol assalt supermerc banc disper
1245417726329401344,2020-04-01,20:28:19,graz president redheart
1245417665507872769,2020-04-01,20:28:04,covid 19 13 000 mort non fer mort
1245417614962286592,2020-04-01,20:27:52, rott cazz retor dii cos non sap pesc prend
1245417607609683971,2020-04-01,20:27:51, signor è cuor spezz
1245417561967247361,2020-04-01,20:27:40,brav president occorr comunic dirett
1245417534955892736,2020-04-01,20:27:33,sant parol straordinar
