id,datestamp,timestamp,tweet
1268525611150163969,2020-06-04,14:50:48, presid scass minc ls fest madonn soccors magg lett bollettin cov19 pugl sai quan attual posit san sever zer spacc presid podit
1268519623873396736,2020-06-04,14:27:00, assol promess scus manc confindustr ben infelic è govern
1268515436695560192,2020-06-04,14:10:22,confert stamp dittatur sudamerican
1268495445132746753,2020-06-04,12:50:56, unitacar president vot nessunoserv protagon rancoros ciò chied italian ovver salg quirinal
1268494188611547138,2020-06-04,12:45:56, amministr srl
1268493454595801089,2020-06-04,12:43:01,serv camb pass dimett lasc drag risoll polit scars affoss ital
1268491743814733824,2020-06-04,12:36:13,applic president cont aiut interveng non è possibil disabil tratt immondiz graz president confid aiut
1268491423764144129,2020-06-04,12:34:57,press via pol portic ingress via aldo mor via pol cos potr cohausing contest compat esigt disabil disabil esser uman portic neg diritt uman convenzion onu non è
1268490889866903553,2020-06-04,12:32:50,manager campan architettur viv pianerottol prim line offes minacc president cont sol dispon convert cas centr accoglit profug cas situ zon central
1268490649722028032,2020-06-04,12:31:52, cal consens perc confert stamp cal special casalin non cred più italian
1268490537897734144,2020-06-04,12:31:26, parc cirill non modal poter cohausing legg perc minacc mort vessazion insult list proscrizion denunc per condomin protezion soggett disability
1268490125253783553,2020-06-04,12:29:47,president buongiorn affett malatt rar cfs sorell mar è affett grav sindrom spettr autist viv portic parc cirill condomin disabilefob omofob poic domand legg cohausing cas
1268487330337304576,2020-06-04,12:18:41,fin televend pentol
1268485898284552195,2020-06-04,12:13:00,bla bla bla promess
1268485649822343174,2020-06-04,12:12:00, umil cittadin buon sens è fin aspett italian giunt person perben ènon non concord agir consegut foldedhands foldedhands
1268484921552777216,2020-06-04,12:09:07, supercazzol prematur antan scappell destr clownfac clownfac clownfac clownfac
1268482361127243776,2020-06-04,11:58:56, german abbass 16 chiest permess chied qualsias dobb chied permess german iva german
1268479120352083969,2020-06-04,11:46:04,lasc perd recovery fund mes aiutiamoc sol erobanc sottospec usur
1268477676068757504,2020-06-04,11:40:19,non cerc nascond incapac spavent virus govern convivrem virus sper non govern ital far brutt elezion
1268470166326837249,2020-06-04,11:10:29,egr sig presidenteassum disoccup forz esegu dirett govern soddisfac parametr mission giornal cos risolv problem lavor garant sicurezz territor nazional
1268468009728909312,2020-06-04,11:01:55, amic bill gates soros poutingfac
1268467920960618497,2020-06-04,11:01:34,non ved vai poutingfac poutingfac poutingfac poutingfac poutingfac poutingfac poutingfac poutingfac poutingfac poutingfac poutingfac poutingfac poutingfac poutingfac
1268466630541152260,2020-06-04,10:56:26, cap guadagn precedent perc è lì cas chiam accatton cont
1268462683856220161,2020-06-04,10:40:45, dovrebb vergogn facewithrollingeyes
1268462214639431681,2020-06-04,10:38:53,opposizion ridicol può starc govern non può raccont istituzional obblig banc istitu dar sold cittadin tant categor difficolt fam
1268462152668655619,2020-06-04,10:38:38, decret rilanc giugn scad sbagl
1268460994151550977,2020-06-04,10:34:02,vol ringraz 400 000 post lavor pers dat orma ricchissim non sapp più mett governodellavergogn
1268460109652467712,2020-06-04,10:30:31,signor cont non vergogn esclus invalid civil bonus dat ordin declin bonus p iva invalid pension minim non vergogn non dirett
1268448587794591744,2020-06-04,09:44:44,dimission non govern non vuolenon degn andat lavor incompetent
1268447424772812801,2020-06-04,09:40:07, vatten president fall
1268447368833359873,2020-06-04,09:39:53,immens president toparrow italy clappinghands
1268445575814565888,2020-06-04,09:32:46, buon avvoc popol ascolt non è competent è avvoc poltron tien strett
1268444644230250496,2020-06-04,09:29:04, uffic postal catanzar pension fil ritir sold veng rimand cas perc non sold preoccup preoccup
1268442472377716737,2020-06-04,09:20:26,gius ma non convien soddisf prim promess già fatt e pens cris nn sold lo cap
1268439397529247745,2020-06-04,09:08:13, organizz raccolt firm chied smett darc sold non sapp più mett preg
1268436848835256322,2020-06-04,08:58:05,ahahahahahaahahahah ho prefer port can sporc ascolt ming pupazz incravatt
1268434361055150082,2020-06-04,08:48:12, premier tracc percors segu attu progett rinasc è guard coragg vision più veloc interconness sosten ecolog italiaripart
1268432666707349505,2020-06-04,08:41:28,sper ben crossedfingers crossedfingers
1268427972316409857,2020-06-04,08:22:49,buffon
1268427893056647170,2020-06-04,08:22:30,ah ok non cap cazz reg rag
1268423812955230208,2020-06-04,08:06:17,dett à parol sembr credibil è smett finanz grand impres hann pass serv aiut piccol impres agricol serv buon combatt radical fiscal ridurr tass aiut giovan
1268423574840360961,2020-06-04,08:05:21,smettil farem prend fatt non parol
1268420066011492355,2020-06-04,07:51:24,band infam maledett
1268419232464809984,2020-06-04,07:48:05,sol ball sol promess
1268418724547231744,2020-06-04,07:46:04, unit sol person
1268416701135282177,2020-06-04,07:38:02,compl president lavor svolt non ascolt critic insuls
1268416349103161344,2020-06-04,07:36:38, sostanz arriv dat precis andrann beneficiar ammont interess dovr restitu temp percentual rest chiacc imbonitor
1268415499303628801,2020-06-04,07:33:15, rovin regol museruol plexiglass distanz risult lavor lavor turism governodellavergogn coronavirus covid19
1268407753413988353,2020-06-04,07:02:28, consu promess vuot campagn elettoral dimission
1268403890568953856,2020-06-04,06:47:07,buffon vatten cas
1268403772851716096,2020-06-04,06:46:39, casalin dat permess andar cen confert bell ved levatur dett regol inquadratur pagliacc
1268393480033898496,2020-06-04,06:05:45, distrutt non sap più pesc pigl chied andat cul maledett parass
1268391358223581184,2020-06-04,05:57:20,cont è miglior president pot
1268391178745061376,2020-06-04,05:56:37,car avversar polit social ideolog non arrend
1268346352397889536,2020-06-04,02:58:29,buffon cialtron fium promess parol vuot fatt zer aspett criminal
1268323364160049152,2020-06-04,01:27:08, scritt più orama regolarizz insensat migrant simul naufrag costring accogl dar giustif plausibil trad italian purc non dimostr non è ver
1268320066296320004,2020-06-04,01:14:02, popol ital non vuol masson govern ball abus non ve andat cacc trad costitu ciò merit uscir ammanett
1268313194876956673,2020-06-04,00:46:44,premier cont segu volentier clappinghands clappinghands clappinghands graz ros
1268312815778934785,2020-06-04,00:45:14, fin non cag neanc strisc apert ristor prefer spritz nesdun sent figur ascolt
1268305524434575361,2020-06-04,00:16:15, pers confert arriv staser cos doman avvis banc
1268301882642108417,2020-06-04,00:01:47, virus non esist più govern muor
1268299738891399179,2020-06-03,23:53:16,compl president ottim discors fiduc prospett rinasc meridional dic graz intenzion sud cred buon buon lavor president cont italy clappinghands clappinghands clappinghands clappinghands clappinghands clappinghands clappinghands
1268294752950259713,2020-06-03,23:33:27, mln
1268294674000891908,2020-06-03,23:33:08,graz
1268293752386355200,2020-06-03,23:29:28, picc ridicol raggiung quest non è govern collettiv govern è marcat social collettiv statal autoritar dimostr
1268293409938255872,2020-06-03,23:28:07,non so non graz rid dignit istitu italian aspett president
1268292676417396737,2020-06-03,23:25:12, thinkingfac incend rom autobus distrutt fiamm depos atac maglian facewithsymbolsonmouth maf capital virgin ragg movimento5stell poutingfac poutingfac poutingfac poutingfac
1268292369742540801,2020-06-03,23:23:59,president più spavent paur ver confert stamp sussegu fras fatt problem è assol imprepar dimostr spar dir tv non provved econom andat buon
1268291531707990016,2020-06-03,23:20:39, vergogn mi chied non minim coerenz riconosc incapac total fall
1268290952696860673,2020-06-03,23:18:21, coglion
1268288440770191360,2020-06-03,23:08:22, ascolt
1268283989586063362,2020-06-03,22:50:41,manc ascolt più
1268282748579516416,2020-06-03,22:45:45, scus non combin mazz ver giusepp punt vot produc bimb cont camb registr
1268282439551668225,2020-06-03,22:44:31,graz president io fid conosc ben ladr ignor bugiard
1268279134997958657,2020-06-03,22:31:23, confert non cap piripicc è figl urag apocaliss
1268278634663591937,2020-06-03,22:29:24, president ama cred ital miglior avant
1268278565772111875,2020-06-03,22:29:08,boicottiamol vot
1268277864157380608,2020-06-03,22:26:20,tenedeviand squallid poltronar
1268274087278841869,2020-06-03,22:11:20,vergogn polit pien sold emer cazz annat lavor
1268272747555229696,2020-06-03,22:06:01,graz president
1268269710057103361,2020-06-03,21:53:56, spost region pagliacc propr regol trov pessim confond mult più registr sit cio serv ste fars
1268269585469497347,2020-06-03,21:53:27,er minchion non conosc quann nasc conosc quann cresc l ital muor parl oper faraon
1268269336751472641,2020-06-03,21:52:27, bellissim programm elettoral minuscol problem fam
1268269263745363968,2020-06-03,21:52:10,prefer prugn andar corp
1268269085948862465,2020-06-03,21:51:28,spar mediocr governodellavergogn
1268268777310912513,2020-06-03,21:50:14, aspett qst incapac govern sold non arriv non arriv sistem far ripart è cre monet parallel fatt cittadin sar accett cittadin vend acquist salt piè par qst cialtron pd m5s
1268267451529166851,2020-06-03,21:44:58,graz president essers dimentic oper gioc legal sa figl manten sold poch arriv ritard incertezz sa compres famigl cred sapp
1268266333759778816,2020-06-03,21:40:31,non ben cap stavolt piov test banconot monetin cos organizz
1268266190012592135,2020-06-03,21:39:57, dj lett conosc palamar sai chied grand fratell italian svegliat siam govern incompetent
1268265723949875201,2020-06-03,21:38:06,mister farem ben trov lavor più quattrocentomil pers occup marz april dat istat incant italian chiacc incant scem
1268265029494886402,2020-06-03,21:35:20, vom per costu non più usa è guerr civil vol port piazz rivolu non minim dignit togl coglion
1268264874175578114,2020-06-03,21:34:43,guard cap discors enigmat far cap padron frett paur popol vien prend scapppaaaaaaaaaa traditor
1268264123567149059,2020-06-03,21:31:44,rispost ritard cass integr chius ristor dipendent dobb
1268263499144196097,2020-06-03,21:29:16,immensooooooo redheart
1268263479972167681,2020-06-03,21:29:11, amo ero faceblowingakiss heartsuit ros
1268263450637205507,2020-06-03,21:29:04, riformul reat abus sar mic salv salvin process open arms
1268262197647605760,2020-06-03,21:24:05, stekkkkholders è hamburger mcdonalds rollingonthefloorlaughing
1268261477141577731,2020-06-03,21:21:13,dimission
1268261315518365698,2020-06-03,21:20:35,verre carton boing
1268257338797981697,2020-06-03,21:04:47, prim sold europ arriv prim ben parl non sap progett richiest poter risors andat
1268257178974130176,2020-06-03,21:04:09,ah buffon ma non dov 400 350 stanz pagliacc rollingonthefloorlaughing rollingonthefloorlaughing rollingonthefloorlaughing
1268257082459017218,2020-06-03,21:03:46,ben evasion rebibb richied sospension direttor carc inchiest risolutor è govern collus malav
1268256914917425154,2020-06-03,21:03:06, ridisegn pers lasc star dat prov grad compett capac graz davver ben cos ok
1268256662596485123,2020-06-03,21:02:06,intervent poderosissim raisinghandsmedium lightskinton
1268256607634444289,2020-06-03,21:01:52,president rispost giustissim confront president industrialil parol non giustific vad avant president
1268256457423818752,2020-06-03,21:01:17, ben evasion rebibb incapac dirig carc signor non attrib dimission è govern prend semma potr verit divers collusion
1268256434992689155,2020-06-03,21:01:11,digitalizz elimin sommers modernizz guard vis brevett già criptoval dic complott viv fantas vuol colleg puntin dub ce q
1268256126476451842,2020-06-03,20:59:58,prim vai via non vogl più band cialtron abus via
1268256078317457411,2020-06-03,20:59:46,non arres lott italian convint tutt ce farem pian pian uscend situazion cris dobb president graz italy redheart
1268255886935576576,2020-06-03,20:59:01,colleg inps licenz mot può mett incapac integr
1268255769004331010,2020-06-03,20:58:33, fascist attacc opposizion assoc categor addirittur clinic vergogn attacc chiud front fall arrog antidemocrat verit
1268255751790833664,2020-06-03,20:58:28, legg inno mamel tir somm zer contedimett governodimettetevitutt governodellavergogn
1268255699819266050,2020-06-03,20:58:16, mill migliard clownfac raisedfist a whitemediumst whitemediumst whitemediumst whitemediumst whitemediumst
1268255350542778369,2020-06-03,20:56:53, è dimentic cas bisogn mang noiabb famigl figl
1268254543965544448,2020-06-03,20:53:40,sper part iva poter vend ari fritt incapac cronic
1268253972890103808,2020-06-03,20:51:24, maivotatodanessun exclamationquestionmark graz wavinghand wavinghand
1268253960391049218,2020-06-03,20:51:21,far lavor arriv surreal promess chiacc ved benissim non cred neanc parol è rimast briciol dignit è togl lasc non doman
1268253939872514048,2020-06-03,20:51:16, permett president parl cost jonic non dimentic jon cosentin è rimast ospedal
1268253919811166209,2020-06-03,20:51:12, fortun frutt andat avant inerz dobb ammett riusc intent affoss ma rialz pover schi contedimett italexit
1268252226050539524,2020-06-03,20:44:28,avvolcatucol puglies total ignar dinam econom polit serv far funzion chiosc spiagg lev cazz rott coglion dann fatt
1268252114016501761,2020-06-03,20:44:01,graz president continu rinasc italian onest
1268252088913534981,2020-06-03,20:43:55,buonaser proffesor cont potr usufru cred dat pag attiv commercial april magg commercial non poss utilizz
1268249441984749579,2020-06-03,20:33:24,sar felic lasc palazz chig elezion manovr palazz è prop scad person è attacc pot
1268248934075555851,2020-06-03,20:31:23, vergogn pdc
1268248748116848641,2020-06-03,20:30:39,buffon dimett
1268248420835381251,2020-06-03,20:29:21,finitel commed rott cazz
1268246108205125633,2020-06-03,20:20:09,contedimett graz
1268244029117997058,2020-06-03,20:11:54,buffon non val parol vent confert stamp mar frottol incapac
1268243667262869505,2020-06-03,20:10:27,manc casalin dà rett orma
1268243471493738497,2020-06-03,20:09:41,graz
1268243327444541443,2020-06-03,20:09:06,giusepp prim promess dov manten fatt staser sondagg pers punt percentual prossim confert fall cas grand fratell recuper
1268243256841773059,2020-06-03,20:08:49,pag elettron band larg vaccin ah bell ved anna pass lung ben distes buffon
1268242848119488514,2020-06-03,20:07:12,compl continu favor banc amichett var popol fam cass integr zer aiut impres pacc è fin popol chiest test
1268242838648750083,2020-06-03,20:07:10, svez rinunc lockdown esce cris covid 19 rapport mort abit miglior prov foll chiusur prolung region meridional impost task forc govern incapac prend respons
1268242166335315968,2020-06-03,20:04:29, europe isol fisic polit econom uman daj pagliacc
1268241939746500608,2020-06-03,20:03:35, dirett cas ser cont vaffancul
1268241530290044931,2020-06-03,20:01:58, star chius palazz dovrest fart bell passegg ascolt ved divar real promess sold arriv è realt
1268241407371812865,2020-06-03,20:01:28,verb prevalent farem farem farem chiacc
1268240671594500098,2020-06-03,19:58:33,torn dic chied recovery fund non ben decis ti ricord serv paes ue non sa termin condizion fin prend gir italian
1268239075217158146,2020-06-03,19:52:12, questur non è apert non funzion aspett permess soggiorn poss lavor permess soggiorn
1268238898783752192,2020-06-03,19:51:30,vergogn collus assassin
1268238154710028289,2020-06-03,19:48:33, vol barcellon rom giugn s m non cancell programm vol dovrebber riprend regolar 1 7 bell schiaff govern sinistr estrem
1268237425874264068,2020-06-03,19:45:39,mamm bouquet ball impropon rim cap pochezz andat via
1268236621910102017,2020-06-03,19:42:28, govern odi profond perc non fat vot cos conferm yep
1268235644167491590,2020-06-03,19:38:34, gerund non manc lacun cass integr bonus autonom campacavall
1268234820951433221,2020-06-03,19:35:18, riguard tavol ment brillant galler è res dispon h24
1268234696938356742,2020-06-03,19:34:49, vision polit appell sent
1268234444080664576,2020-06-03,19:33:48, cont lavor pers econom suicid fil caratis mont pegn monopattin sbarc nuov risors andrem avant non rimarr poltron middlefinger smilingfacewithsunglasses
1268233941296787456,2020-06-03,19:31:48,ringraz president calm pac ide obiett chiar lavor ben non è comp facil cos difficil graz foldedhandslightskinton
1268233327728889856,2020-06-03,19:29:22,cont cos non pot allucin è convint ben capac cre terror scus protegg virus gioc pot abilissim distrugg meravigl
1268232894394359808,2020-06-03,19:27:39,non cred più sol parol ciò dit dic
1268231730848124928,2020-06-03,19:23:01, unic arriv bonus monopattin rest terror autorizz mumm
1268231462924369920,2020-06-03,19:21:58, cazz promett spar circol cricc incapac dio fulmin
1268231412169179137,2020-06-03,19:21:45, collass lavor non azi lavor form ridott stuf farem aspett cass integr derog finitel orma zer credibil
1268231075941068800,2020-06-03,19:20:25, strateg vincent è impover ultim più ultim sold non so vist chiacc zer andat affancul monopattin fat prim insult non bast più middlefinger
1268231001261604871,2020-06-03,19:20:07,buon lavor president a govern sper ver camb bel sper cambin italian che rend cont attiv camb critic polemizz inutil
1268230783434702854,2020-06-03,19:19:16,s è scord sardegn non è prim serv poligon militar par sort dependanc ved parlamentar sard soprattutt maggior govern smilingfacewithhorns
1268228485614637056,2020-06-03,19:10:08,
1268227530911363074,2020-06-03,19:06:20, sold europ poch è inutil far sper italian parol parol parol
1268227197422239747,2020-06-03,19:05:01, scend mart faccel sap verrem accogl pomp magn rispett distanz social fot merd visp teres
1268227143281958914,2020-06-03,19:04:48,president più tranquill infond seren lasc bas capac manten signoril contraddistingu sant verrebb manc pazienz graz mill graz redheart redheart redheart
1268226397228675077,2020-06-03,19:01:50,giustissim produtt funzionar pubblic
1268225464247746561,2020-06-03,18:58:07, arriv sold cig
1268225128216825857,2020-06-03,18:56:47, parol fatt 0 per fortun son medic dissobidient han autops il govern neg effettu chiss venet test propr tant azi han pag cass integr se ecatomb ancor più grav
1268224750876274688,2020-06-03,18:55:17, pipp non ven
1268224605443043334,2020-06-03,18:54:43, imbarazz
1268224074863575041,2020-06-03,18:52:36,grand president le rinnov stim buon lavor graz perc è non personagg thumbsup flexedbiceps smilingfacewithsmilingeyes smilingfacewithsmilingeyes redheart
1268223912715915264,2020-06-03,18:51:57, sol lisc fatt zer
1268223826502062084,2020-06-03,18:51:37,elegantissim bellissim cravatt
1268223825654755331,2020-06-03,18:51:37,oh ma decret sold profession bisogn scriv
1268223342135455744,2020-06-03,18:49:41, è è pres spicciol promess è gocc mar sa tragrand maggior aspett
1268223306630660098,2020-06-03,18:49:33, scus non spes
1268222553966985216,2020-06-03,18:46:33, ragion valut compless schif total non parzial contedimett
1268222221316751361,2020-06-03,18:45:14, suocer ma lì viv ital
1268221330580746241,2020-06-03,18:41:42, sold dann buc matt nooo fat buch cervell chiss esca
1268221063021899777,2020-06-03,18:40:38, domand giusepp gf non ce parl lavor lavor lavor ven fat semplic schif
1268220961385480192,2020-06-03,18:40:14,non opposizioneurl salvin melon caotic manif fascist pappalard salvin melon oggi assent aul decret scuol dorm sonn cojotedop ulul mascherin infett rom
1268220597013807117,2020-06-03,18:38:47, giornal incalz addomestic
1268220509965225987,2020-06-03,18:38:26, vatten affancul
1268220483973103617,2020-06-03,18:38:20,sol solf mett farem vedrem
1268220456659824642,2020-06-03,18:38:13,graz botenzadifuoc aspett cig pagliacc
1268220249926746116,2020-06-03,18:37:24, fortun ver mort fam non starnazz
1268220101117050881,2020-06-03,18:36:49, port mascherin casalin cubist mucc assassin preg predisporr forz vigil urban assett antisommoss non torturin strad cittadin priv disposit imped respir ari pul
1268220089951760384,2020-06-03,18:36:46, sonn coyot ragion destraassent aul decret scuol ier mascherin distanz pappalardomelon salvin a bocc scopert infett rom tutel finor covid graz misur zingarett spallanzan
1268219139275055107,2020-06-03,18:32:59, chied coragg chied vuol asil nid priv risc fall fasc 0 3 dimentic abbandon
1268218897930616832,2020-06-03,18:32:02,vai via cazzar piazzist chiacc pien promess non manten
1268218786924158977,2020-06-03,18:31:35,potenz univers apertur nuov sed distacc territor numer chius la scrematur verr fatt via natural univers campus universitar allogg togl caporal affitt citt sed universitar
1268218664710520832,2020-06-03,18:31:06,valut pont strett pregiudiz sprec tav scherz ver non valut perc progett non è fattibil
1268218356789923840,2020-06-03,18:29:53,dimett contedimett
1268218275164573703,2020-06-03,18:29:33, parl non televend
1268218227076759552,2020-06-03,18:29:22,ved sar cretinett domand bar sport
1268218081807130625,2020-06-03,18:28:47,dobb dobb dobb la fibr burocraz industr 4 0 bla bla bla bla è pezz dov cominc davver governodellavergogn è scad
1268217879775895552,2020-06-03,18:27:59,confront forz polit opposizion recovery plan pian rinasc estrem revoc autostrad vann esamin propost transatt
1268217834083094530,2020-06-03,18:27:48,non non val person
1268217559263981570,2020-06-03,18:26:43,singol ment brillant chiam
1268217475931549696,2020-06-03,18:26:23, sol propagand segu non sment contedimett
1268217471451967488,2020-06-03,18:26:22, lancer ciel bazook user incroc lanciamissil lanc ennesim caxx
1268217411439865858,2020-06-03,18:26:07, rifil mes
1268217119180754944,2020-06-03,18:24:58,alta veloc unic progett sur beiper non mes stud pont strett grand progett pont strett
1268217116643262464,2020-06-03,18:24:57,ottim discors teng fort ver fort augur
1268216922165960710,2020-06-03,18:24:11, briefing seral scord menzion tratt ferroviar genov ventimigl nic franc ricord non è ultim raddopp binar occorr percorr km
1268216850900533248,2020-06-03,18:23:54, parol graz
1268216826116407300,2020-06-03,18:23:48, unic dov sent rassegnoledimission non millemilaparol millemilamiliard
1268216825185255427,2020-06-03,18:23:48, sold cass derog ved eur categor più abbient ricev bonus compl govern tutel ricc
1268216787792998403,2020-06-03,18:23:39, marz maggior italian non vot programm elettoral cont uccid democraz
1268216646566641664,2020-06-03,18:23:05,giusepp part iva 2200 ho pres 600 600 cas riprend
1268216319326990336,2020-06-03,18:21:47, scuol famigl cavol president evit appront argoment port complet delusissim davver
1268216111503458304,2020-06-03,18:20:57, costrett invoc tecnic scongiur bancarott govern berluscon melon leg vot doman elettor ridarebber fiduc popol prigionier
1268216105606295556,2020-06-03,18:20:56,grand progett digitalizz invest econom sosten diritt stud nuov post ricerc riform organ codic civil riform fiscal sosten impres utilizz somm part social
1268216094579458057,2020-06-03,18:20:53, prioritaaaa popol fam veloc rend evolutaaaa sei s t dall realtaaaa svejieteeeeeee
1268216060500750337,2020-06-03,18:20:45, è sequel promess special non verrann attu ennesim gir italian
1268215928879226881,2020-06-03,18:20:14, uccid miglior rimast ital brav handshak handshak handshak
1268215855936081920,2020-06-03,18:19:57, casalin cravatt antipat
1268215847752998913,2020-06-03,18:19:55, ascolt poch min sempr stezz cazz scus dovr dovr ancor sti non arriv prim 200ema digitalizz far emerg monet sommersaband larg baggian di concret vuot non tac
1268215725438705664,2020-06-03,18:19:25,farem realizz progett piccol grand presid vuol veng parl ok
1268215695281664002,2020-06-03,18:19:18, president cred davver non ce raccont tant bbbbaaalll assiem farem vad soffr davver tenerezz cred è
1268215575576182785,2020-06-03,18:18:50, chied ment brillant non rollingonthefloorlaughing rollingonthefloorlaughing rollingonthefloorlaughing capr pagliacc
1268215480273317896,2020-06-03,18:18:27, cas cass integr cazzar
1268215309548376066,2020-06-03,18:17:46,dovrem farem dobb punt fort diritt stud rollingonthefloorlaughing rollingonthefloorlaughing rollingonthefloorlaughing azzolin invest camb giustiz vuol mett man codic civil facescreaminginf verrann approv potrem attu riform fisc rivist facewithtearsofjoy gius
1268215299213611015,2020-06-03,18:17:44, preg pens non più giovan non età pension rimast lavor
1268215220478115841,2020-06-03,18:17:25, parl incominc pag non ved eur buffon non vogl mes non vogl 5g vogl spar rovin bell ital vergogn
1268215199061983232,2020-06-03,18:17:20, liber profession costant esclus iniz
1268215139129491460,2020-06-03,18:17:06,graz parl invest ricerc econom green scienz pens quotidian
1268215119026229251,2020-06-03,18:17:01, zitt vad
1268215019763793920,2020-06-03,18:16:37, dovr continu interven prossim ve conced brav buon intenzion non grad attu italian stuf pres gir govern
1268215009986969601,2020-06-03,18:16:35, intermittent non eur
1268214946913026052,2020-06-03,18:16:20,farem darem rilanc lumac corr più
1268214899580305413,2020-06-03,18:16:09, sent davver cittadin italian color polit sent ved pdc continu star tv farem serv scherz davver sin davver rattrist
1268214765953769472,2020-06-03,18:15:37,cont zitt è
1268214725642461184,2020-06-03,18:15:27,president non diment nom cognom
1268214691794468865,2020-06-03,18:15:19,miliardiiiiiiii una bodenz fuogooo a cicciooo son appen forsee a gennai ma fin abbindol popol
1268214670168653824,2020-06-03,18:15:14, ved cont è ordin lav pul non sput catarr lam risult più piacevol ved non parl polit presenz non potra buon premier non class primaglisput
1268214661209563137,2020-06-03,18:15:12,vad presid annunc dirett mondial legalizz cannabis ital
1268214441692336130,2020-06-03,18:14:19,guard dic dovrem farem dic sann cavol ven tv prend gir cos
1268214401510891523,2020-06-03,18:14:10,bell bepp non moll
1268214381466324995,2020-06-03,18:14:05,pag ammortizz social
1268214317419298817,2020-06-03,18:13:50, ser vai ciapp rat
1268214156118953985,2020-06-03,18:13:11, vs strateg vincent rispett vs strateg chiud cas com cts saccent ver scuol chius prim risal dat ripartt diment student scuol
1268214105426595843,2020-06-03,18:12:59, fortun giusepp
1268213885993091072,2020-06-03,18:12:07,grand grand immens president cont graz esserc clappinghands clappinghands clappinghands clappinghands clappinghands clappinghands clappinghands clappinghands clappinghands clappinghands clappinghands clappinghands clappinghands clappinghands clappinghands clappinghands clappinghands clappinghands clappinghands clappinghands clappinghands clappinghands clappinghands fourleafclover fourleafclover fourleafclover
1268213516244312064,2020-06-03,18:10:39, grav leggerezz rifer prof zangrill augur professor professor p maiuscol non vant cts distrutt inter dovrest chied scus attacc
1268213466541764616,2020-06-03,18:10:27,chied scus anneg bug
1268213436623867906,2020-06-03,18:10:20, spot cass integr non pag
1268213315349733382,2020-06-03,18:09:51, merit sorris sorris non lavor non eur fond artigian appen sar possibil licenz sar disoccup non bast prossim settiman fin settiman cass
1268213083756994561,2020-06-03,18:08:56,gilet arancion manifest grec vol sol andat graz
1268213053314736128,2020-06-03,18:08:48,fin 4g fru ganasc progress scienz vagh president
1268212969374187523,2020-06-03,18:08:28,buffon paes non chius cas controll vist delinquent spar virus peggior
1268212942815678465,2020-06-03,18:08:22,graz grand president
1268212771726020616,2020-06-03,18:07:41, president affidiamoc europeanunion redheart
