id,datestamp,timestamp,tweet
1244050180112080902,2020-03-29,00:54:10, pacc alimentar buon spes datel mln regalateserv noiall ns impreses risult tass pag sudor sacrificiun govern rispett non antepon beness propr cittadiniliquid elemosin
1244048964711862272,2020-03-29,00:49:21,pront comun legg marzial
1244048922626138119,2020-03-29,00:49:11,sparisciiiiii
1244048187540865025,2020-03-29,00:46:15, dirett blocc bollett blocc mutu per famos 600 commercial non sann procedur caus grovigl burocrat gioc
1244048096843182081,2020-03-29,00:45:54, utilizz bisogn ved arriv cittadin arriv
1244047455576100870,2020-03-29,00:43:21, cervell accend è quaranten cont cerc gest situazion grav risors schif unit fin chiediamogl cont ultim
1244046006808952834,2020-03-29,00:37:35,continu parl
1244044395944558600,2020-03-29,00:31:11,lev stracc blu brucial dirett italexit
1244042101408628738,2020-03-29,00:22:04, spunt pover sapp esserc popol sommers sconosc fisc ripar piag che comport manc risors mal nutr alè sold à
1244041164715679749,2020-03-29,00:18:21, polit prend 600 mes april avvicin
1244039883716468737,2020-03-29,00:13:16,aggiung piccol particol perc period smart working azi non pag ticket buon past cas non mang già azi risparm elettr riscald non usan covid2019ital giuseppecont ticket
1244039881900331011,2020-03-29,00:13:15,graz president cont
1244038506789437444,2020-03-29,00:07:47, cont fatt poch eur person andar elemosin comun partor idioz italian non vogl elemosin paes ser vers dirett cittadin cifr dignit governodellavergogn contedimett
1244035806035169285,2020-03-28,23:57:03,ah cred dar caff sant eustac ben ben
1244035110539857920,2020-03-28,23:54:18,inizial non dat lir ammettom è merdai incred uscend grandes ripens renz berluscon gel sangu ven altern trumpin bolsogiorg
1244033145000910851,2020-03-28,23:46:29, chied pens viv intro deriv fitt immobil pens farem sold fin viv assicur tass irpef pag mes prossim
1244033000129597442,2020-03-28,23:45:54,andat cas non capac
1244032884790439936,2020-03-28,23:45:27,immagin istant sed sed qualcun graz president
1244032188653408259,2020-03-28,23:42:41,pover man
1244029962866360320,2020-03-28,23:33:50, libr stor trov scritt premier quart potenz industrial eur è fin chied ret unific
1244029456471244801,2020-03-28,23:31:50, promess sold stanz arriv cittadin
1244028738221871104,2020-03-28,23:28:58,prim cont popol ital trad propr fratell bisogn verr ricord
1244028662913138690,2020-03-28,23:28:40,tot peppin malafemmin
1244027045555900416,2020-03-28,23:22:15, dovr uscir cas comun erog non chiar perc uscir cas form assembr non usciam più testin
1244026363549487106,2020-03-28,23:19:32,verr ricord burattin bruxelles italexit coronavirusitaly contedimett
1244026338467594241,2020-03-28,23:19:26,president non so aiut denar comun giust sbagl sufficient insufficient so vogl lir italian è non riguard non interess italexit
1244026250785689602,2020-03-28,23:19:05,riteng opportun valut chiusur più stringent lombard pens apertur selett post april region
1244025974926295041,2020-03-28,23:17:59, schiaff vonderleyen gaff lagard è chiar mancanz confront italian dimett deput europe pretend par dignit
1244025096815116289,2020-03-28,23:14:30, peggior govern stor unic consol elett facevomiting facevomiting facevomiting facevomiting facevomiting facevomiting
1244024705109176320,2020-03-28,23:12:57,imbarazz sar disastr non cap
1244024279257227266,2020-03-28,23:11:15,umil propost italian maggiorenn bonus stipend pension onlin comunic cellul iban accred 600 100 figl minor cont test mes emergt sanitar non chied uscir chied comun
1244024196679847936,2020-03-28,23:10:55,compl scaricabaril
1244023918668759041,2020-03-28,23:09:49, entrer annal stor verr ricord trad govern ital popol
1244023193771413505,2020-03-28,23:06:56,segu grand attenzion confert stamp speranz sent pronunc dov scus popol ital accompagn dover dimission liberac insopport presenz dimett contedimett
1244022046050451456,2020-03-28,23:02:23, lett ben guard signor giall sol caxx fam vol paragon churchill clownfac clownfac
1244021200311013378,2020-03-28,22:59:01, scatolett tonn rio mar test azz che shock econom facewithtearsofjoy facewithtearsofjoy
1244021010875265026,2020-03-28,22:58:16,4 3 comun dat mes prim non fenomen
1244020968777023488,2020-03-28,22:58:06, realt comun dovrebb pens pover comun sbatt pall arricc sold ricostru stagional non rientr marz lavor
1244020890632892416,2020-03-28,22:57:47,serv modul far fil comun dovr metr dev star redd cittadin dar beness
1244020780557574144,2020-03-28,22:57:21,è grand onor president ital
1244020700110880769,2020-03-28,22:57:02,signor cont deleg sindacinon cred scaten cors cre caos manier più dirett più efficient
1244020281968144384,2020-03-28,22:55:22,portat avant cominc togl stracc blu spall
1244019940392349696,2020-03-28,22:54:01, ver mort covid pront pront italian ricord salvin fren mass cittadin qualqun è piac gioc uman ved risolv fam rabb lavor glds
1244018471484166144,2020-03-28,22:48:11, mar lavor cas non può star è risc figl cas pensier succed dov aiut
1244018049205907457,2020-03-28,22:46:30,vergogn bisogn fatt concret non parol vent
1244017889881047041,2020-03-28,22:45:52, ver vol davver prend gir
1244017063829688320,2020-03-28,22:42:35, cred statist non riesc cap coglion
1244015655525003264,2020-03-28,22:36:59, comun boi
1244015005542035456,2020-03-28,22:34:24, dar fond comun ved cos facevomiting
1244014708069470208,2020-03-28,22:33:13, situazion estrem ser cap ton ferm non diplomat confront partner europe vorre sapp non sar facil grand squadr govern son fiduc
1244012811182899200,2020-03-28,22:25:41,egr president cont merd coll preg non continu onde
1244012521155170305,2020-03-28,22:24:32,è rob incapac
1244011889404846080,2020-03-28,22:22:01,mah rob accatton
1244011681409372160,2020-03-28,22:21:12,non cazz sol anticip sold comun incapac buffon traditor okki popol affam cerc far giustiz
1244011112565260289,2020-03-28,22:18:56,ottim soluzion ver non poss mang non vogl denar contant andar alcol drog gioc macchinett
1244010678308024323,2020-03-28,22:17:12, dev hann capii dev slogg
1244010223062388736,2020-03-28,22:15:24,preg comun ricev fond bisogn indigent veng controll perc consuetudin dichiar fals favoregg non bisogn esclud bisogn
1244010045580468226,2020-03-28,22:14:42,signor president confert stamp parer dov epocal fat vant parl oltre comun è mettess disposizion centesim abbient comun
1244009619351011328,2020-03-28,22:13:00,pien ripres attiv ma viv bambin cap è assurd afferm è nott
1244009080437555200,2020-03-28,22:10:52,grand president più orgogl italian foldedhands
1244005854229168129,2020-03-28,21:58:02, vergogn nazional 50k comun non vien spes famigl fat schif sciacall
1244005760704614400,2020-03-28,21:57:40, rend cont non grad occup pass è draghipremier
1244003909942808576,2020-03-28,21:50:19,graz president per mett redheart italy graz
1244003791420239872,2020-03-28,21:49:51, person pension minim lavor camp perc affitt bollett pension non è sufficient perc trov calpest dignit cos difficil govern ital
1244003132851486720,2020-03-28,21:47:13,comment cancell w democraz
1244002941243142144,2020-03-28,21:46:28,ce farem redheart italy redheart
1244002018789916672,2020-03-28,21:42:48,sper non 80 renz conguagl rivogl gir gir ball
1244001465536057345,2020-03-28,21:40:36,cont fatt scaric comun pat bollent social anticip fond già spett più manc spicciol semplic inadegu vergogn
1244000407749308417,2020-03-28,21:36:24, non ved aiut concret cittadin difficolt
1244000227486507008,2020-03-28,21:35:41,que sold dei comun già programm lavor ner vorre cap perc è tant cap
1244000077938659328,2020-03-28,21:35:05,aiut sud non poss mang
1244000034909274112,2020-03-28,21:34:55, discors discors settiman non è eur scherz fuoc prest sar polverier popol verr cerc buon intenditor poch parol
1243998768191672323,2020-03-28,21:29:53,annunc sa è posit bla bla bla
1243998737430650880,2020-03-28,21:29:46,vorre sap tuttolog dirett sap sann ammont spes welf ital 1 vorre sap perc parl rivolt 2 perc respir stronz 3 cont diritt tiredfac loudlycryingfac
1243998619218391040,2020-03-28,21:29:17, ben più indigent aspett per super cass integr problemat lungaggin conness lavor priv
1243997975254368256,2020-03-28,21:26:44, ben è appunt stor stor non avvert non chiam sard geometr liber profession figl riteng fortun palazz chig giusepp cont graz
1243997934292742144,2020-03-28,21:26:34,sper torn più nè gruppett
1243997873542500352,2020-03-28,21:26:20,graz president non oso neanc immagin qualcun ciò legg comment cuor non può pretend profond pozzangher
1243997830878040065,2020-03-28,21:26:09,ok comun prend p sold dann bas requis otten buon spes bollett arriv assicur scad affitt pag cazz dovem presid
1243997618268770306,2020-03-28,21:25:19, comun par person vergognat
1243997513796943872,2020-03-28,21:24:54,graz president
1243997497070104576,2020-03-28,21:24:50,graz president
1243997310536880128,2020-03-28,21:24:05,dom comun scegl bisogn perc risors natural limit ital bisogn dovr compil modulist usa uk accred dirett facil contedimett cisalviamodasol
1243997310201344000,2020-03-28,21:24:05,non cap povert non abol
1243997164264660992,2020-03-28,21:23:30,riapr cartoler i figl dev quadern mat penn pennarell gomm
1243996705235877888,2020-03-28,21:21:41, permett farl osserv comun pdc frangent dev esplic real necess sistem it denar serv 150 200mld parl europe nein qual è pian b
1243996296832319488,2020-03-28,21:20:04,bel discors pres graz profond solidariet govern per far sì dett solidariet veng percep più calor italian opportun rappresent istitu promotor iniz solidariet italy
1243996254624976898,2020-03-28,21:19:54, sold comun vol costring spogl dignit andand chied comunes meschin sold vann accredit cont corrent ibam non minim dignit non cap dramm quotid viv vergogn
1243996020905783296,2020-03-28,21:18:58,rispost concr esigt difficolt real italian president ascolt popol cerc agir interess concretoempaticolottatoregraz
1243995521695522817,2020-03-28,21:16:59,non diment pubblic modul vorre complet collezion
1243994979900538881,2020-03-28,21:14:50,cont pens dovrebb europe non aiut
1243994958656397312,2020-03-28,21:14:45, error orror assurd sap cont
1243994921830318080,2020-03-28,21:14:36, è piccolissim pass pensivefac ma non foldedhands
1243994781002412033,2020-03-28,21:14:02, civil intervien aiut dirett cittadin impres costring più sfortun chied comun chied supermerc carit sfasc graz sfasc
1243994702044639232,2020-03-28,21:13:43, cap ger dic vol sold dov firm mes ue vol mor è dobb uscir punt guerr civil
1243994583681425408,2020-03-28,21:13:15,continu promett ari fritt parl arriv forcon clownfac clownfac clownfac
1243994361907630081,2020-03-28,21:12:22,com è stavolt bandier italian è ben vist
1243994168587956226,2020-03-28,21:11:36,elemosin
1243994048035270656,2020-03-28,21:11:08, squallid govern sicur imbecill sar sfugg è scaricabaril pratic non ve accort luned cittadin affam vad assalt municip cre pericol assembr downarrow
1243993169907367936,2020-03-28,21:07:38, monolog ben defin più sa giusepp è ripet present più sindac videoconfert rosar più dat settiman decid fir fir fir
1243993126370492417,2020-03-28,21:07:28,pagliacc contedimett
1243993070171041792,2020-03-28,21:07:14,graz graz decision difficil prend tragic graz storic guid uniticelafarem
1243992661738033152,2020-03-28,21:05:37,è ufficial rott sent dov stud president cavol parl ministr fatt acqua ovunqu credetem non è gocc sudor giusepp
1243992554045046787,2020-03-28,21:05:11,president civil soldin accredit cont corrent non costring cittadin chied sindac
1243992529063772160,2020-03-28,21:05:05,sper provved vad favor sol furbett scansafat cerc espedient comunqu conteilmiopresident
1243991966582530049,2020-03-28,21:02:51,cont ministr gen incompres dov far domand sit famigl bisogn perc non sped cart ricaric i comun ladr comun è commissar sold andrann spacc cio sol
1243991937352433664,2020-03-28,21:02:44, sindac present cas farem emergt dirt gen numer parl controll coragg dpcm pileofpo
1243991924832337921,2020-03-28,21:02:41,è possibil mes coronavirus lombard ministr è ven rom ved parl port confort
1243991924429774849,2020-03-28,21:02:41,president president prim vad fier non persuad quegl alle pront annunc res prim combatt guard condott ten test alta schien dritt
1243991621802344448,2020-03-28,21:01:29, lavor ser povert criminal urla scompost provenz incapac legg infiltr criminal
1243991570581520384,2020-03-28,21:01:17,buonaser pens prend non rimang più sommoss non aspett augur pian b ide più chi ciò sal
1243991563438563330,2020-03-28,21:01:15, post italian almen fabbisogn aliment esigt necessar infin allarg rdc autocertif analis ise incaric comun svolg pratic telemat immed caf patron chius
1243991542861377537,2020-03-28,21:01:10,è rischios far riapr fil cod prend contrib anci pens
1243991485391024128,2020-03-28,21:00:57,occorr attenzion criminal mafios napol palerm etc redd sud ricev rdc nell modal somm relat bonus cas perd lavor ricev immediat cass integr anticip banc
1243991300413718529,2020-03-28,21:00:12, chied scus buon spes chius attiv conosc parol dignit dovrem conviv virus terr cos
1243991146218622976,2020-03-28,20:59:36,eur cittadin dignit non
1243990917561843712,2020-03-28,20:58:41,cont carit cittadin
1243990864852135936,2020-03-28,20:58:29,cont intelligent gen mangen perc cos ritrov mass comun virus ringraz see no evilmonkey see no evilmonkey see no evilmonkey
1243990850968915971,2020-03-28,20:58:25, govern è mess grand prov respons preg president pens trov grand difficolt lavor sold appen possibil ritorn lavor augur fiduc
1243990822607114240,2020-03-28,20:58:18, ultras sempr leg graz nessunotocchicont
1243990674434916353,2020-03-28,20:57:43, comun ricev sold bisogn non oso immagin succed vol scaten guerr civil dat mot uscir cas andar comun spacc port sed finestr sold sol famigl ladr
1243990564254736387,2020-03-28,20:57:17,president intenzion ven lombard ved person situazion
1243990477046722560,2020-03-28,20:56:56,graz president davver agent commerc graz
1243990178303225856,2020-03-28,20:55:45,cittadin europe italian siam italian siam italian italian italian italian italian italian italian italian italian italian italian italian
1243989726350237696,2020-03-28,20:53:57,p g
1243989569072173056,2020-03-28,20:53:20, riconosc italian bisogn leader parl non sottomettiamoc preg bast vend popol ita prod grz spes famigl
1243989432178540545,2020-03-28,20:52:47,fancul cazz avant non prend 15 000 eur mes cazz cazz parl
1243989358987919360,2020-03-28,20:52:30, trasmett più pathos non pass fam cen
1243989166595112960,2020-03-28,20:51:44,president sold pubblic spend farv registr numer troll possibil destinast famigl difficolt scorr rispost tweet scov profil fals pales nat salvagent consens
1243989161960509442,2020-03-28,20:51:43, 600 parl promess partit e non so vist gioc cart coronavirus
1243989132520697859,2020-03-28,20:51:36,andat prend evasor evad compless eur sanit eccellent ottim scuol tass pag
1243989080842670080,2020-03-28,20:51:23,drag aiutac facevomiting facevomiting facevomiting
1243988889041350656,2020-03-28,20:50:38,graz govern graz
1243988808061894658,2020-03-28,20:50:18, fabbric dovrann riapr condizion poter lavor sicurezz risc ammal contag compres familiar non usciam più sopratutt miglior
1243988725488590848,2020-03-28,20:49:59,bell parol mes è rovin
1243988640314863616,2020-03-28,20:49:38,graz signor president
1243988613244870656,2020-03-28,20:49:32,contedimett
1243988463734722560,2020-03-28,20:48:56, onde evit presentin dic indigent esserl sindac scrupol dian buon amic mer
1243988162835288065,2020-03-28,20:47:44,p p s 400m divis comun ugual comun 6 70 cittadin carit ricev piutost nient mei piutost pur gocc covid19
1243988134544781313,2020-03-28,20:47:38,graz president graz heartsuit italy fourleafclover heartsuit italy fourleafclover heartsuit italy fourleafclover
1243988004101898241,2020-03-28,20:47:07, può guar vadin par pass inquin
1243987991355416578,2020-03-28,20:47:03, permett umilt sugger president appront presid guard finanz comun controll regolar consegn buon spes bisogn
1243987925102190593,2020-03-28,20:46:48, nuov autocertif
1243987808781565953,2020-03-28,20:46:20, sugger dimission temp normal non grad gest pandem dimostr inadeguatezz ruol rivest smett aspett non eurobond von der leyen chiar
1243987429637468162,2020-03-28,20:44:50,impostor vacu dev andar incapac pd è cancr pd delendum est
1243987378664099841,2020-03-28,20:44:37, rimand rinv scaric respons brutt serv entro 31 03 2020 bonif dirett cont corrent rest chiacc bar è stuf stuf confert stamp concretezz nomes
1243987227044184067,2020-03-28,20:44:01,sbagl conferm scuol non riapr
1243987091337379840,2020-03-28,20:43:29,president stim tant cattiver offes fastid ciarl costrutt non parol fuoripost non è fuoriluog seriet respons avant cos non è flexedbiceps
1243986834843148291,2020-03-28,20:42:28, cazzegg television stamp eur minibot dann eur famigl italian mollatelapoltron andiamoavot
1243986784138248193,2020-03-28,20:42:16, raccont ball fatt vogl fatt ball raccont tropp ps pall rispond
1243986661266067456,2020-03-28,20:41:46,avant
1243986600738066434,2020-03-28,20:41:32,car dittator comun mortal bisogn cos real smett prend cul abbandon manifest superior peggior sar sicur circ disappointedfac disappointedfac disappointedfac
1243986471956217856,2020-03-28,20:41:01, sold vann usat costru fabbric non sparpagl vent
1243986468961468419,2020-03-28,20:41:01,ringraz president gen
1243986428490547203,2020-03-28,20:40:51, dur fars prim fint ultimatum ue prend più sa scenett concord svist youtub mattarell pens popol aument assalt negoz non è maf è fam contedimett
1243986423444836353,2020-03-28,20:40:50, sol comun comun mortal manc modal temp
1243986286148452352,2020-03-28,20:40:17, casin non sent polit mi tagl stipend fat schif fat applaus ero pres gir vergogn fat schif
1243986083370672128,2020-03-28,20:39:29,graz redheart italy flexedbiceps
1243985510625873920,2020-03-28,20:37:12,facil scaric prevision espert un discors pens decid pens riapr dia ns figl i nonn son
1243985492040912896,2020-03-28,20:37:08, pens situazion difficil cerc possibil graz cos ridurr stipend parlementar grad sopratutt graz manten alti valor italian front leader europe
1243985351913418752,2020-03-28,20:36:34,alza gir motor fisc bel bass
1243985328425361408,2020-03-28,20:36:29, tunis è scherz ver mattacchion scherzon
1243985291096010752,2020-03-28,20:36:20,interromp immediat trasfer finanziar
1243985098426417152,2020-03-28,20:35:34, ritard vergogn anticip sold enti local attu annunc scors settiman non covid19 p s almen non mezzanott facewithtearsofjoy
1243984973843050496,2020-03-28,20:35:04, confert stamp comun dimezz stipend
1243984529305546753,2020-03-28,20:33:18, prov ascolt mln spes è ven fum andat cul smett tratt coglion fat pen incapac
1243984504332615680,2020-03-28,20:33:12,president non perd pagh consegut fin dia mand drag parl bce più prest
1243984447717998595,2020-03-28,20:32:59, paes ser bonif cont corrent serv german stamp tess annonar contedimett
1243984107052425217,2020-03-28,20:31:37, pales scenar conflitt mondial scelg tirapied merkel interess grand rimarr stor compromess president italian
1243983663425114113,2020-03-28,20:29:52,scus signor president famigl genitor pens cordial sal
1243983643120414720,2020-03-28,20:29:47, spes buon cos pens ben sta prim
1243983273279225859,2020-03-28,20:28:19, augur ricord giovan infermier accett mission semplic rimbors spes augur concors increment impression puntegg scelt
1243983268447485952,2020-03-28,20:28:17,graz president resist farem infermier
1243983252681043969,2020-03-28,20:28:14,fat buon dimettet
1243983129205002241,2020-03-28,20:27:44,mln cul non cap è coglion
1243983034300485632,2020-03-28,20:27:22,grand president siam davver stor
1243983023688822784,2020-03-28,20:27:19,occorr monetar cont corrent gest ver merd
1243982625133465604,2020-03-28,20:25:44,graz president ved tv rassicur lett interv sol sper possibil ital ved sol piuttost accompagn
1243982456543416322,2020-03-28,20:25:04, pass giust direzion serv redd quaranten
1243982361601224706,2020-03-28,20:24:41,400milion briciol facewithsymbolsonmouth facewithsymbolsonmouth facewithsymbolsonmouth facewithsymbolsonmouth facewithsymbolsonmouth
1243982243892285441,2020-03-28,20:24:13,aiut italian indistint german
1243981967512809473,2020-03-28,20:23:07,graz impegn govern spett sol star div sper fin prest
1243981859568128003,2020-03-28,20:22:42,graz president
1243981624435527682,2020-03-28,20:21:45, settiman emergt indigt conc non paes più telefonin suv second cas non torn
1243981608430063617,2020-03-28,20:21:42,graz president
1243981547859881985,2020-03-28,20:21:27,cialtron immens cialtron vatten n
1243981516792893440,2020-03-28,20:21:20,ugual churchill spiaccic
1243981507804495872,2020-03-28,20:21:18, giornal non poss domand via telegraf almen cap dic
1243981440041332736,2020-03-28,20:21:02, cos colt tont cred italian prend stipend vuol rom sent riserv contant sa risc liquid bancomat paur sa
1243981354334814211,2020-03-28,20:20:41, barc bisogn aiut singol italian
1243981162231599104,2020-03-28,20:19:55,graz president discors ser cap govern è compost attent bisogn cittadin mett camp potenzial graz orgogl ital
1243981028722647041,2020-03-28,20:19:23,neanc parol italian ester neanc parol bambin neanc eur dirett famigl zer parol dat ipotet ripres parol micr commerc perc amer dollar famigl più dollar figl
1243980930596904960,2020-03-28,20:19:00,lavor cooper social
1243980910741065729,2020-03-28,20:18:55,sper danar arriv più fragilim dub cotroll perd strad più debol andrann sol briciol impegnat perc tension è alta affam affid dio rivolu ma temp verg fin
1243980789148254208,2020-03-28,20:18:26, è leader govern pd leg cont non spaz pres salvin caus dann enorm
1243980717035528192,2020-03-28,20:18:09, cont presidentenon italiaabitu desert decenn graz president cia dan
1243980662752845825,2020-03-28,20:17:56, sud ital non sold mang ten buon carit pezz pan per govern pag 780eu mes redd cittadin dorm mattin ser umil lavor
1243980623011864576,2020-03-28,20:17:47, aspett mett ginocc vogl minibot vedra svegl
1243980563821838337,2020-03-28,20:17:33, ascolt attenzion per non polit rend cont non conosc problem ved ben carn promett non fat lavor italian chiud port
1243980554980282369,2020-03-28,20:17:31,parol semplic decisamn chi trasparent difficil nazion comun è fondamental riusc ten popol partecip inform strad è giust ce farem italy
1243980539108954114,2020-03-28,20:17:27, giornal trov domand cittadin italian domand europe vafancul
1243980405369384961,2020-03-28,20:16:55,daj facc rid
1243980376072237058,2020-03-28,20:16:48, student primar cas
1243980303120678912,2020-03-28,20:16:30,president serv serviz social efficient garant sopravvivt cittadin fabbric mand robot distribu tram dron supermerc dev dar gratuit person derr alimentar telelavor orti balcon 1 2
1243980296665661442,2020-03-28,20:16:29,cont omen signor perdon popol impazient continu lavor
1243980086061252609,2020-03-28,20:15:39,non critic elog lanc appell chiud derog settiman vittim non cont dat derog azi invent rest apert
1243980029257830401,2020-03-28,20:15:25, ministr lumac rip esatt ciò già non concret aggett improvvis clownfac monkey
1243979931199180800,2020-03-28,20:15:02, scaric comun derratt clappinghands clappinghands clappinghands clappinghands marz non eur part iva clappinghands clappinghands clappinghands clappinghands europ non ascolt non credibil italexit cisalviamodasol contestaiseren
1243979926065291265,2020-03-28,20:15:01, n può tratt poveracc dand buon spes gioc lavor german eur famigl amer dollar famigl mes buon cap non sold non sold
1243979871656820739,2020-03-28,20:14:48,med 50k eur comun ben prim necess scherz ser
1243979727557328896,2020-03-28,20:14:13,egreg president anton anton precar napol settiman chius cas percep non dimenticat luned spes poss più graz
1243979692467724289,2020-03-28,20:14:05,president tampon dev fatt chiam dev aspett muor
1243979577770287105,2020-03-28,20:13:38,compl manovr puntualizz europe sicur rialz più fort unit scosson covid19 europeanunion
1243979577455718400,2020-03-28,20:13:37,cont azzer stipend sostien decret quaranten matteorenz coronalockdown coronaupd sabatodiprimaver eternanten provenz
1243979498120503298,2020-03-28,20:13:19, ammett incapac lasc grad
1243979460900196352,2020-03-28,20:13:10, sab prossim tard dic luned andiam lavor se clic sit istit nazional pensier stup
1243979389257342976,2020-03-28,20:12:53, von der leyen coronabond non parl non lavor è regal
1243979356990554112,2020-03-28,20:12:45, vergogn ital ver vergogn umil lavor costring chied
1243979118204649473,2020-03-28,20:11:48, andav cen casalin cos evit prend cul contedimett
1243978986973270016,2020-03-28,20:11:17,punt bassissim decret autocertif non divert vallett schif
1243978964068175872,2020-03-28,20:11:11, conferenzastamp giuseppecont gualtier coragg ripet andratuttoben contedimett gualtieridimett
1243978899937206275,2020-03-28,20:10:56, miglior assol stor repubbl
1243978829577826304,2020-03-28,20:10:39, riassum cittadin europe italian eur tantum mang fat sol contedimett
1243978743414165504,2020-03-28,20:10:19, non pass stor non andav per cittadin europe è chiar quand sar fin dovr process alto trad
1243978669854461953,2020-03-28,20:10:01,non pall scenett giornal ver coglion
1243978630046322689,2020-03-28,20:09:52,ital spagn franc belg lussemburg grec portogall irland sloven già aggiung german non rifond più giust doman produc bond garant 9 tass sar bass
1243978549926727680,2020-03-28,20:09:32, quint autocertif vist
1243978463566053378,2020-03-28,20:09:12,graz president redheart
1243978438240854017,2020-03-28,20:09:06, imbarazz è compl
1243978432754704384,2020-03-28,20:09:05,continu prend gir thinkingfac pass neanc è convint cap pass stor peggior premier stor regal gioi italian lasc è più capac
1243978411959336963,2020-03-28,20:09:00,graz president pat fam doman già dispon sostegn derr alimentar tram comun clappinghands clappinghands clappinghands
1243978347534848001,2020-03-28,20:08:44,graz president
1243978295324151810,2020-03-28,20:08:32, polit tuttafacc pass indietrod segnal condivison elargiscaquell è
1243978275933884416,2020-03-28,20:08:27,scus insist legg percettor rdc disoccup stagional settor turism non andrann lavor perc stagion pratic è salt ipotizz giugn ritorn normal molt famigl non sold vacanz
1243978115216551936,2020-03-28,20:07:49,ved premier cos glowingst
1243978114759262208,2020-03-28,20:07:49,neanc lott tir tant numer contebast promess fatt
1243978090142892033,2020-03-28,20:07:43,avrà error menomal non salvin mai renz zingarett almen person capac impegn vend tappet traged
1243977980654891008,2020-03-28,20:07:17,vorre cap parl settor non parl cooper tax non parl sens categor vann cass integr eur cooper tax non lavor coronavirus
1243977914804318209,2020-03-28,20:07:01, non aiut giust perc avant conosct ed sold aiut ver bisogn non arriv bisogn prov scarp cittadin italian e sent dolor
1243977900816322561,2020-03-28,20:06:58, colon mezzadr non esist più riform latifond facewithtearsofjoy dimett sti du spicc
1243977854003621890,2020-03-28,20:06:47, inadegu error madornal mess arrest domiciliar almen risp retor
1243977802866741251,2020-03-28,20:06:34, comun europe rest europe prim mang cittadin non verrann aiut econom cad avvis ursul von der leyen iostoconcont
1243977745857744896,2020-03-28,20:06:21, prossim confert italy rimuov second bandier tedesc europeanunion facevomiting
1243977736135348224,2020-03-28,20:06:18,confert stamp tristerrim
1243977646993784832,2020-03-28,20:05:57, è possibil non riusc gest neanc confert stamp domand giornal non sent microf apert parl sent batt tastier telefon part rob è
1243977638676398080,2020-03-28,20:05:55, umil è rimast lavor chied spes comun bas non aggiung delicatezz
1243977543507742720,2020-03-28,20:05:33, prim chied cittadin american ved accredit 2 400 dollar andar comun eur so tabacchin compr sigarett mand fum sai perd
1243977428030144514,2020-03-28,20:05:05, prossim settiman cominc lavor comod frett giusepp contedimett conferenzastamp
1243977399802499072,2020-03-28,20:04:58,sab prossim fat confront paur
1243977359608463360,2020-03-28,20:04:49, è difficolt giustissim rispost cont sper divent concret lavor enorm seriet caric respons nascond scus è ver guid
1243977310547709953,2020-03-28,20:04:37, dipendent pubblic non prend neanc buon past stipend bas mutu finanz
1243977258093682690,2020-03-28,20:04:24,graz president perc dimostr rispond colp colp situazion difficolt present professional compett istitu polit italian graz
1243976986172829696,2020-03-28,20:03:20,president iscritt ordin lavor orma strem implod non dimenticat
1243976668974395393,2020-03-28,20:02:04,togl mascher gualtier scopr corrad guzzant più riusc travest gualtieridimett contedimett conferenzastamp
1243976615828258819,2020-03-28,20:01:51,nasp prolung almen sussid percettorior poch assum almen prossim sar cos
1243976574640295938,2020-03-28,20:01:42,contedimett vaffancul
1243976554272743425,2020-03-28,20:01:37, vonderleyen nuov continu parl cittadin europe rispost comun svegl cisalviamodasol contedimett italexit lir
1243976539433246720,2020-03-28,20:01:33, è mort salv non dimentic nemic
1243976487889444864,2020-03-28,20:01:21, bmw aud critic ammett mang pan acqua fig gir aiut non possibil spes non iniz non critic
1243976284973268992,2020-03-28,20:00:32, aspett 15 20 burocraz perc polit non don stipend marz cittadin italian liquid immed risolt
1243976217860153346,2020-03-28,20:00:16,non fat domand legg mon jacques delors gualtier gualtieridimett
1243976180090404866,2020-03-28,20:00:07,bisogn sol aspett buonanott
1243976091884294147,2020-03-28,19:59:46,giust scelt dar possibil ai fortun tasc ben prim necess ital handshak mediumskinton
1243975812224860162,2020-03-28,19:58:40,ottim president è stor europ decis andiam avant iostoconcont
1243975795531493377,2020-03-28,19:58:36,president può mand bac mamm dedic perd ranier
1243975760773361666,2020-03-28,19:58:27,mic sold cre
1243975731211837440,2020-03-28,19:58:20, dic lett cont salutam dirett
1243975599275769856,2020-03-28,19:57:49, confert stamp giusepp cont dirett fascin eleg incant
1243975569877934082,2020-03-28,19:57:42,guard comment più stupid profil bandierin sovran meng pass salvin 49milion dispon
1243975490874028033,2020-03-28,19:57:23,covid2019ital tagl stip pension 30 abolizion 13ma 14ma 2020
1243975448964608002,2020-03-28,19:57:13,grand president massim fiduc
1243975399538921472,2020-03-28,19:57:01, traged coronavirus dov capit pessim
1243975350184480769,2020-03-28,19:56:50,grandissim president cont esatt parol aspett è perfett graz
1243975311735259136,2020-03-28,19:56:40,non pens bond intern far sottoscriv italian disponibil 1 rend non quot non vendibil almen aiut ripres
1243975251983323139,2020-03-28,19:56:26, allor prend cont non so stor conferm riconosc sforz trov soluzion è natural lim
1243975232748224512,2020-03-28,19:56:22, dic è ritard normal puntual è re regal non
1243975153119305728,2020-03-28,19:56:03,president andrett dic deb non esist è cart stracc stamp banconot
1243975126988869633,2020-03-28,19:55:56,graz contegl italian aman ama leinon poss ringraz redheart redheart redheart redheart redheart
1243975075780603904,2020-03-28,19:55:44,macron è question coronabond già affann difend welf ved giletjaunes ital franc difend situazion divers è mess franc ricordiamocel
1243975059074699264,2020-03-28,19:55:40,blocc addeb rid finanziar imprenditor redd giuseppecont
1243975038098866178,2020-03-28,19:55:35, io non pass stor non andav cittadin europe mic italian europe cont non rappresent contedimett
1243974967106174978,2020-03-28,19:55:18, graz pass chied fatt non parol
1243974935590195202,2020-03-28,19:55:11,president continu inaspett non dic bug il gennai dichiar emergt sanitar non googl non ment
1243974929290231809,2020-03-28,19:55:09, cittadin europe middlefingerlightskinton
1243974892942495744,2020-03-28,19:55:01,vai cul gualtier verrem prend forcon vend parass schifos elemosin puo infil via rettal
1243974815905701890,2020-03-28,19:54:42,brav president più orgogl ital
1243974749937717248,2020-03-28,19:54:26, appunt stor giuseppecont propos vonderleyen giusepp cap stor è puntual contedimett
1243974679120969728,2020-03-28,19:54:10, dov iphon giusepp
1243974657885319170,2020-03-28,19:54:05, tristezz legg comment gentacc unirs cos grand dolor non sa lament insult bacchett magic risolv brutt
1243974633797320704,2020-03-28,19:53:59,codic atec assoc manc attiv poss continu lavor dpcm bas indic minister intern poss lavor smart working non poss muov esigt lavor
1243974613220163587,2020-03-28,19:53:54, difficil cap comun parl contedimett
1243974538716762112,2020-03-28,19:53:36,letteral president class 1992 prov stim chapeau sforz andrà è situazion dub gen web pot
1243974496396197888,2020-03-28,19:53:26,ben spes sold comun w
1243974399797198848,2020-03-28,19:53:03,carissim president perc non eman disposizion blocc prossim 3 6 almen bollett acqua luc gas pag mutu cos darest fiat famigl
1243974359489921027,2020-03-28,19:52:53, carit pacc past biscott secc protezion civil croc ross vergognat carit sput
1243974341001383936,2020-03-28,19:52:49, è sap italexit uscit contedimett
1243974292523692033,2020-03-28,19:52:37,ben incominc cap vuol deb dedic moj
1243974262362451968,2020-03-28,19:52:30,graz president non so sar sufficient cap stanchezz volt riport cerc possibil graz
1243974168523223040,2020-03-28,19:52:08,bla bla bla vatten liberatec pestilenzial presenz bastaaaaa facevomiting poutingfac
1243974152169631746,2020-03-28,19:52:04,patron call center quand rispond ben non può non nomin profession rend cont provved non applic
1243974073539088387,2020-03-28,19:51:45,oh per stipend non ve tagl eur mes manc cazz sacrif pover comun cittadin vergogn tagliatevilostipend
1243974035517685760,2020-03-28,19:51:36, tunis boliv 200mil eur somal minim
1243973855405903873,2020-03-28,19:50:53, aspett sold cigs fat aspett
1243973736165974019,2020-03-28,19:50:25, merit berluscon salvin
1243973640279990272,2020-03-28,19:50:02, cos tragic è don president sostanzial misur pres dialett chiar essenzial grand valor sent comun
1243973549167124481,2020-03-28,19:49:40,ved occhi legger
1243973485967355906,2020-03-28,19:49:25,buon ser graz lavor
1243973466833006593,2020-03-28,19:49:21, coinvolg consulent commercial richiest bonus impres è cos difficil perc patron sap benissim pochissim sann gest richiest ah è comod lasc scaric dat pag f 24
1243973403436089346,2020-03-28,19:49:05, macchin organizz parl giuseppecont è fiss orar conferenzastamp andratuttoben giusepp cont contedimett
1243973327259152386,2020-03-28,19:48:47, andat risc caos è inutil dar sold cominc assalt supermarket ritard dov lasc uscir almen sett influ posit umor
1243973315213082625,2020-03-28,19:48:44,egr sig president più occasion chiest sacrif pensionic è vivr 600 c e perd lavor chied sacrif rinunc decret ridurv vs stip a1500 mes graz
1243973297798348801,2020-03-28,19:48:40,gualtieridimett prim vend banc
1243973187513311235,2020-03-28,19:48:14,graz lavor
1243973145784209409,2020-03-28,19:48:04,staser de car special guest
1243973106168889345,2020-03-28,19:47:55, è possibil non decid cancellarecompletamenteipag period potr avrò affitt pag bollett son sicur sar clement cancell mes ilpoisaraunaguerr
1243973106009550850,2020-03-28,19:47:55, strett stip parlamentar bisogn via vitaliz via incapac italian manteng tropp inutil minor cas tropp porc manten
1243973100787597313,2020-03-28,19:47:53, dpcm appen annunc immediat erog comun frontegg aliment leg cris coronavirus aiut famigl più difficolt riforn gener alimentar cos covid19
1243973099122499584,2020-03-28,19:47:53,contedimett gualtieridimett non vogl spar traditor uscit
1243973080357142528,2020-03-28,19:47:48,ciarlatan fatt fatt parol puzzon
1243973052825829377,2020-03-28,19:47:42, affitt cart cred marz
1243973027722862594,2020-03-28,19:47:36,gualtier noi vogl aiut 60 000 000 italian 400 000 000 eur ovver 666 cittadin tantum cio cazz governodellavergogn contedimett
1243973022555521025,2020-03-28,19:47:35,smett regal mil
1243973020475146240,2020-03-28,19:47:34, president cominc ragion cos il pan tavol non manc italy viv
1243973013197983744,2020-03-28,19:47:32,cont vai cag non risolv zitt più bell figur buffon
1243972969203982338,2020-03-28,19:47:22, access fond gasparrin rimoss requis ise vincol almen ammort garanz pubblic mutu garanz consap esclus qualcunorestasol
1243972956973412352,2020-03-28,19:47:19,è provved parl sold già poch chiacchier distribuitel non sap lavor fat lasc più competent governodimett stopmes
1243972947150241792,2020-03-28,19:47:17, bar a non cred dissoccup poss graz
1243972920965300227,2020-03-28,19:47:10, linguagg corp gualtier felic giocator poker gualtieridimett contedimett
1243972867999633409,2020-03-28,19:46:58, inbarazz maledett
1243972839511855105,2020-03-28,19:46:51,
1243972788857290752,2020-03-28,19:46:39, porc puttanasospend almen pag utenz
1243972779969589248,2020-03-28,19:46:37, cont mort zon ross ovunqu anzic concentr focola chiud cas manc fat respir non pot controll scritt mult ma perc non potenz sti sold
1243972756250771458,2020-03-28,19:46:31,graz president
1243972743789502466,2020-03-28,19:46:28,dimissioniiiiiiiiii
1243972716224557059,2020-03-28,19:46:22,graz più non
1243972634951417856,2020-03-28,19:46:02,torn telecom manc eur chiud stud tass cavol vad galer sopravv non becc virus urgenz
1243972575543332865,2020-03-28,19:45:48,sold comun assicur non vad tasc parent polit avid tem part fam continu ingrass sol not
1243972572829700096,2020-03-28,19:45:47,occhi maf invent situazion sguazz drog denar pubblic è business
1243972565909016577,2020-03-28,19:45:46, cas due non ascolt ascolt non cap
1243972540105621506,2020-03-28,19:45:40,graz redheart foldedhands
1243972535471026176,2020-03-28,19:45:39, blocc aspett 23 45 dirett facebook parl cazz dirett 19 35 poverino
1243972446753099778,2020-03-28,19:45:17, non è arriv parol parol parol
1243972387911208960,2020-03-28,19:45:03,uk german paes europe già erog aiut impres lavor aiut ver line cred garant garant cash flow stip vers cont corrent sold ver cred sold non incass vergogn
1243972332852588544,2020-03-28,19:44:50,graz più brev possibil
1243972316419284992,2020-03-28,19:44:46, ringraz president
1243972253731164162,2020-03-28,19:44:31, eur 8 000 comun esatt 50 000 eur comun ovvi applic med poll triluss piccol comun arriv cents
1243972249817878531,2020-03-28,19:44:30, med eur comun ovvi sar proporzional resident piccol comun arriv poch spicciol peraltr tratt anticip non fond perd scaric respons enorm sindac
1243972220894019584,2020-03-28,19:44:24,perc dic cacc sold non arriv vogl sold liquid vergogn fals
1243972109254221824,2020-03-28,19:43:57, insultatel
1243972079021686784,2020-03-28,19:43:50, lavor agricol pag dirett inps domand
1243972008850882563,2020-03-28,19:43:33,giusepp bravissim sugger chiud negoz cazz apert chiud 19 00 stor è 13 00 sorvegl armat non osserv disposizion
1243971992585474048,2020-03-28,19:43:29, barc a par yacht gommon buc
1243971950562676738,2020-03-28,19:43:19,ricord frantum singol osso ti prend dignit bisogn inchin richied vergogn u ticket mang ricord ammazzer
1243971940429201410,2020-03-28,19:43:17, re sol distribu baguett
1243971935245041665,2020-03-28,19:43:15, miglior president
1243971927695396865,2020-03-28,19:43:14,non cap fin arrest domiciliar
1243971910314143744,2020-03-28,19:43:09, graz sprec ved spot chiacc
1243971880668876802,2020-03-28,19:43:02,grand president prim dov affront situazion cos difficil
1243971869033795586,2020-03-28,19:43:00, perc temp burocraz non dic dimezz azzer car italian fat darv moss stamp prossim autocertif giusepp cont contedimett
1243971750909685760,2020-03-28,19:42:31,40 migr 780 disoccup star div 600 part iva chius cas
1243971740721647616,2020-03-28,19:42:29, chiest par arriv graz
1243971614527688705,2020-03-28,19:41:59,solidariet perc non parl riduzion parlamentar perc non tagl nett super stip vitaliz neanc cas chied sacrif iniz farn renz lì
1243971586312593411,2020-03-28,19:41:52,serv fatt tropp parol
1243971572559482881,2020-03-28,19:41:49, eur maf mett man sicur
1243971544898048000,2020-03-28,19:41:42, barc muor fam non moll poltron rinunc stipend divent
1243971508931907585,2020-03-28,19:41:34,brav president smilingcatfacewithheart eyes
1243971490434908161,2020-03-28,19:41:29,milion comun 50 000 eur comun far spes hahahahaahah ser cont
1243971489457754112,2020-03-28,19:41:29, cap commerc non sold settiman non molt barc giusepp cont contedimett
1243971397921181696,2020-03-28,19:41:07,merdaaaaaa vermeeeee bastard com scegl sol idiot dignit andars prend mang dann vergogn ricord ammazzer promess
1243971393353658372,2020-03-28,19:41:06,aiut è maggior difficolt può aiut
1243971346314526721,2020-03-28,19:40:55,400mln davver pochin
1243971307328417792,2020-03-28,19:40:46, complet
1243971303834554368,2020-03-28,19:40:45,tir via vitaliz
1243971218065285120,2020-03-28,19:40:24, cazz 60 000 000 abit eur cittadin buffon contedimett
1243971216186187776,2020-03-28,19:40:24, rott pall parl parl non emer cazz
1243971194271019008,2020-03-28,19:40:19, cass integr pagh mes mett difficolt italian
1243971188164001792,2020-03-28,19:40:17,ved arriv buon se temp mascherin fott
1243971148725080064,2020-03-28,19:40:08, dov anticip non fsc è sospes riprend riscossion incass anticip fsc già sold comun
1243971084699009024,2020-03-28,19:39:53,ah stracc blu cap cacc gualtier rival
1243971067267280899,2020-03-28,19:39:48, abbandon part iva vergogn
1243970871536111616,2020-03-28,19:39:02,legg parl bastardooooooooooooooooo lurid assassin vergognatiiiiii prov moss schiacc attent verm magnacc pd
1243970803122741248,2020-03-28,19:38:45,vogl sap econom aiut famigl
1243970751792848898,2020-03-28,19:38:33,è consapevol dic dar iniz poder manovr
1243970683039879170,2020-03-28,19:38:17, ci comunic camb
1243970598973444099,2020-03-28,19:37:57,vergogn
1243970581084680192,2020-03-28,19:37:53,
