id,datestamp,timestamp,tweet
1263974697856905217,2020-05-23,01:27:06,cont ricord diss son professor concors titol mand pacc ecco docent precar esperit merit più nè mediazion anddl g36
1263974106111922179,2020-05-23,01:24:45,president mediazion sar accord ribass categor docent verr trov piazz president inter maggior scacc ministr è inaccett non val mer test crocett stabilizz
1263971949346160645,2020-05-23,01:16:10, precar non merit mediazion stabilizz che non è sanator ma è nott port buon consigl distint sal anddl stabilizz g36 titolieserviz terzafasc infanz primar dsgaff
1263969791905271808,2020-05-23,01:07:36, precar è crimin concors crocett xxx stabilizz precar anddl g36 titol serviz fir fir fir
1263968803219791872,2020-05-23,01:03:40, crossmark no mediazion whiteheavycheckmark si stabilizz stop quiz concors titol serviz fir fir fir anddl stabilizz titolieserviz g36
1263968301375520774,2020-05-23,01:01:41,premier cont dirett europe n 70 stabil lavor pubblic priv lavor determin vann stabilizz norm attu paes ue ital anddl stabilizzazionetitolieserviz
1263965533264904206,2020-05-23,00:50:41, pushpin i precar assum insegn pushpin garant diritt stud pushpin anddl pushpin stabilizz pushpin g36 pushpin titolieserviz pushpin terzafasc
1263965301739266048,2020-05-23,00:49:45, pushpin i precar assum insegn pushpin garant diritt stud anddl pushpin stabilizz pushpin g36 pushpin titolieserviz pushpin terzafasc
1263964718085083138,2020-05-23,00:47:26, mediazion è stabilizz concors titol non avrà problem sosten procedur conosc ben ver president confid buon sens popol docent precar sosteng scuol esasper anddl
1263963139432988677,2020-05-23,00:41:10, vol fid parol è serv ten buon non farc scalpit non bast parol mediazion distogl intent pront stabilizz titol serviz fir anddl
1263963034999050241,2020-05-23,00:40:45, lavor scuol aspett rispost ser govern docent aspett atto grand respons polit fir anddl stabilizz terzafasc
1263961608390352897,2020-05-23,00:35:05, president null sal vlt slot vergogn non consider lavor onest non merit consider chiss consider ricominc 10mld
1263961387732172800,2020-05-23,00:34:12,stabilizz precar 368 sistem istruzion nazional è unic fir anddl pushpin stabilizz pushpin titolieserviz pushpin g36 pushpin terzafasc
1263961014825033732,2020-05-23,00:32:43, renzucc camb govern funzion comand prim verdin renz fat schif
1263960941961584640,2020-05-23,00:32:26, doubleexclamationmark altra settiman snervant polit doubleexclamationmark siam stuf consider numer doubleexclamationmark quest numer ricordat ten scuol pubblic italian doubleexclamationmark no mediazion s t a b i l i z z a z i o n e docent precar scuol pubblic doubleexclamationmark anddl
1263960768669716481,2020-05-23,00:31:45, fir fir fir concors crocett crocett non rispost esatt fir fir fir g36 fir fir fir anddl
1263960651724132352,2020-05-23,00:31:17, fir fir fir anddl stabilizz titol serviz crocett fir fir fir
1263960555338989569,2020-05-23,00:30:54, mediazion stabilizz fir fir fir anddl precariterzafasc g36 titolieserviz
1263960544412872705,2020-05-23,00:30:51, docent precar chied dignit stabilizz concors titol serviz anddl
1263960405954703360,2020-05-23,00:30:18, mediazion stabilizz precar scuol vann stabilizz non esod azzolinadimett fir anddl fir
1263960343379939338,2020-05-23,00:30:03,non so giudic quizzon crocett percors facilit precar decennal scuol dire più ciment gar fortun non sbagl crocett tant tant lavor anddl
1263960333284265984,2020-05-23,00:30:01, fir fir fir no mediazion stabilizz fir fir fir anddl
1263960319455571970,2020-05-23,00:29:58,gius bonus bic funzion
1263960271325925378,2020-05-23,00:29:46,azzolin cas non rappresent scuol italian bastaaaaaa
1263960042623156225,2020-05-23,00:28:52,concors crocett precar pandem prepariamoc foll concors straordinar ricors straordinar organizz
1263959718592237569,2020-05-23,00:27:34, scuol man un brav docent brav profession non val quiz crocett valut camp sapp lavor mediazion stabilizz fir fir anddl g36 titolieserviz terzafasc
1263959711998717952,2020-05-23,00:27:33, insegn madr donn riteng band concors atto offens punt vist uman siam reduc pandem devast alunn concret psicolog punt vist professional anddl
1263959519002013698,2020-05-23,00:26:47, fir fir fir anddl stabilizz titol serviz è mediazion fir fir fir
1263959465046478850,2020-05-23,00:26:34, precar attend rispost è darl concors truff titol serviz fir anddl pushpin stabilizz pushpin g36 pushpin titolieserviz pushpin terzafasc
1263959418519109635,2020-05-23,00:26:23,non mediazion teng precar scuol vann stabilizz concors titol serviz concors lotter pien pandem g36 anddl
1263959322159185922,2020-05-23,00:26:00,president prov dar bambin immagin copertin docent stabilizz titol serviz inter sar grat anddl
1263959295051419648,2020-05-23,00:25:53,stabilizz precar scuol titol serviz pushpin stabilizz pushpin g36 pushpin titolieserviz pushpin terzafasc fir anddl
1263958962891874306,2020-05-23,00:24:34,fatt non parol mediazion stabilizz anddl fir
1263958728451260417,2020-05-23,00:23:38, redcircl bisogn annul quizzon crocett sistem offend compett decennal precar scuol anddl
1263958633588686849,2020-05-23,00:23:16,non accett mediazion vogl stabilizz anddl precariatocriminedist terzafasciaconserviz stabilizz
1263958490000904192,2020-05-23,00:22:41, redcircl annul quizzon crocett sistem offend compett decennal precar scuol anddl
1263958172554997760,2020-05-23,00:21:26, mediazion stabilizz fir fir fir anddl precariterzafasc g36 titolieserviz
1263957945261449216,2020-05-23,00:20:32,president stabilizz insegn precar compett passion funzion scuol italian anddl g36 stabilizzazionepertitolieserviz
1263957930405236738,2020-05-23,00:20:28, fir fir nessun mediazion stabilizz fir fir anddl
1263957628574666753,2020-05-23,00:19:16,inter famigl precar viv situazion insosten da avvoc popol ital val costitu concors titol serviz è disciplin 165 2001 n 1994
1263957577592967169,2020-05-23,00:19:04, mediazion vergogn docent lavor precar vogl stabilizz sar scioper oltranz blocc scrutin esam fir stanc pres gir anddl
1263956390273572869,2020-05-23,00:14:21, fir concors titol minister giustiz miur fir stuf pres gir giù man lavor g36 anddl terzafasc
1263956038404931584,2020-05-23,00:12:57,rispett de 70 99 stabilizz serviz straordinar non val compett giochin navett commission blocc emend è grav inaccett g36 mett cattedr ver 1 09 cost zer anddl g36 titolieserviz
1263955989365211136,2020-05-23,00:12:45,anddl decret scuol è termin polit autart offens ministr precar scuol form camp regg ed drammat sistem crocett vann ben non mess pied
1263955911212699651,2020-05-23,00:12:27,stabilizz docent precar è dov anddl
1263955861325656066,2020-05-23,00:12:15, lavor scuol fir anddl pushpin stabilizz pushpin g36 pushpin titolieserviz pushpin terzafasc pushpin infanziaeprimar pushpin dsgaff
1263955812223004674,2020-05-23,00:12:03, mediazion stabilizz precar scuol vann stabilizz non esod azzolinadimett fir anddl fir
1263955642190106630,2020-05-23,00:11:22, mediazion stabilizz precar scuol vann stabilizz non esod fir anddl fir
1263955337780121601,2020-05-23,00:10:10,non arrend dev riconosc dignit professional lavor amor dedizion continu offes vessazion fir anddl
1263955292171182082,2020-05-23,00:09:59, mediazion exclamationmark exclamationmark exclamationmark sì stabilizz anddl collision collision collision
1263955225204994048,2020-05-23,00:09:43, risult possibil è stabilizz pront invad piazz non farem umil usar merc scamb fir anddl
1263955002474876929,2020-05-23,00:08:50, condannamd docent precar quiz non val assolut compett ferm concors crocett g36 anddl stabilizz
1263954401120735232,2020-05-23,00:06:27, fir fir scuol non accett mediazion concors titolieserviz oral selett anddl g36 azzolinadimett
1263954204890206209,2020-05-23,00:05:40,non farem tratt merc scamb abutton bloodtyp bbutton bloodtyp abutton bloodtyp precar storic g36 fir anddl pushpin stabilizz pushpin g36 pushpin titolieserviz pushpin terzafasc
1263954149001101313,2020-05-23,00:05:26, concors truff crocett non ril mer non lavor usa gett anddl g36 titolieserviz terzafasc stabilizz
1263953855731154952,2020-05-23,00:04:16, ministr non sopport non vuol più ata dirigent docent student relat famigl mediazion stabilizz g36 fir anddl
1263953760654626819,2020-05-23,00:03:54,non bisogn contentin dignit categor permett non lasc class scopert settembr benedett più fir anddl fir
1263953749233541125,2020-05-23,00:03:51,stop menzogn mediazion non è edit è star onest lavor
1263953719676239872,2020-05-23,00:03:44,azzolinadimett azzolinadimett azzolinadimett stabilizzazioneterzafasc mediazion stabilizz fir anddl fir
1263953488905674754,2020-05-23,00:02:49, crossmark crossmark crossmark stabilizz terz fasc crossmark crossmark crossmark fir anddl fir
1263953476893237248,2020-05-23,00:02:46, redcircl se cred concors crocett rinunc professor universitar ricord concors titol stabilizz terzafasc anddl
1263953431309451265,2020-05-23,00:02:35, fir fir fir anddl mer dedizion alunn non può valut sap crocett valut nozion non ver rid fir fir fir
1263953322479886339,2020-05-23,00:02:09, pushpin no mediazion pushpin sì stabilizz pushpin precar pushpin terzafasc pushpin titol serviz pushpin g36 pushpin anddl
1263953164094578688,2020-05-23,00:01:32, pres fondell incazz ner stabilizz è diritt guadagn camp lott forz continu cos andret cas fir anddl fir
1263953022427725824,2020-05-23,00:00:58, mediazion stabilizz
1263953012168577026,2020-05-23,00:00:55, abutton bloodtyp bbutton bloodtyp abutton bloodtyp precar storic g36 fir anddl pushpin stabilizz pushpin g36 pushpin titolieserviz pushpin terzafasc
1263952948494839813,2020-05-23,00:00:40,non bisogn mediazion concession med vann apert tavol dirett interess vergogn fir anddl fir
1263952822871228418,2020-05-23,00:00:10, fir fir fir anddl stabilizz è mediazion fir fir fir
1263952592687816705,2020-05-22,23:59:15,non arrend vogl dignit lavor amor dedizion continu offes vessazion fir anddl fir
1263952573838606342,2020-05-22,23:59:11, stanc mediazion inutil precar scuol pretend stabilizz vogl lavor rub ladr fir anddl fir
1263952461921992706,2020-05-22,23:58:44,car president cont precar mand avant scuol diritt stabilizz concors titol serviz fir anddl pushpin stabilizz pushpin g36 pushpin titolieserviz pushpin terzafasc
1263952340681441282,2020-05-22,23:58:15, mediazion sì stabilizz anddl
1263952328262115339,2020-05-22,23:58:12,giù man scuol mediazion stabilizz anddl g36 stabilizz
1263952257072185344,2020-05-22,23:57:55, fir fir fir i precar scuol non bisogn mediazion farlocc vinc concors titol serviz quizzon anddl g36
1263952210213421057,2020-05-22,23:57:44,chied giust dov stabilizz serviz diritt certezz concors fars valut ver mer form prepar spes stanc incavol ner anddl g36
1263952190072332290,2020-05-22,23:57:39, proporr mediazion rappresent precar convoc tavol dirett interess risult possibil è stabilizz pront invad piazz non farem umil usar merc scamb fir anddl
1263952184556781571,2020-05-22,23:57:38, flexedbiceps fir via azzolin flexedbiceps fir via azzolin flexedbiceps fir via azzolin esod azzolin fir anddl g36 terzafasc
1263952173253242883,2020-05-22,23:57:35, crocettes g36 anddl fir fir fir pushpin flexedbiceps
1263952097751511041,2020-05-22,23:57:17, mediazion stabilizz anddl fir fir fir pushpin flexedbiceps
1263952088301735936,2020-05-22,23:57:15, mediazion sol soluzion stabilizz titolieserviz g36 anddl
1263952080596852736,2020-05-22,23:57:13,president mediazion sindac lavor non polit salv poltron stabilizz terzafasciaconserviz
1263951944109998080,2020-05-22,23:56:41,chied gran voc certezz lavor è dignit stabilizz g36 anddl
1263951896865316868,2020-05-22,23:56:29, è concors non diment sol titol fir anddl fir
1263951799444217858,2020-05-22,23:56:06, concors crocett non val mer compett didatt capac mnemon anddl
1263951732733808642,2020-05-22,23:55:50,president concors azzolin mand cas migliai docent contribu regol svolg scolast sar cerc far val diritt calpest stopalquiz anddl
1263951699447820292,2020-05-22,23:55:42, concors crocett non verif prepar chied dirigent alunn val anddl g36 stabilizzazon
1263951636520730625,2020-05-22,23:55:27,stabilizz docent precar normat europe è dover anddl
1263951599304691715,2020-05-22,23:55:19, mediazion stanc stabilizz lavor onest mand avant scuol titol serviz g36 anddl
1263951493511684096,2020-05-22,23:54:53,stabilizz docent concors titol ordinar anddl
1263951227580186625,2020-05-22,23:53:50,president rend cont macc grav tort discap lavor perc precar 36mes lavor par distingu lavor ser ser b bisogn stabilizz anddl g36
1263950995438141440,2020-05-22,23:52:55, mediazion stanc stabilizz lavor onest mand avant scuol titol serviz g36 anddl
1263950796661587970,2020-05-22,23:52:07, noentry noentry non med nessun veng cit mattarell pretend lavor pacc titol fir anddl pushpin stabilizz pushpin g36 pushpin titolieserviz pushpin terzafasc pushpin infanziaeprimar pushpin dsgaff
1263950027526942720,2020-05-22,23:49:04, popol precar non può più parol parol parol bast giochett polit prend anddl fir
1263949960552349698,2020-05-22,23:48:48,concors crocett precar pandem prepariamoc foll concors straordinar ricors straordinar organizz stabilizzazioneprecari180x3
1263949711196786688,2020-05-22,23:47:48,ten sistem scolast ital lavor impegn dedizion exclamationmark popol precar è strem stanc paroleann dedic sent pres fondellipront invad piazz exclamationmark g36 anddl fir
1263949269981179905,2020-05-22,23:46:03, noentry concors vergogn noentry exclamationmark bast exclamationmark anddl stabilizz fir fir fir fir fir fir fir fir fir fir fir fir fir fir fir fir
1263948957815902213,2020-05-22,23:44:49, dimostr donn comand scuol italian 1a donn presuntu arrog chiud becc president mediazion parl è dimostr docent precar dev sub scelt 1a polit corrott ammal
1263947553017679873,2020-05-22,23:39:14, mediazion vogl stabilizz anddl docent precar stanc non rappresent
1263947054872657928,2020-05-22,23:37:15, mediazion stabilizz brav docent student non val quiz crocett modell settiman enigmist valut camp sapp lavor fir fir anddl g36 titolieserviz terzafasc
1263945233982767106,2020-05-22,23:30:01, non accett mediazion non sacrosant stabilizz sub crossmark bast stuf fir la stabilizz è soluzion includ almen serviz nessun esclus anddl terzafasc titolieserviz
1263945081691783170,2020-05-22,23:29:25, non accett mediazion non sacrosant stabilizz sub crossmark bast stuf fir la stabilizz è soluzion includ almen serviz nessun esclus anddl terzafasc titolieserviz
1263944558833999875,2020-05-22,23:27:20, concorsopertitolieserviz serv form graduator mer puntegg ciascun candid è difatt procedur garant più capac meritevol stabilizzazioneprecari180x3 iostocoiprecariscuol g36
1263944379489755139,2020-05-22,23:26:37, docent lavor dev stabilizz non perc non poss concors perc illegittim discrimin reiter contratt termin diritt indetermin anddl
1263944243267190784,2020-05-22,23:26:05, mediazion stabilizz anddl g36 titolieserviz
1263943648875511810,2020-05-22,23:23:43,president docent precar non vogl mediazion stabilizz mett man cuor dia valor serviz prest docent più serviz spall
1263941380612558848,2020-05-22,23:14:42,cont cazz dev med rott cazz g36 anddl stabilizz stopazzolin
1263940196896292872,2020-05-22,23:10:00,meritocraz sistem valut valorizz individu bas esclus riconosc mer caratterist societ liber stabilizzazioneprecari180x3 concorsopertitoliedesperit
1263939815092953090,2020-05-22,23:08:29,stop crocett non gioc figuriamoc gioc croc lasuzion dpr n 487 magg anddl stabilizzazioneprecariscuol g36
1263939710185099265,2020-05-22,23:08:04, avanz redsqu anddl fir rimand right facingfist esig rispost dashingaway no ari fritt yawningfac non attend più pazienz anddl g36 brick stopsign
1263939644271493121,2020-05-22,23:07:48,assum titol serviz formazion itin esam final cost zer crocett meritocraz non sinonim fir fir fir stop precar anddl stabilizz terzafasc g36
1263939571034861568,2020-05-22,23:07:31,president mediazion port stabilizz docent precar benveng anddl
1263939348908642307,2020-05-22,23:06:38, mediazion stabilizz anddl
1263939136169414663,2020-05-22,23:05:47, concorsopertitolieserviz serv form graduator mer puntegg ciascun candid è difatt procedur garant più capac meritevol stabilizzazioneprecari180x3 iostocoiprecariscuol g36
1263938816055873537,2020-05-22,23:04:31,meritocraz sistem valut valorizz individu bas esclus riconosc mer caratterist societ liber stabilizzazioneprecari180x3 concorsopertitoliedesperit
1263933164604526592,2020-05-22,22:42:03, crocett non valut prepar acquis camp sfrutt precar fatec esam non piet stopsign anddl stabilizz terzafasc titolieserviz g36
1263932931145453570,2020-05-22,22:41:08, crocett non valut prepar acquis camp sfrutt precar stopsign anddl stabilizz terzafasc titolieserviz g36
1263931890307825665,2020-05-22,22:37:00, dovrebb uscir più cap succed ital sbagl govern mess atto cigd nullasold zeropromess tant disper chi dobb ringraz ciò scend pianet viv
1263929361318764545,2020-05-22,22:26:57,approfitt dar orar cons frequent local apertur 21all 1 30 nott è sufficient chius garant ripos incident esce prim torn prim bev guid
1263918118113554433,2020-05-22,21:42:16, unic vot sicur vend monopattin vaccin
1263915814446645248,2020-05-22,21:33:07,pandem fals bancnot eur pagh crimin ribrezz mand prostit nazion inter
1263912528838635525,2020-05-22,21:20:03, è uscit palazz pass visit negoz risult rimast delus desert gir cert notiz è incredibilem pens non ricev cigdsenz più soldis affoll fil
1263906816645267461,2020-05-22,20:57:21, segu staser ital rete4 ho sent uscit palazz gir rom rest sorpres bar apert vuot una domand ma casp viss mart
1263904313694400512,2020-05-22,20:47:25,contedimett cap omuncol asset pot vergogn
1263898631691735040,2020-05-22,20:24:50,dimett non vogl vai cas
1263897958766034946,2020-05-22,20:22:10,buonaser president prefettur non è iniz iniz motor prefettur perc not clandestin rinnov permess soggiorn
1263883394305458177,2020-05-22,19:24:17,stabilizz docent precar titol serviz concors crocett fir fir fir anddl fir fir fir
1263881260692373504,2020-05-22,19:15:48,stopazzolin concors titol serviz riapr scuol non risc stabilizzazioneprecari180x3
1263872844645228545,2020-05-22,18:42:22,non esist divis confin regional derid non sar alcun turism
1263871594956566528,2020-05-22,18:37:24,blav gland amic cines
1263867885321150465,2020-05-22,18:22:40,gentil dottor cont bas decret rilanc contratt td attiv 23 02 2020 scadenz giugn scadenz può rinnov entro agost può rinnov quanc mes scadenz agost
1263854122312372228,2020-05-22,17:27:58, criminal in camb dio denar rend infern multinazional magn serv ammazz merd corrott assassin
1263852326445625347,2020-05-22,17:20:50, dic pi pens ributt lockdown presunt ondat è temibil infaust govern quest sar scontr total esclusion rivolt sicur
1263849078145851393,2020-05-22,17:07:56,perc non prend provved non rispett regol distanz parl è già assurd ved istituzional attegg aggress addirittur bagarr è vergogn tant sacrif rispett regol
1263845045532348417,2020-05-22,16:51:54,non minim present vuol risollev prim fond può part moral consum coerenz vs parol dit giugn apron region front bocc neg pazz
1263839305878908928,2020-05-22,16:29:06,raccontaball dignit
1263838499913990145,2020-05-22,16:25:54, period è trem impegn è più dispon è graz tard impres post lavor womantechnologist thumbsup thumbsup thumbsup huggingfac huggingfac huggingfac
1263838128315432961,2020-05-22,16:24:25, è gran lung miglior govern ital manovr imponent aiut cittadin non poter fort graz
1263830086823874560,2020-05-22,15:52:28,president precar scuol confid serviz mer può aggiung lotter domand min assunzion titol serviz verif oral selett termin prov formazion
1263826429025882117,2020-05-22,15:37:56, induc effett purgant presid gius
1263819148158738434,2020-05-22,15:09:00,president cont centinai liber profession contrib covid19 600 blocc caus cavill gestion separ lavor 10 sblocc situazion aiutatec perfavor graz
1263815767235219456,2020-05-22,14:55:34,pot mostr finc vol immagin ver fals presunt movid dic chiar ferm ciò ferm mancanz fond mancanz sorris terror ide camb distrugg
1263810540830408704,2020-05-22,14:34:48,azzolin gran cas fir anddl pushpin stabilizz pushpin g36 pushpin titolieserviz
1263808754744791040,2020-05-22,14:27:42,ital viv punt presidt commission chiav rottam vuol minister bosc https www huffingtonpost it entry rimpast la fam di renziit5ec6b190c5b64a128e8937f vsa utmhpref it homepag
1263800845256269824,2020-05-22,13:56:16, cacc colp forcon
1263799987248529408,2020-05-22,13:52:51, bla bla bla prend gir
1263799680317751297,2020-05-22,13:51:38,non fid più president appen fin condizion covid licenz spontane volont non trattenn contrib puo non offrirm spet moment ver ital non offre serviz
1263798390992834561,2020-05-22,13:46:31,occorr stabilizz scuol lavor procedur titol serviz permess sistem scolast andar avant crocett tutel sal pubblic fir anddl pushpin stabilizz pushpin titolieserviz pushpin g36
1263797992638775298,2020-05-22,13:44:56, mar andrann ricc
1263796612511469568,2020-05-22,13:39:27, rott cazz
1263796593880416262,2020-05-22,13:39:22,fat decid genitor dad scolast rientr scuol non genitor consider propr figl autovettur parchegg cas genitor consider sal priorit assol
1263780166699974657,2020-05-22,12:34:06, italian incapac dimission
1263779813346750465,2020-05-22,12:32:42,vergogn dimission onor dignit
1263779702663192577,2020-05-22,12:32:15, chiacchieron più cazzar
1263768492844728320,2020-05-22,11:47:43, buffon bugiard è viscid
1263766229988315136,2020-05-22,11:38:43, presidentes poss error sbagl è onest non camb
1263765292460707840,2020-05-22,11:35:00, cont legg giornal notiz giugn mobil cittadin lombard continu viet abit mil genitor anzian friul aspett muoi pot rived chiam fascism
1263763518203052032,2020-05-22,11:27:56,sper toss chiss ascolt
1263757663495749633,2020-05-22,11:04:41,invest scuol part scuol già lavor settembr scuol sar caos total respons sar concors titol previst costitu italian sa ben fir anddl g36 titolieserviz terzafasc
1263756736328015882,2020-05-22,11:01:00,ah lì torn più tard dimett
1263753643330863105,2020-05-22,10:48:42,sent ben professor zangrill uno rianim ilvirus non più cre effett devast cas italian non babbe richiud cas i bimb dev andar scuol chied
1263750109797527553,2020-05-22,10:34:40, ascolt popol offend indign categor onest lavor dur continu incoert g36 anddl titolieserviz fir
1263748900084748289,2020-05-22,10:29:51, scuol bisogn rispost settembr è famigl bisogn istru propr figl non docent pront accogl bambin ragazz g36 anddl stabilizz
1263741044631441408,2020-05-22,09:58:38, criter utilizz zon ross decret rilanc venet esclus vorre cap grz
1263740238603657217,2020-05-22,09:55:26, docent precar vann stabilizz non esod fir ferm concors crocett fir anddl pushpin stabilizz pushpin g36 pushpin titolieserviz pushpin terzafasc pushpin dsgaff pushpin infanziaeprimar
1263737756104175617,2020-05-22,09:45:34,serv vend schifos devast inter
1263733018595921920,2020-05-22,09:26:45, flexedbicepslightskinton i lavor docent precar merit riconosc diritt concors lotter crocett crossmark crossmark crossmark stabilizz docent precar fir anddl pushpin stabilizz pushpin g36 pushpin terzafasc pushpin titolieserviz
1263731000099721217,2020-05-22,09:18:44, pront scend piazz stabilizz g36 noquiz anddl fir fir fir fir
1263728304508604416,2020-05-22,09:08:01, prend gir non dimentic fir anddl pushpin stabilizz pushpin g36 pushpin titolieserviz
1263727291152171008,2020-05-22,09:03:59, magg n cos rec impieg amministr pubblic avvien concors pubblic apert esam titol titol esam cors concors selezion g46 anddl
1263727071592960000,2020-05-22,09:03:07, docent precar esasper vogl stabilizz titol giustiz garant democraz anddl
1263726219679485955,2020-05-22,08:59:44,concors titol serviz costituzional ricord ministr non più tard è indett concors siffatt minister graz giustiz pa è lì non parl sanator incostituzional
1263724401448693761,2020-05-22,08:52:30,car signor president person eccezional cattol preg afginc persever mission
1263724301896880131,2020-05-22,08:52:07, prend gir non dimentic fir anddl pushpin stabilizz pushpin g36 pushpin titolieserviz
1263723898669064192,2020-05-22,08:50:30, mediator lasc maggior prevalg line dei5 stell reclut precar prend gross respons evident scuol renz non insegn tutel lavor anddl g36
1263723284631339010,2020-05-22,08:48:04,assum titol serviz formazion itin esam final cost zer crocett meritocraz non sinonim fir fir fir stop precar anddl stabilizz terzafasc g36
1263723218134851585,2020-05-22,08:47:48, 1settembr docent precar dev stabilizz imposs fid mer crocett oltretutt pien pandem i precar scuol vann stabilizz non esod valorizz non piegat delir onnipott g36 anddl
1263722948730503168,2020-05-22,08:46:44, avanz redsqu anddl fir rimand right facingfist esig rispost dashingaway no ari fritt yawningfac non attend più pazienz anddl g36 brick stopsign
1263722381371158528,2020-05-22,08:44:29, precar non tutel non dimentic ciò è fir flexedbicepslightskinton
1263722046183309312,2020-05-22,08:43:09, venet vatten cas
1263721867011149824,2020-05-22,08:42:26, collision dignit docent precar è graz scuol italian avant post assegn concors titol serviz stop quiz collision collision collision riconoscetec diritt fondamental costitu pushpin anddl pushpin g36 pushpin stabilizz pushpin titolieserviz
1263719692994297858,2020-05-22,08:33:48,pagliacc torn scald banc scuol
1263712320032854022,2020-05-22,08:04:30,richiam gran strap
1263708755734269953,2020-05-22,07:50:20,car president bell parol non serv far ripart graz blocc è riusc riapr ovvi aument prezz graz
1263700258590244866,2020-05-22,07:16:34, pochissim contag è grand vittor segn giust scelt cos può ripart scelt più facil più popolar non ce permess graz govern gest situazion orgogl italy flexedbicepslightskinton
1263699386351091717,2020-05-22,07:13:06, giust dimett
1263687791759765507,2020-05-22,06:27:02, ven vogl cag graz pagliacc
1263671517956669440,2020-05-22,05:22:22, ver vergogn bell tant italian pens giust dirig pandem rivel ment spogl dimett delus rovin nazion dimett
1263668425257336842,2020-05-22,05:10:05,scus è sort dubb è cass integr nasp perc calcol percentual vien vers ricord lord man poilit schif
1263661146709667840,2020-05-22,04:41:09,sol discors steril inutil non ricopr piccol omuncol
1263634113891688448,2020-05-22,02:53:44,vend infam
1263619918874005511,2020-05-22,01:57:20, ved pupazz
1263617908086890500,2020-05-22,01:49:20, tratt incompetent alzat poltron dimess tolt coglion dimett deficent
1263611143333064706,2020-05-22,01:22:27, bell rived dirett tv car signor president cont appassion giovan polit storic difficil ital
1263607123881201664,2020-05-22,01:06:29, non vogl sap dat patent vogl sap dat macchin incompetent arrog stupid
1263599109979672576,2020-05-22,00:34:39, scup u mar
1263598678545010690,2020-05-22,00:32:56,president part maggior opposizion parl stabilizz docent precar confid sagg mediazion garant lavor scuol princip democraz anddl
1263597663632539648,2020-05-22,00:28:54,eur promess car president presenzial immagin televis ricord venditor lozion cresc capell film far west
1263596481274974208,2020-05-22,00:24:12, tien italian dic dimett sarebb bel gest patriott ricord pensac
1263592493012025345,2020-05-22,00:08:21, è sap govern ital aprir immigr lavor badant govern aprir lavor settor fabbric maggazin ristor poic settor culmin
1263592345754169346,2020-05-22,00:07:46, discrimin lavor settor richied document immigr
1263591328622903296,2020-05-22,00:03:43,president cont stabilizz docent precar scuol port avant scuol passion sacrific concors crocett non può valut compett camp aiutatec perc riman
1263589684971663361,2020-05-21,23:57:11,graz president
1263584084569124866,2020-05-21,23:34:56, può polit ministr bagarr aul distr misur sicurezz bell mostr non capac riport student sacrosant dev stud scuol
1263583903832371209,2020-05-21,23:34:13, noentry stop azzolin noentry stop crocett whiteheavycheckmark stabilizz fir anddl pushpin stabilizz pushpin g36 pushpin titolieserviz pushpin terzafasc
1263583789508292612,2020-05-21,23:33:46,car president dichiar nesuun lavor ven può spieg non ferm azzolin distrugg precar pens doman fir anddl pushpin stabilizz pushpin g36 pushpin titolieserviz pushpin terzafasc
1263581315531591680,2020-05-21,23:23:56, distrutt ball non dimett contedimett
1263579097621397505,2020-05-21,23:15:07, dirett camer deput sol frottol televend figur barbin fat govern bugiard traditor governodellavergogn contedimett
1263571721120100352,2020-05-21,22:45:48, inform davver rott maron i decret più bazook fall partitin sosteng pass sar miet gran fecc è parl tic toc tic toc
1263570749836705798,2020-05-21,22:41:57,chied amic potenz fuoc è incepp è spent
1263567677244792835,2020-05-21,22:29:44, sold immigr scommett mes sold italian cass integr aspett marz
1263557948086857728,2020-05-21,21:51:05, rend cont casp mand dirig minister non vergogn non sa ciò ciò non può lasc u president man signor
1263555867263275008,2020-05-21,21:42:49,vergogn
1263554001410428928,2020-05-21,21:35:24,buffon pagliacc burattin cass integr spregevol present cont schif
1263548401813159942,2020-05-21,21:13:09,ministr cont sei brav convind covin19 non brav reapertur vol ital american american controllolor bort ital sicuramentericcord ital bort american marz
1263548131557494785,2020-05-21,21:12:04, stell schif
1263547221938765824,2020-05-21,21:08:27,brav president
1263546740457775105,2020-05-21,21:06:33,vergogn cialtron
1263544556555034627,2020-05-21,20:57:52, risollev vuol lead grand carism caragg tent ten maggior litig poltron non sofn amministr
1263541551650701312,2020-05-21,20:45:56, schif itailian muoi perd lavor non poss spes perc non arriv cig
1263536681447284736,2020-05-21,20:26:34,cig tass 23 vergognat indegn
1263534160410488832,2020-05-21,20:16:33,fat pen risollev
1263532097240694786,2020-05-21,20:08:21, fatt person bor port parol sent soffert cresc rollingonthefloorlaughing rollingonthefloorlaughing rollingonthefloorlaughing rollingonthefloorlaughing vad fars gir oster
1263530882578685953,2020-05-21,20:03:32, legg comment non può pens perc dic oggett verit sent parl guard non cap differt star tavol
1263526425904254976,2020-05-21,19:45:49, propagand siam consapevol ma dic orma non vuol nessunot cav foss man vergonat lumac è più veloc
1263522952047403008,2020-05-21,19:32:01,oh fenomen poss smart working bambin
1263522709423689728,2020-05-21,19:31:03,grand president farem barrier fascist popul razzist xenofob omofob non pass stu tranquill sbarr strad buon cattiv
1263518745512869891,2020-05-21,19:15:18,giorg melon letteral brutalizz non ce soverc t ha dat randell cos fort recc bocchegg e god grand contedimett
1263518008439431168,2020-05-21,19:12:22, andrà decid sort ricord pacc concors universitar anch io vorre partecip concors present pacc titol serviz ricord ok anddl
1263515112826175490,2020-05-21,19:00:52,sper rounior ser precar scuol verrann salvaguard non so perc rem è precar pront scioper ritrov migliai piazz govern non è bell
1263514261063716864,2020-05-21,18:57:29,scuol parol dimentic camb ciò è trist scuol non camb anzi miur non ascolt docent continu bistratt non può sord front malcontent cos generalizz
1263512423505571843,2020-05-21,18:50:11,compagnidiscuol gigin alias 1 de falc pasqual cda fincantier 2 de falc dar palazz ghig 3 carmin amer cda leonard suocer è fornitor leonard curriculum gigin onestàonestàonest
1263511849410191362,2020-05-21,18:47:54, pot riform è semplif burocraz
1263506479144894464,2020-05-21,18:26:34,ricord signorin cont il period pandem quaranten mascherin fin prim popol ital rimarr
1263505608441028608,2020-05-21,18:23:06, appars imbecill port nazional deput 5stell ricciard ben melon recit maestr copion scritt cont
1263504770729459714,2020-05-21,18:19:46,colp vuol liber
1263504187414978560,2020-05-21,18:17:27,magrissim per non usar parol figur fatt president contedimett voinonmirappressent
1263503516242522114,2020-05-21,18:14:47, è mest
1263497447776694275,2020-05-21,17:50:40,graz president
1263493589495156736,2020-05-21,17:35:20, può interess giù man lombard
1263488871205126150,2020-05-21,17:16:36, decret giugn non è parl scioccant com pandem già fin
1263486578544050177,2020-05-21,17:07:29,indirett dirett president repubbl consegn dimission atto buon cuor italian
1263484302517579776,2020-05-21,16:58:26, scuol non question rileg sopper social centr estiv a allus azzolin scuol settembr dev torn scuol incapac
1263478163734224901,2020-05-21,16:34:03, pag cazzar imbecill personagg dann colp cont
1263477239695450112,2020-05-21,16:30:22,vatten via spar vai cur adenoid
1263476956529659907,2020-05-21,16:29:15,scus eh rientr settembr gradual vol scuol settembr riprend scuol impazz davver pres ragazz poverett non impar
1263476259851550721,2020-05-21,16:26:29,president comment stragrand maggior azi rimast band invital comment istitu non
1263473539627319298,2020-05-21,16:15:40,buffon aspett eur marz
1263469255410036736,2020-05-21,15:58:39,president prim elarg aiut econom controll precedent dichiar redd deficit tant evasor fiscal
1263466731525283842,2020-05-21,15:48:37,carissim cont ragazz rom disper è marz aspett cass integr non arriv affitt arretr pag bollett scad spes aliment vad mang dorm brev
1263463985728323584,2020-05-21,15:37:42, inform m5s ospedal mil lombard è sold priv non risp sold cittadin sap dittatur schiavitù magar delucid onorevol cont
1263461411021303809,2020-05-21,15:27:29,car giusepp cont sap domand bonus eur mar è respint sold poss sfam figl vuol invit ripost tant speranz sent ver delus gir
1263460327108349953,2020-05-21,15:23:10, non so insult fart sold cass integr cazz decis brutt coglion
1263458720593465345,2020-05-21,15:16:47, bic shim dat prim telefon
1263458674430939147,2020-05-21,15:16:36, not individu è alle prim salvin renz pur par cul manten poltron insomm pezz bimb bimb cont ammutol part insult fa verit ver contedimett
1263456404813361152,2020-05-21,15:07:35,graz president
1263456099803553793,2020-05-21,15:06:22, dimett più bell figur burattin m pileofpo
1263454336807505922,2020-05-21,14:59:22, massim rub felic ovver legislatur presidt repubbl termin costituzional non vedrem sent più god pensier merd merd torn
1263452025955778560,2020-05-21,14:50:11, poch polit ringraz cittadin brav clappinghandslightskinton chied per ritien ver rischios sacrif fatt finor permett giugn stranier turism alcun vincol quaranten thinkingfac
1263450129098555393,2020-05-21,14:42:39,giusepp mett pezz sparizion bonus medic infermier topp grandissim non prem
1263448557199200265,2020-05-21,14:36:24, dit salvin non blocc profil critic fat legg imped ciò diritt sap scriv propon candid caric pubblic salvinivergogn salvinicensuraitalian
1263448140478373888,2020-05-21,14:34:45,graz sceller governoc vot pass mai ho cap cre pass ignobil sput dand colp govern viv sconosc viv president con stim un artig figl anzian
1263446644068155395,2020-05-21,14:28:48, ridicol alle prim salvin renz pur non perd poltron non vergogn neanc insult polit contedimett
1263446103158128640,2020-05-21,14:26:39,dimett più figur
1263445890389487617,2020-05-21,14:25:48,ricord altra brutt lombard è aiut region sud ospit salv vit lombard venet amic aiut
1263445359193448448,2020-05-21,14:23:41, chied perc sanit lombard non è già commissar se catt gestion lombard accad altra ital leg prim chied commissar
1263440065382023168,2020-05-21,14:02:39,president ci vuol banc erog prest buon cuor banchier priv stim buon lavor
1263438425207844864,2020-05-21,13:56:08,continu parl riguard discors ved usat termin far farem pinocc pochett discors ricciard oper vergogn
1263435632220782592,2020-05-21,13:45:02,decret attuat scherz vann vigor cos impazz
1263434855498604544,2020-05-21,13:41:57,h1n1 marz iniz propagand vaccin camb registr mett scen pandem arriv imporr vaccin partenz divers traguard ugual
1263433719110602752,2020-05-21,13:37:26, accorg manc mascherin sufficit propos nemmen vist medic vest sacc perc non dpi viv intend non tv
1263433381943132161,2020-05-21,13:36:06, sold non arriv ma smett sipariett orma stucchevol attacc sanit lombard dobb ripercorr stor orma famiger fras il risc ital è pratic zer prepar front
1263432978279079936,2020-05-21,13:34:30, vergogn ascolt parol melon non vot ascolt ver più sold bonus monopattin disabil dovrebb mett terr struzz collus assassin delinquent
1263431511505862656,2020-05-21,13:28:40, impres costitu gennai non access nè finanz garant nè contrib fond perd non raffront 2019 non è discrimin difficolt
1263430851716689921,2020-05-21,13:26:03, chierichett europe re pseud democraz ripugn contedimett
1263430645604405249,2020-05-21,13:25:13,presidenteil affann psic fisic righ alto intervent sen appesant fibrill incamer calm firt conferm potenzapsic gran cuor fortement vol batt ritm cuor onest
1263430245362917377,2020-05-21,13:23:38, pinocc non pot descriv immaginar paes balocc disper vag perc uccis
1263429688002822149,2020-05-21,13:21:25, port fall sperper aspett cass integr derog 600 intrallazzon vergogn ve dov andar fat ver schif
1263429424587976706,2020-05-21,13:20:22,avant president non ascolt critic critic brav ringraz com terribil gest più alto sens respons graz lavor
1263428479623868417,2020-05-21,13:16:37,masson arriv trump dimett
1263428325051170816,2020-05-21,13:16:00, marz non stipend vergogn president
1263426624789319680,2020-05-21,13:09:15,mamm frustr sfig tweet consider disattiv rispost può cos perdigiorn non saprann più vomit ignor
1263426469436538883,2020-05-21,13:08:38, arriv vagon merd comment
1263425725413183488,2020-05-21,13:05:40,car president april garant pag cass integr compl promess manten
1263425180547928064,2020-05-21,13:03:31,vergogn covid italian schifos
1263424977828806662,2020-05-21,13:02:42, cap pian far fall vol continu strad ricordat ben vinc verr ripag merit azion mag
1263423808515571713,2020-05-21,12:58:03, ben dimett mattarell protett prolung contedimett governodellavergogn
1263423086910734336,2020-05-21,12:55:11, cred più fat rid
1263422455332421634,2020-05-21,12:52:41,car president non so più non arriv cassaintegrazionel bollett arriv dev pagate figl dev mang lavor rimbalz problem ved stipend aspett mes poss
1263422295495913473,2020-05-21,12:52:03,giust incentiv turism ital è grav pens aiut muse centinai oper bisogn restaur urgent muse bas turism ital
1263421237025476614,2020-05-21,12:47:50,non dia ascolt melon salvin comunic special emergt prim popol tram tv internet quotidian può farl parl popol è sovr parl polit continu comunic
1263420754777038850,2020-05-21,12:45:55,vaffancul
1263418582056218624,2020-05-21,12:37:17,vatten affancul
1263418545431592960,2020-05-21,12:37:09, poder potenz fuoc annunc cont port frutt natural cen distruzion
1263418454633218048,2020-05-21,12:36:47,president cont graz
1263417015546634240,2020-05-21,12:31:04,pagliacc parl sold promess non vist concretizz vergogn contedimett governodellavergogn
1263414831727640581,2020-05-21,12:22:23,dic azzolin genitor non vol apert scuol far parchegg figl perc dad non istruzion fortun disposizion pc line internet non non universitar
1263412787188989952,2020-05-21,12:14:16,fantocc dignit spar contedimett
1263412743677317121,2020-05-21,12:14:05, dic decret covid raccont frottol cred promess rend cont dic realt è piac grand popol dimett non eur
1263412225945018369,2020-05-21,12:12:02, aut incens maggior tant retor moral costrutt vai difficolt esclus dat sold elemosin stann piang perc non poss riapr prest capestr vergogn
1263411803368849408,2020-05-21,12:10:21,incapac chiacchieron govern italian sold cigd
1263411408919769088,2020-05-21,12:08:47, non fat torn lavor timor etic vacanz riman ital cas non avrò sold più km car signor president
1263410514530643968,2020-05-21,12:05:14,attenzion car cont big ben stop disposizion far arriv denar termin cred dic italian stanc fas cavolai colossal vad quirinal
1263409903923867649,2020-05-21,12:02:48, infam eur mult cerc ripart aiut movid ringraz govern moss cass
1263409356588158976,2020-05-21,12:00:38,graz pazienz
1263409060013125633,2020-05-21,11:59:27, neanc sold cass integr dovrest inps vergogn vergogn
1263408731934556160,2020-05-21,11:58:09,graz distrutt elezion rived sper
1263408291335593984,2020-05-21,11:56:24,tropp assurd non può ascolt fantascit
1263407366487388162,2020-05-21,11:52:43, istitu fb buffon
1263406918657286144,2020-05-21,11:50:57,seriet unic chi offend rabb chi urla vol pot augur non giung ital ver verr pieg avant president ital intelligent è
1263405682067484672,2020-05-21,11:46:02, scafist clandestin è compl
1263404710263914496,2020-05-21,11:42:10, trump bugiard ignor disinform è 25 tampon fatt 1milion abit russ 53 451 ital 52 450 nuov zeland 50 819 dat giust è numer 3 171 719 tampon usi impression pleb vergogn
1263404454025596936,2020-05-21,11:41:09, dimostr person grand capac polit continu cos
1263403890961272833,2020-05-21,11:38:55, è president è barzellett fer ital ministr bocc già lombard giugn non verr riapert spost interregional confin svizzer verr riapert svizzer mar potr
1263401528548786176,2020-05-21,11:29:31, per dovrebb spieg decis chiusur permess adegu precauzion supermerc riman apert perc metod non è attu negoz perc uccis mett gua tant
1263400281485778944,2020-05-21,11:24:34,president è dovrebb dimett più ben italian sbandier ventile cuor lasu poltron dat incapac
1263400160035573760,2020-05-21,11:24:05, figur talment imbarazz raccont storiell ball incred non riusc argoment difficolt orator peggior president repubbl
1263399019973312512,2020-05-21,11:19:33,riapr bar non può andar perc assembr tutt logic
1263398929217007616,2020-05-21,11:19:12, notiz tant aspett è arrest trad
1263398796354097158,2020-05-21,11:18:40,compl president avant cos graz esserc clappinghands clappinghands clappinghands clappinghands flexedbiceps flexedbiceps flexedbiceps flexedbiceps flexedbiceps flexedbiceps
1263398511871062016,2020-05-21,11:17:32, ricchezz annebb saggezz pensivefac foldedhands foldedhands foldedhands
1263396992581021696,2020-05-21,11:11:30, verit verr obam amer prossim grill renz company
1263396601881600000,2020-05-21,11:09:57,togl troglod idiot bocc azzolin mai irricev dpcm concession anti democrat vad sant dio non poss permett vs incapac
1263396216689344513,2020-05-21,11:08:25,beh commerc chius prim marz ricev eur april immagin bei 15 20 000 eur mes ricev costant mes vergogn
1263396085860614144,2020-05-21,11:07:54, delus stell cred camb ser agost stracc costitu chius cas sap distrutt econom moral famigl cass non
1263394524556144641,2020-05-21,11:01:42, avvoc indubb gestion struttur han bisogn capac intraprendt non minim patos vad
1263393952675377153,2020-05-21,10:59:25,scusam giuseppy port can gir pip ordin ved ascolt imprev cazz raccont
1263393719451103233,2020-05-21,10:58:30, italian riteng govern non affront voragin econom dovrebb guard sondagg cal grand perc crud realt occhi togl torn incapac mai azzolin bocc franceschiniultim rovin turism
1263392710339280896,2020-05-21,10:54:29, dimett
1263392486552199168,2020-05-21,10:53:36, spieg andar vacanz ital non sold
1263391830273638400,2020-05-21,10:50:59, giudic gl italian non merit anfiteatr parlament rimpiang colosse violenz volgar provocazioneister offusc magistral intervent president cont sintes costrutt sinergicauman respons
1263391791866355713,2020-05-21,10:50:50,cia giusepp sei orgogl voc autorevol augur ben star mett tac maleduc ignor costitu italian non conosc neanc articol forz giusepp
1263391316970438657,2020-05-21,10:48:57, rott cazz
1263389180262055938,2020-05-21,10:40:27,è vergogn ved uomin fatt fin trasformin belv circ perc disaccord chied non previst sanzion tant incivilt dovrebb rappresent più
1263388435496218631,2020-05-21,10:37:30,pens settor restaur oper urgenz far ripart inter settor strateg turism moltissim dipint muse urgent bisogn restaur parl
1263387354800295938,2020-05-21,10:33:12,do cazz sold
1263387227582857216,2020-05-21,10:32:42,dirett sospes non ved verit dirett figur merd mondial italian vergogn
1263386788258893824,2020-05-21,10:30:57, vacanz andrò liber spiac valid struttur ital
1263386786899902466,2020-05-21,10:30:57,sper arriv
1263386632968794112,2020-05-21,10:30:20, conven govern unit ital guid drag pochin più espert cred
1263384778356723712,2020-05-21,10:22:58,graz president dar opportun donn bisogn miglior welf famigl serviz adegu
1263384658328379393,2020-05-21,10:22:29,facebook ve pot infil canal istituzional pagh
1263384642289352704,2020-05-21,10:22:25,graz non alcun rifer lavor turism determin più abbandon vergogn decretorilanc
1263384582939906051,2020-05-21,10:22:11, favol raccont curios riman classic mett punt fantascientif tip arriv almen spicciol ver tir fontan
1263384258258837505,2020-05-21,10:20:54, antan
1263383924186570752,2020-05-21,10:19:34,nutr ser dubb svolt profession avvoc non alcun timor reverenzial svolg profession iscritt ordin consider lozer assol sussid cert 1 200 000 freg vergogn
1263383333964259329,2020-05-21,10:17:14,iniezion liquid non cazz
1263382327700402177,2020-05-21,10:13:14, documentar cicl vital paramec focus non segu volentier è simil
1263382126315134976,2020-05-21,10:12:26,buon lavor president italy
1263381926834057216,2020-05-21,10:11:38, segu trasmission approfond ret televis ved richiest aiut pmi p iva pens non direbb bug contedimett vogliamovot
1263381590979293184,2020-05-21,10:10:18,buongiorn president cont invalid civil non può aument pension pens dar sussid nio prend piccol pension eur non arriv mes
1263381559165554691,2020-05-21,10:10:10, immun non dov scaric attent è truff govern è criminal
1263380977209966592,2020-05-21,10:07:52,graz president equilibr onest intellettual gestion cris sanitar precedent redheart
1263380461969178624,2020-05-21,10:05:49, guard winkingfac smilingfacewithheart eyes
1263380238580539392,2020-05-21,10:04:56, già guard heartsuit
1263379865862053888,2020-05-21,10:03:27,odios schifos merd ve dov andar dov mor cit
1263379431432818688,2020-05-21,10:01:43,emorroid indegn incapac da linc govern fall ital
1263378985418919937,2020-05-21,09:59:57, ball ben confezion raccont
1263378187121315840,2020-05-21,09:56:46,graz president
1263377801069166592,2020-05-21,09:55:14, dirett circ massim burattin cont è brig circens succ sangu sold chiud parl rived repubbl fond ladr maf ridiculous
1263377746153156613,2020-05-21,09:55:01, mes non serv caxx italian cacc istituzional italian mes italian gualtier nomes pens m5s
1263377490954850304,2020-05-21,09:54:00,vergogn italian
1263376955740696576,2020-05-21,09:51:53, non insult
1263376870638333952,2020-05-21,09:51:33,buongiorn bagnolifuorigrott
1263376834164596737,2020-05-21,09:51:24,non ved poter dar codic immun davver curios
1263376764677566465,2020-05-21,09:51:07,fca fall tropp dar corrispett azion garanz vuol prest stat cda fca 30 chied ritorn sed ital
1263376345217843201,2020-05-21,09:49:27, non cred manc più madr
1263376179937116160,2020-05-21,09:48:48, dimett ah dev prim sistem poltron bosc chied scus
1263376158307033088,2020-05-21,09:48:43,incapac 5stell
1263375981143785472,2020-05-21,09:48:00, cass integr
1263375926445903872,2020-05-21,09:47:47, sold cass integr pò vien prend propr man
1263375620215537664,2020-05-21,09:46:34,vergognat omett
1263375417055952898,2020-05-21,09:45:46,già lì parlament pe er gol de turon
1263375149195243520,2020-05-21,09:44:42,smettiamol annunc dimission
1263375074754772992,2020-05-21,09:44:24,cialtronaggin acut mic vorr rinchiud movid recitatel numer chius fat svend cines fall provoc pretest
1263374649452363776,2020-05-21,09:42:43, vergogn president è stà port fall svend grand azind negoziett non è riusc neanc garant guant mascherin patet vergogn
1263374636764393477,2020-05-21,09:42:40, non tolg spes
1263374255946940417,2020-05-21,09:41:09,vatten vergogn amic renz aspett
1263374227320770567,2020-05-21,09:41:02,brav president
1263374167635824641,2020-05-21,09:40:48,buffon
1263373922159992833,2020-05-21,09:39:50, schif usurp non vot popol dittator peggior spec
1263373861757820930,2020-05-21,09:39:35,bepp perdonam stud senn laure non ved binocol ved sen relievedfac
1263373700004536320,2020-05-21,09:38:57, amo
