id,datestamp,timestamp,tweet,label
1249107419256553476,2020-04-12,00:49:50,No comment. Mi si è rivoltato lo stomaco!!!!!,Contrast
1249094360890847240,2020-04-11,23:57:57,Vedo molti ringraziamenti ma per cosa lo ringraziate? A) 20k morti B) 100k contagi C) 40 giorni di arresti domiciliari D) 40 giorni senza incassare denaro,Contrast
1249093212456828928,2020-04-11,23:53:23,Dopo quasi vent'anni di crimini e macelleria sociale da far invidia a regimi totalitari del passato c'è ancora gente che difende l'Euro e l'Europa senza vergogna. "Mi spiace ma stavolta devo fare nomi e cognomi". @GiuseppeConteIT @pdnetwork @gualtierieurope @luigidimaio,Contrast
1249066928028692481,2020-04-11,22:08:56,Il presidente Conte ha agito bene. Siamo in emergenza attacchi allo stato sono in questo momento pericolosi. Gli Italiani devono capire chi è contro l’Italia.,Favour
1249063967542128647,2020-04-11,21:57:11,Non riesce ad ottenere nulla in Europa sta con il PD che è favorevole al mes ci dice che la colpa è di  Salvini e Meloni. Scusi presidente ma veramente pensa che siamo tutti scemi? Lei è un falso presuntuoso non eletto da nessuno Almeno non ci prenda in giro,Contrast
1249043411178590209,2020-04-11,20:35:29,Le bugie che racconti ti si riverseranno contro hai fatto la figura del teppistello da quattro soldi. Nel 2012 c'era il governo Monti  e Salvini e Meloni nn hanno firmato un caxxo. Basta fare una breve ricerca e salta fuori la verità. Vergognati Pinocchio!!!!!!,Contrast
1249040680980287488,2020-04-11,20:24:39,Mentecatto.,Contrast
1249040463014887424,2020-04-11,20:23:47,Conte continua così. ...nn ne possiamo più di SalviniMeloni e via di seguito,Favour
1249037354884567040,2020-04-11,20:11:26,Conte fatti sentire non conti niente sei un burattino,Contrast
1249036516652994568,2020-04-11,20:08:06,Grande presidente... Per fortuna che c'è lei... Grazie mille e buona pasqua,Favour
1249033976729214978,2020-04-11,19:58:00,hai rotto i coglioni ai piu hai superato ogni limite non sai cosa sia la democrazia sei un vanesio da psicologo come pensi vada a finire Giuseppy ?,Contrast
1249026632775499785,2020-04-11,19:28:49,A Contema dimmi un po ma non ti schifi un tantino di te stesso buttando fango sulle opposizioni? Mascalzone che non sei altro.Vergognati e schifati di te stesso,Contrast
1249016818271911936,2020-04-11,18:49:49,lei (ed i suoi ministri) è un cialtrone servo dei poteri europei !!!! Avvocato dei mercati !!,Contrast
1249015837014581252,2020-04-11,18:45:55,Il paese ha bisogno di ripartire in fretta o ci sara'molta più gente che morira' di fame...fateci fare i test a pagamento e permetteci di tornare ad uscire e avere una vita quasi normale.,Neutral
1249015433887469568,2020-04-11,18:44:19,Il fatto che la Meloni sia stata presente o no durante la votazione del mes nel 2012 non vuol dire nulla faceva parte del governo e quindi era sulla barca o sulla barca ci stai solo quando fa comodo..??,Neutral
1249013502389485576,2020-04-11,18:36:39,Vai avanti Giuseppe e non ti curar di coloro che blaterano per invidia o per aver perso l'occasione di atteggiarsi a protagonisti. Me li immagino proprio seduti ai tavoli a trattare i problemi del nostro paese...Sono lieta che sia tu a rappresentarci!,Favour
1249007373408239617,2020-04-11,18:12:17,Grande grandissimo Presidente. Ottimo il cazziatone ai due falsari Salvini e Meloni,Favour
1249006371485483010,2020-04-11,18:08:19,Prolungare fino al 3 maggio é stata la decisione giusta. Ottimo lavoro Sig. Presidente. E per quanto riguarda il #MES ha fatto bene a chiarire i fatti. #salviniemelonibuffoni,Favour
1249003940835930114,2020-04-11,17:58:39,Hai fatto bene. Di sto terrorismo fake ci siamo rotti. W l'Italia W Conte.,Favour
1248998493357772800,2020-04-11,17:37:00,non ti curar di loro  ma guarda e passa  un saluto da Napoli forza presidente sei il MIGLIORE !!! ..continua !!,Favour
1248994712301776897,2020-04-11,17:21:59,Terrorizzato dal fatto di dover tornare ad essere un signor nessuno ma con meno stipendio e senza dirette TV ?,Contrast
1248994074050400258,2020-04-11,17:19:27,Vergognati bugiardo. Menti sapendo di mentire. Vattene.,Contrast
1248986328106176512,2020-04-11,16:48:40,è il parlamento che è sovranonon tu! puoi fare tutti i decreti che ti pare ma se non passano attraverso il parlamento non hanno forza di legge hai indotto a firmare un'autocertificazione illegittimavergogna,Contrast
1248985195015012353,2020-04-11,16:44:10,quante bugie! ma quanto dura una quarantena? ma se non ha sueperato il numero dei morti degli anni precedenti e con un DPCM pretendi di negarci i diritti sanciti dalla costituzione? ma va? o stai cercando di instaurare qualcos'altro? vedi di piantarla,Contrast
1248983130943492096,2020-04-11,16:35:58,@GiuseppeConteIT  Giuseppi ieri sera hai fatto una figuraccia mi dispiace. Ma tra l'altro è vero che ti sei paragonato a Winston Churchill? Oh Signur...😱😱😱,Contrast
1248982575491813376,2020-04-11,16:33:45,Bravo Conte...hai fatto benissimo!!!!!,Favour
1248981530988498944,2020-04-11,16:29:36,Grazie Presidente. Ci voleva proprio una persona speciale in questo momento particolare è difficile. Pregherò per lei,Favour
1248981514043432961,2020-04-11,16:29:32,Sei un grandeeeeeeee era dai tempi del gol di Tardelli che non godevo cosi!!!!!,Favour
1248979387078381568,2020-04-11,16:21:05,non l'ho mai aprrezzata tanto bravissimo!!! ottimo discorso necessario e indispensabile in tutte le sue parti!!!  sempre con lei!!! 👌👌👌👍💪,Favour
1248979331910696960,2020-04-11,16:20:52,Avanti con forza difendere la verità è un dovere,Favour
1248976467972808704,2020-04-11,16:09:29,Durante la tragedia che sta vivendo l'ITALIA fare un Discorso alla Nazione a Reti Unificate per Attaccare l'Opposizione non è utile è da Criminale.,Contrast
1248975315470290944,2020-04-11,16:04:54,Grande premier!!! Vorrei dire a #Mentana che l’aver preso le distanze dalle affermazioni veritiere del primo ministro hanno definito che razza di persona è.. Con una pandemia mondiale difendere questa discutibile e bugiarda dx è da viscidi! #tiFacevoMigliore,Favour
1248974043719651329,2020-04-11,15:59:51,Grande presidente Conte Lui pensa al popolo con decisioni coraggiose. Triste che altri in momenti critici di emergenza  pensino solo al proprio orticello,Favour
1248970792639102979,2020-04-11,15:46:56,Non mi sento rappresentato da Lei e dal suo governo . La ritengo pericoloso  non sincero ed alla guida di incompetenti . La invito a presentarsi in Parlamento e ad evitare proclami televisivi patetici ed imbarazzanti . Inoltre NIENTE di quello che finora millantato  si vede.,Contrast
1248970044731723777,2020-04-11,15:43:58,Oramai dai il voltastomaco ! Il dittatore della Corea del Nord e’ un pivello confronto a te VERGOGNATI ! ma prima o poi ti giudicheremo,Contrast
1248969155669307393,2020-04-11,15:40:26,Grazie presidente!!continua così non ci facciamo piegare da nessuno tanto meno che da Salvini e dalla meloni!!,Favour
1248966730594029568,2020-04-11,15:30:47,Buongiorno Presidente  sono una cittadina con idee politiche non allineate con l’attuale Governo. Ciò nonostante riconosco l’enormità del Suo compito in questo momento e vedo sincerità tra le Sue parole . Mi affido alla Sua guida  insieme alla mia famiglia e La ringrazio .,Favour
1248965528028356608,2020-04-11,15:26:01,Ieri sera lei mi è veramente piaciuto. Complimenti,Favour
1248965284951719936,2020-04-11,15:25:03,Lei è un poveretto lagnoso e rancoroso! Ormai lei ha una sola possibilità.....mettere in riga la marmaglia europea o salutarla romanamente e far saltare il banco. Dopodiché non usciamo dall’unione ma neanche le diamo più un solo euro!,Contrast
1248964762001686529,2020-04-11,15:22:58,ci sono milioni di Italiani che sono all'osso per colpa vostra  con aziende chiuse e senza stipendi  cosa che voi continuate a percepire anzi meglio dire a FOTTERE. Stai sereno che pagherete tutto a guerra finita CRIMINALI da Corte Marziale per strage di ITALIANI. INFAMI,Contrast
1248962931502571523,2020-04-11,15:15:42,Se attacca l’opposizione come tratta in Europa siamo a cavallo #CONTEDIMETTITI,Contrast
1248962323953451008,2020-04-11,15:13:17,Sei un pagliaccio 🤡!!!,Contrast
1248961264061157376,2020-04-11,15:09:04,Se potessi metterei un milione di like. Vaya che carattere! Fuoco puro come quello che scorre nelle vene di un condottiere naturale. Tutta la mia fiducia e apprezzamento signor presidente! Grazie.,Favour
1248960534608777217,2020-04-11,15:06:10,Vergognatevi! Ci state distruggendo e siete troppo presuntuosi. Un po’ di umiltà in più  per favore!,Contrast
1248959896076386304,2020-04-11,15:03:38,Siamo stanchi di tutto questo. Lei è il Premier quindi è lei che deve dare l'esempio. Bene quante possibilità abbiamo di superare la crisi nel migliore dei modi? Ha pensatox esdi recuperare un po' di danaro agendo sul business dei migranti e sugli inutili carrozzoni statali?,Contrast
1248958805867671553,2020-04-11,14:59:18,Che figura di merda colossale che hai fatto. Fabbricatore di falsità. Dimettiti.,Contrast
1248958550103162880,2020-04-11,14:58:17,Come mai nè il #Premier nè i #giornalisti ammessi alla conferenza stampa affrontano mai la questione "#compensi dei politici"? Sempre stati eccessivi ma in questo momento sono francamente oltraggiosi,Contrast
1248957360745385986,2020-04-11,14:53:33,Immenso Presidente,Favour
1248957351333449728,2020-04-11,14:53:31,EGR PRESIDENTE Lei e il M5S tenete duro.....il PD se ne farà una ragione e il tempo che è GALANTUOMO le darà i meriti.....,Favour
1248957277689741313,2020-04-11,14:53:14,Ha fatto benissimo! Gli italiani hanno il diritto di essere ben informati in questo momento. Contraddittorio? Ma quando Salvini e Meloni vanno in giro a calunniare lui ed il governo con balle spaziali dove e' il contraddittorio?! Forza Conte!,Favour
1248956594139906049,2020-04-11,14:50:31,Finalmente Presidente! Condivido in pieno la giusta risposta alle provocazioni che non aiutano il nostro paese a superare questo momento difficile. Ben fatto,Favour
1248955867287912451,2020-04-11,14:47:37,Dopo aver sentito quello che ha detto ho capito che lei ha bleffato fino ad oggi e questo suo bluff ha come risultato che al nord le persone muoiono e le aziende chiudono. È evidente che non arriverà nulla di tutto quello che ha promesso. Si vergogni.,Contrast
1248954816837169152,2020-04-11,14:43:27,Non è da vigliacchi attaccare avversari politici che non possono controbattere con altrettanta efficacia? Fate il vostro dovere . Governate e fatela finita con le rivalse stupide. Fino ad ora bla bla bla. Chiusi in casa e nessuna delle promesse mantenute.,Contrast
1248954421528219648,2020-04-11,14:41:53,In fatto di incompetenza e spocchiosita' lei vince.il premio NOBEL!!!!!!!,Contrast
1248954037849985024,2020-04-11,14:40:21,Sei patetico,Contrast
1248953987279265792,2020-04-11,14:40:09,Vergogna italiana,Contrast
1248953068168908807,2020-04-11,14:36:30,Corragio Presidente ! Italia can be proud 🇮🇹💞💪💪💪💞🇮🇹,Favour
1248952944344662016,2020-04-11,14:36:01,Hai preso un grande impegno con gli italiani. Hai pubblicamente detto che non firmerai nulla se non ci saranno gli strumenti adeguati al superamento della crisi. Staremo a vedere.,Neutral
1248952795492990982,2020-04-11,14:35:25,Bravo Presidente!,Favour
1248951662582120449,2020-04-11,14:30:55,Caro Presidente...non sono mai stato un Tuo seguace...ma ieri sera devo ammettere che sei stato un GRANDE....Complimenti e continua così...e la strada giusta!!,Favour
1248951521036972033,2020-04-11,14:30:21,Avvocato de sti cojoni.. quando arrivano i 600 euro per partite iva? Rispondi con i fatti invece di attaccare vigliaccamente l opposizione.. avvocato de sta minchia che parla come se avesse una patata in bocca #CONTEDIMETTITI #CONTEBUFFONE,Contrast
1248950859855204352,2020-04-11,14:27:44,Presidente. Vada avanti così con passione dedizione al bene comune e chiarezza. Il resto sono piccolezze. Ha tutta la mia stima e solidarietà.,Favour
1248949106908823554,2020-04-11,14:20:46,Pagliaccio bugiardo. Capra dimettiti,Contrast
1248947629091848193,2020-04-11,14:14:53,Presidente una domanda da un artigiano dove sono le 600 € promesse e la cassa dei miei dipendenti a oggi nulla ancora noi siamo stanchi delle prese in giro ma stanchi stanchi,Contrast
1248944733654835202,2020-04-11,14:03:23,Prima chi adora questa destra vogliono il pugno duro e l'autonomia dall'Europa.  Ora arriva un con il polso fermo che cerca di non farci affondare nonostante l'opposizione cerchi in tutti i modi di svilirci in Europa e vi lamentate? E no così non va bene siate di una opinione,Neutral
1248943757732519936,2020-04-11,13:59:30,Grazie Presidente!,Favour
1248943084035018752,2020-04-11,13:56:50,Bravo PRESIDENTE....,Favour
1248941028427653122,2020-04-11,13:48:40,Io sempre controtrend auguro a questo Paese che il nostro Premier investa due lire per Informatizzare tutti i dipertimenti statali cosicche’ alla riapertura l’Inps SAPPIA chi ha davvero bisogno e chi si lagna...all’italiana!,Neutral
1248940879341137921,2020-04-11,13:48:04,Ha fatto bene a dare due sberle a quei due pagliacci!  Vada avanti Presidente!!! Lei rappresenta l’Italia migliore!!!!       W !!!Conte...W lItalia,Favour
1248940430428975105,2020-04-11,13:46:17,GRAZIE!!!!!,Favour
1248939963896520704,2020-04-11,13:44:26,Avanti così Presidente. Chiaro determinato efficace. Non si curi di lor e vada per la sua strada continuando a dire la veritá. Non è certo da solo. Grazie,Favour
1248939096451485697,2020-04-11,13:40:59,Grazie Presidente. Finalmente un po' di serietà.,Favour
1248937799308410881,2020-04-11,13:35:50,Grazie Presidente per il suo coraggio! Il coraggio della verità contro le menzogne. La ringrazio e sia certo che l'Italia onesta è con lei!,Favour
1248931888095531008,2020-04-11,13:12:20,PRESIDENTE MATTARELLA STOP ALLE FAKE NEWS A RETI UNIFICATE INTERVENGA,Neutral
1248924915870334976,2020-04-11,12:44:38,Bene la proroga e l'asfaltata a Salvini e Meloni. Miope chiudere al MES e dare troppa enfasi agli eurobond: urge restare coi piedi per terra,Neutral
1248924521261936643,2020-04-11,12:43:04,Ha tutta la mia stima Presidente ! Grazie grazie grazie ❤,Favour
1248918716093431809,2020-04-11,12:20:00,Sono meravigliato che i soldi vanno a chi li ha già!! Perché la maggior parte di chi ha la partita Iva hanno 2 auto case e dei bei conticini? Ed io il disoccupato senza partita IVA non posso chiedere nulla.,Neutral
1248911667502743552,2020-04-11,11:51:59,il popolo non e' stupidoquesta e' una guerra silenziosail virus e' solo una scusa ed la parola pandemia e' molto pesantepandemia significa catastrofe mondiale cioe miliardi di mortigiorno 4 maggio ci deve mandare a lavorarese no e' finita.,Neutral
