id,datestamp,timestamp,tweet,label
1249107419256553476,2020-04-12,00:49:50, comment è rivolt stomac,-1
1249094360890847240,2020-04-11,23:57:57,ved ringraz ringraz 20k mort b 100k contag arrest domiciliar incass denar,-1
1249093212456828928,2020-04-11,23:53:23, vent anni crimin maceller social far invid regim totalitar pass dif vergogn mi spiac stavolt nom cognom,-1
1249066928028692481,2020-04-11,22:08:56, president cont agit ben emergt attacc pericol italian dev cap è,1
1249063967542128647,2020-04-11,21:57:11,non riesc otten europ pd è favorevol mes colp è salvin melon scus president ver pens scem è fals presuntu non elett almen non prend gir,-1
1249043411178590209,2020-04-11,20:35:29, bug raccont rivers figur teppistell sold govern mont salvin melon non firm caxx brev ricerc salt verit vergogn pinocc,-1
1249040680980287488,2020-04-11,20:24:39,mentecatt,-1
1249040463014887424,2020-04-11,20:23:47,cont continu cos nn poss più salvinimelon via,1
1249037354884567040,2020-04-11,20:11:26,cont fatt sent non cont burattin,-1
1249036516652994568,2020-04-11,20:08:06,grand president fortun graz mill buon pasqu,1
1249033976729214978,2020-04-11,19:58:00, rott coglion super lim non sai democraz vanes psicolog pens vad fin giuseppy,-1
1249026632775499785,2020-04-11,19:28:49, contem dimm non schif tantin butt fang opposizion mascalzon non schif,-1
1249016818271911936,2020-04-11,18:49:49, ed ministr è cialtron serv poter europe avvoc merc,-1
1249015837014581252,2020-04-11,18:45:55, bisogn ripart frett più morir fam fatec test pag permettec torn uscir normal,0
1249015433887469568,2020-04-11,18:44:19, melon present votazion mes non vuol govern barc barc comod,0
1249013502389485576,2020-04-11,18:36:39,vai avant giusepp non cur blater invid pers attegg protagon immagin sed tavol tratt problem liet rappresent,1
1249007373408239617,2020-04-11,18:12:17,grand grandissim president ottim cazziaton falsar salvin melon,1
1249006371485483010,2020-04-11,18:08:19,prolung magg è decision giust ottim lavor president riguard mes ben chiar fatt salviniemelonibuffon,1
1249003940835930114,2020-04-11,17:58:39, ben terror fak rott w w cont,1
1248998493357772800,2020-04-11,17:37:00,non cur guard pass sal napol president miglior continu,1
1248994712301776897,2020-04-11,17:21:59,terrorizz dover torn signor stipend dirett tv,-1
1248994074050400258,2020-04-11,17:19:27,vergogn bugiard ment sap ment vatten,-1
1248986328106176512,2020-04-11,16:48:40,è parl è sovranonon puo decret par non pass parl non legg indott firm illegittimavergogn,-1
1248985195015012353,2020-04-11,16:44:10, bug dur quaranten non sueper numer mort precedent dpcm pret neg diritt sanc costitu cerc instaur qualcos altro ved piant,-1
1248983130943492096,2020-04-11,16:35:58,giusepp ser figuracc dispiac è ver paragon winston churchill oh signur facescreaminginf facescreaminginf facescreaminginf,-1
1248982575491813376,2020-04-11,16:33:45,brav cont hai benissim,1
1248981530988498944,2020-04-11,16:29:36,graz president vol person special particol è difficil preg,1
1248981514043432961,2020-04-11,16:29:32, grandeeeeeee temp gol tardell non god,1
1248979387078381568,2020-04-11,16:21:05,non aprrezz bravissim ottim discors necessar indispens part okhand okhand okhand thumbsup flexedbiceps,1
1248979331910696960,2020-04-11,16:20:52,avant difend verit è dov,1
1248976467972808704,2020-04-11,16:09:29, traged viv discors nazion ret unific attacc non è util è criminal,-1
1248975315470290944,2020-04-11,16:04:54,grand premier vorre mentan pres distanz afferm verit ministr defin razz person è pandem mondial difend discut bugiard dx è viscid tifacevomiglior,1
1248974043719651329,2020-04-11,15:59:51,grand president cont pens popol decision coragg trist moment critic emergt pensin orticell,1
1248970792639102979,2020-04-11,15:46:56,non sent rappresent govern riteng pericol non sincer guid incompetent invit present parl evit proclam televis patet imbarazz finor millant ved,-1
1248970044731723777,2020-04-11,15:43:58,orama voltastomac dittator core nord pivell confront vergogn prim giudic,-1
1248969155669307393,2020-04-11,15:40:26,graz president continu cos non pieg salvin melon,1
1248966730594029568,2020-04-11,15:30:47,buongiorn president cittadin ide polit non allin govern ciò riconosc comp ved sincer parol affid guid famigl ringraz,1
1248965528028356608,2020-04-11,15:26:01, ser è ver piac compl,1
1248965284951719936,2020-04-11,15:25:03, è poverett lagnos rancor orma sol possibil mett rig marmagl europe salut roman far salt banc dopodic non usciam neanc diam più eur,-1
1248964762001686529,2020-04-11,15:22:58, italian colp azi chius stip continu percep anzi fott seren pagh guerr fin criminal cort marzial strag italian infam,-1
1248962931502571523,2020-04-11,15:15:42, attacc tratt europ cavall contedimett,-1
1248962323953451008,2020-04-11,15:13:17, pagliacc clownfac,-1
1248961264061157376,2020-04-11,15:09:04, potess mett milion lik vay caratt fuoc pur scorr ven condott natural fiduc apprezz signor president graz,1
1248960534608777217,2020-04-11,15:06:10,vergognat distrugg presuntu umilt più,-1
1248959896076386304,2020-04-11,15:03:38, stanc è premier è dar ben possibil super cris miglior mod pensatox esdi recuper danar agend business migrant inutil carrozzon statal,-1
1248958805867671553,2020-04-11,14:59:18, figur merd colossal fabbric falsit dimett,-1
1248958550103162880,2020-04-11,14:58:17, nè premier nè giornal ammess confert stamp affront question compens polit eccess franc oltragg,-1
1248957360745385986,2020-04-11,14:53:33,immens president,1
1248957351333449728,2020-04-11,14:53:31,egr president m5s ten dur il pd far ragion è galantuom dar mer,1
1248957277689741313,2020-04-11,14:53:14, benissim italian diritt ben inform contraddittor salvin melon vann gir calunn govern ball spazial contraddittor cont,1
1248956594139906049,2020-04-11,14:50:31, president condivid giust rispost provoc non aiut super difficil ben,1
1248955867287912451,2020-04-11,14:47:37, sent cap bleff bluff risult nord muoi azi chiud è evident non arriv vergogn,-1
1248954816837169152,2020-04-11,14:43:27,non è vigliacc attacc avversar polit non poss controbatt altrettant efficac fat dov govern fatel fin rivals stupid bla bla bla chius cas promess manten,-1
1248954421528219648,2020-04-11,14:41:53, incompett spocchios vinc il prem nobel,-1
1248954037849985024,2020-04-11,14:40:21, patet,-1
1248953987279265792,2020-04-11,14:40:09,vergogn italian,-1
1248953068168908807,2020-04-11,14:36:30,corrag president ital can be proud italy revolvinghearts flexedbiceps flexedbiceps flexedbiceps revolvinghearts italy,1
1248952944344662016,2020-04-11,14:36:01, pres grand impegn italian pubblic non firm non strument adegu super cris ved,0
1248952795492990982,2020-04-11,14:35:25,brav president,1
1248951662582120449,2020-04-11,14:30:55,car president non seguac ma ser ammett grand compl continu cos e strad giust,1
1248951521036972033,2020-04-11,14:30:21,avvoc de sti cojon arriv eur part iva rispond fatt attacc vigliacc opposizion avvoc de minc parl pat bocc contedimett contebuffon,-1
1248950859855204352,2020-04-11,14:27:44,president vad avant cos passion dedizion ben comun chiarezz rest piccolezz stim solidariet,1
1248949106908823554,2020-04-11,14:20:46,pagliacc bugiard capr dimett,-1
1248947629091848193,2020-04-11,14:14:53,president domand artig promess cass dipendent stanc pres gir stanc stanc,-1
1248944733654835202,2020-04-11,14:03:23,prim ador destr vogl pugn dur arriv pols ferm cerc non farc affond cerc mod svil europ lament cos non ben opinion,0
1248943757732519936,2020-04-11,13:59:30,graz president,1
1248943084035018752,2020-04-11,13:56:50,brav president,1
1248941028427653122,2020-04-11,13:48:40, controtrend augur premier invest lir informatizz dipert statal cosicc riapertur sapp davver bisogn lagn all italian,0
1248940879341137921,2020-04-11,13:48:04, ben dar sberl que pagliacc vad avant president rappresent miglior w cont w lital,1
1248940430428975105,2020-04-11,13:46:17,graz,1
1248939963896520704,2020-04-11,13:44:26,avant cos president chiar determin efficac non cur lor vad strad continu verit non è graz,1
1248939096451485697,2020-04-11,13:40:59,graz president seriet,1
1248937799308410881,2020-04-11,13:35:50,graz president coragg coragg verit menzogn ringraz onest è,1
1248931888095531008,2020-04-11,13:12:20,president mattarell stop fak news ret unific interveng,0
1248924915870334976,2020-04-11,12:44:38,ben prorog salvin melon miop chiud mes dar tropp enfas eurobond urge rest terr,0
1248924521261936643,2020-04-11,12:43:04, stim president graz graz graz redheart,1
1248918716093431809,2020-04-11,12:20:00, meravigl sold vann già perc part iva aut cas bei conticin disoccup part iva non poss chied,0
1248911667502743552,2020-04-11,11:51:59, popol non stupidoquest guerr silenziosail virus scus parol pandem pesantepandem signif catastrof mondial mortigiorn magg mand lavorares fin,0
