id,datestamp,timestamp,tweet,label
1254921861017866242,2020-04-28,01:54:21,Condivido egoisticamente prudenza fase2! Umile consiglioaddetti comunicazione lacunosi.Leiavvocatodovrebbe supervisionare testi prima di leggerli e valutare insidie che mostrano il fianco.,Neutral
1254887194759761920,2020-04-27,23:36:36,Non dare retta agli stolti. Procedi con prudenza. I numeri non consentono altro.,Neutral
1254880739335815171,2020-04-27,23:10:57,Le esprimo la mia solidarietà e vicinanza. Non è facile in questo contesto individuare in tempi brevissimi le giuste manovre per salvaguardare la salute dei cittadini e nel medesimo tempo l'economia in un Italia che non brilla per la sua semplicità burocratica. Forza Presidente,Favour
1254869315804966913,2020-04-27,22:25:33,Grazie,Favour
1254864305402662913,2020-04-27,22:05:39,Scendi dal piedistallo #avvocatodelpopolo,Contrast
1254863601287884800,2020-04-27,22:02:51,Come può presentare un piano senza neanche minimamente pensare alle famiglie e ai bambini?  Non sono importanti non hanno lobby. Da vergognarsi. Ha perso la sua credibilità e la destra ne approfitterà sicuramente.,Contrast
1254861940733521926,2020-04-27,21:56:15,Tante cose poco chiare presidente. Ci chiarisca ad esempio se i figli di una persona disabile e bisognosa di assistenza possano recarsi a trovarla anche se vivono in altra regione. Ci chiarisca se per praticare uno sport si possa raggiungere con l'auto l'impianto dedicato,Neutral
1254859951006027777,2020-04-27,21:48:21,Bloccate il Paese poi non vi prendete la responsabilità di finanziare gli Italiani siete il #governodellamiseria,Contrast
1254858745865285634,2020-04-27,21:43:33,Presidente si è dimenticato di fare i nomi e cognomi di chi non ha cantato BELLA CIAO! #CONTEDIMETTITI,Contrast
1254857575146950659,2020-04-27,21:38:54,Grazie per tutto quello che sta facendo. Il suo compito non è facile ma le sue parole ci aiutano ad avere fiducia. Siamo una famiglia di 5 persone tre bambini.. Costruire un futuro sicuro è quello che desideriamo più di tutto e volevamo ringraziarla.,Favour
1254856885875937281,2020-04-27,21:36:10,PAGLIACCI,Contrast
1254854611577405440,2020-04-27,21:27:08,Il primo vaccino se lo faccia iniettare lei così dà l'esempio. Vergogna!!!! Si informi bene da scienziati come Stefano Montanari  Tarro.  ecc.... E poi vediamo. Non dimentichi l'articolo 32 della nostra costituzione che garantisce la libera scelta in campo medico,Contrast
1254852403272265732,2020-04-27,21:18:21,L'approccio italiano a Covid-19 non ha logica. Sta distruggendo famiglie ed economia. E' chiaro che così l'Italia non si riprenderà mai più. Il sospetto che sia fortemente voluto è forte. Lei rischia di essere ricordato come un distruttore.,Contrast
1254849738450624513,2020-04-27,21:07:46,Facciamo rimettere in moto Italia mantenere le regole per contrastare ed isolare la pandemia mantenere la distanza!,Neutral
1254849729835552769,2020-04-27,21:07:44,Si vergogni. Continuate con questo regime con la solita scusa. Sacrifici per il bene dell’Italia. Non le crede più nessuno. Vada vada. Che la Francia apre. E ha chiuso dopo di noi. Macron tiene all’economia francese. Al contrario di lei che l’Italia la svende. E con questo chiudo,Contrast
1254846484417216512,2020-04-27,20:54:50,Come se non fosse sufficiente quello che fai per renderti ridicolo ora anche Striscia la Notizia mette a fuoco qualche cazzata che poteva essere sfuggita ai meno attenti,Contrast
1254846266355351552,2020-04-27,20:53:58,Neanche un somaro bocciato 5 volte scriverebbe fesserie come quelle che scrivete sui vostri decreti-carta straccia. Asino! #CONTEBUFFONE #contebugiardo #CONTEDIMETTITI,Contrast
1254841321862414336,2020-04-27,20:34:19,@GiuseppeConteIT gli amici immaginari rientrano tra i #congiunti?,Neutral
1254840474659180544,2020-04-27,20:30:57,Benissimo pensare alla fase due ma la giustizia sta sfuggendo di mano... Come si possono scarcerare malavitosi non pensate alle conseguenze e alle persone morte o sotto scorta per la giustizia italiana?,Neutral
1254837034075725825,2020-04-27,20:17:17,Te ne devi andare via...Vattene...mi fai vomitare ....,Contrast
1254835537166446592,2020-04-27,20:11:20,Basta con gli arresti domiciliari. Vogliamo uscire. Dobbiamo lavorare urgentemente. Se non ci ammazza il virus moriremo dalla fame. Voi ci prendete in giro. Avete i vostri interessi.,Contrast
1254833274641354753,2020-04-27,20:02:21,Emerge ancora più chiara la linea Conte.. Temporeggiare..Differire ..Auspicare.. Mettere allo studio ....Promettere la "potenza di fuoco" ....fuffa e pure fritta🤪🤪🤪,Contrast
1254831172695339011,2020-04-27,19:53:59,pREMIER COMPLIMENTI DISCORSO EQUILIBRATO PIENO DI BUON SENSO. SONO CONVINTO CHE LEI E' L' UNICO VERO STATISTA DI LIVELLO CHE ABBIAMO. VORREI PERO' CHE DICESSE:NESSUN AIUTO AD AZIENDE ITALIANE CHE HANNO SEDI IN PARADISI FISCALI O DELOCALIZZATO LE PRODUZIONI,Favour
1254829266593886208,2020-04-27,19:46:25,Caro premier Conte le vorrei fare una domanda. Sarebbe possibile andare a far visita a mio padre che si trova fuori Regione? Sono più di 3 mesi che non lo vedo e mi manca molto! Grazie,Neutral
1254829212076322821,2020-04-27,19:46:12,E ora basta siamo stufi di voi .. dei dpcm.... del comitato scientifico...che no fa altro che stare in tv a fare terrorismo....delle task Force inutili....che servono solo ad arricchire qualcuno....... andate a zappare al posto dei migranti  così accontentate il ministro,Contrast
1254825853244059648,2020-04-27,19:32:51,ma si dimetta che ha fatto solo casini su casini e siamo ancora nella 💩 e ne avremo ancora di più ma ci sei o ci fai? fino adesso nessuno ha visto un cent. promesso da lei  ve li siete per caso intascati voi? mi sa di si perchè il governo italiano è sempre stato un ladro,Contrast
1254823256391135235,2020-04-27,19:22:32,Sei in disonore ti mandero la fattura. Ricordati la legge del karma,Contrast
1254823035682652166,2020-04-27,19:21:39,Parlate di soldi e aiuti come le nocciolinema solo a parole sui fatti siete solo ridicoli attività chiuse e per voi un attività vale 600 euro? Come una badante e meno di un reddito di cittadinanza? Ricordatelo anche quando mandate le tasse l iva e tutto il resto...,Contrast
1254822604902412289,2020-04-27,19:19:57,Ma vogliamo parlare del fatto che i negozi che vendono intimo non sono necessari Perché chi si ricovera non ha bisogno di pigiami slip canotte maglie intime tute x chi fa riabilitazione. Noi non siamo indispensabili...... Vergognoso!!,Contrast
1254822596727750656,2020-04-27,19:19:55,Perché le scuole negli altri paesi riaprono a maggio e da noi no??? Perché ci sono queste diseguaglianze??,Neutral
1254821961127079938,2020-04-27,19:17:23,Credo che si debba affrontare il problema della scuola in tanti hanno perso il lavoroinvece di cercare qlcs staranno a casa con i bambini?E i disabili e persone fragili?Non esistono?iprovvedimenti sono all'acqua di rose per paura che cada il governo tutti i politici a ricattare,Neutral
1254819791606513666,2020-04-27,19:08:46,Ma le mascherine a 050 le vendete voi del governo? No perché nessun produttore distributore potrà mai vendere una cosa rimettendoci  con il tuo pool di tecnici fagli fare un indagine di mercato prima di fare leggi inutili,Contrast
1254818695718883334,2020-04-27,19:04:25,Ha pensato alle dimissioni?,Contrast
1254818596846538753,2020-04-27,19:04:01,I Governatori delle regioni potrebbero fare a modo loro riaprendo ció che vogliono assumendosi la responsabilità in sede civile e penale in caso di incremento della curva dei contagi e della mortalità manlevando così il governo.,Neutral
1254814829627559936,2020-04-27,18:49:03,Noi partite iva non possiamo permetterci di rispondere "la sua domanda è in corso di elaborazione" né ai fornitori né ai gestori di utenze che chiedono i pagamenti.,Neutral
1254814794433138689,2020-04-27,18:48:54,La mia dmanda per i #600euro è ancora "in attesa di esito". Non dovevano essere tutte pagate entro Pasqua?  Sarebbe gradita anche una semplice risposta tipo: "INPS ha finito i soldi" "stiamo cercando i fondi necessari" o cose del genere.,Neutral
1254814234161983489,2020-04-27,18:46:41,Fino ad ora ho quasi sempre approvato le mosse del governoma ora nella fase più delicata mi sembra che non ci sia idea di cosa fare.Ho paura per un furono molto incerto #Fase2 #congiunto #lockdownitalia #fase1bis #delusione #dateciRisposte #lavoratori @nzingaretti @luigidimaio,Neutral
1254812985761107970,2020-04-27,18:41:43,Vorrei vedere voi al posto del governo   Vi comporteresti come il famoso Trump e il sapientone Salvini Con le flebo di mojitos,Neutral
1254811874769731586,2020-04-27,18:37:18,E l' economia ? Il Turismo? L' agricoltura ???  Neanche una parola !! Ah!!! Non avete ancora costituito un comitato di 879 esperti per certificare che stanno fallendo ?? Con tutti i geni che sono al governo !!!!,Contrast
1254809273898610690,2020-04-27,18:26:58,Vedo che dopo ieri sera si è proprio fatto amare dagli italiani.Noi vogliamo un governo perché sia in grado di prendere decisioni concrete non di blaterare supposizioni a casaccio.Altrimenti faremmo anche a meno di un parlamento. Task force esperti virologi per arrivare dove?,Contrast
1254805300697317377,2020-04-27,18:11:11,Signor Presidente mi ha deluso profondamente grazie a lei io non posso uscire più di casa sono un parrucchiere.,Contrast
1254804111712759808,2020-04-27,18:06:28,Ma quindi vado dal mio congiunto e non posso toccarlo ma anzi devo stargli ad un metro di distanza e con su la mascherina? #congiunti #Fase2 #lockdownitalia #4maggio,Neutral
1254800600941936640,2020-04-27,17:52:30,I solidi sono pochi e devono sostenere anche l'economia si deve poter attingere  ai fondi regionali o quantomeno indirizzarliper le casse integrazione o progetti realmente utili. Una commissione permanente con le regioni non solo di tecnici che non conoscono il territorio.,Neutral
1254800506100355072,2020-04-27,17:52:08,I fidanzati non possono incontrarsi. Però i mafiosi condannati con il 41 bis possono uscire. Dimettiti INCAPACE e torna dell'anonimato.,Contrast
1254794836714164224,2020-04-27,17:29:36,Buonasera Ho seguito attentamente la diretta di ieri è vorrei fare le mie congratulazioni X la prudenza ma sarebbe necessario dare più possibilità di riapertura alle regioni del sud ed a quelle la cui la presenza covid è quasi sparita... questo X far ripartire le aziende,Favour
1254790873130258432,2020-04-27,17:13:51,Ma i fidanzati che sono fuori regione come fanno a non vedersi per tutto questo tempo? Sopratutto parlando di regioni diverse dalla Lombardia....,Neutral
1254788840146919424,2020-04-27,17:05:46,Scusate ma è  possibile vedere il fidanzato che abita in un altro paese?Visto che sono due mesi che non ci vediamo?,Neutral
1254787369317761028,2020-04-27,16:59:56,Presidente ma per chi ha i parenti fuori regione quando potrà rivederli?,Neutral
1254787107840614408,2020-04-27,16:58:53,Una maggiore chiarezzasarebbe opportuna cominciando ad esempio: cosa si intende per "congiunti"?Il termine “congiunti” infatti non fa parte del vocabolario giuridico. Il Codice civile conosce i “parenti” e gli “affini”.,Neutral
1254786761068175367,2020-04-27,16:57:31,Bisogna differenziare le regioni può servire anche a chi ha ancora molti contagi se si riaprono le regioni con situazione sotto controllo si vedrà come procedono i contagi. Non è corretto essere penalizzati tutti.,Neutral
1254784911921143808,2020-04-27,16:50:10,Dimettiti,Contrast
1254784835303829504,2020-04-27,16:49:52,Sono imbarazzata per lei. 45 minuti di monologo sconclusionato date sbagliate cifre sbagliate un disastro insomma. La certezza è che come sempre ha perso un' occasione per mostrare coraggio facendo surriscaldare ulteriormente gli animi già duramente provati di molti di noi!,Contrast
1254778731190554624,2020-04-27,16:25:36,Buonasera presidente da premettere che io sono con lei mi fido di lei e la sto sostenendo da sempre l'unica cosa che le chiedo di accelerare o eliminare la troppa burocrazia che c'è per favorire l'immediata erogazione della cassa integrazione straordinaria e il bonus di 600€,Favour
1254777490817445892,2020-04-27,16:20:41,Lo sa che è davvero un Presidente anomalo per questo paese? Lo sa che in molti la vorrebbero e solo noi immeritatamente abbiamo questa fortuna?.... Le voglio bene. Per la prima volta sono fiera di chi mi rappresenta. Lei mi rappresenta Presidente. 🇮🇹💗#iostoConte,Favour
1254776225576321036,2020-04-27,16:15:39,Bisognerebbe premiare tutti quei manager che sono riusciti a far lavorare tutti in modo equo(in smart working) e punire chi ha favorito se stesso e gli amici garantendosi lo stipendioferie e tredicesima! @GiuseppeConteIT la prego inviti tutti i manager ad usare il buon senso!,Neutral
1254771899579510786,2020-04-27,15:58:28,Caro Presidente Conte ieri con la collaborazione degli espertoniha decretato la morte di svariate migliaia di attività italiane. Una precisazione:come fa lei ad essere sempre ben pettinato e in ordine se i parrucchieri sono chiusi da 2 mesi?si taglia i capelli allo specchio?,Contrast
1254771463397142529,2020-04-27,15:56:44,Potrò vedere la mia ragazza?,Neutral
1254770368453021697,2020-04-27,15:52:23,Grazie di tutto! Nonostante chi fa polemiche in un momento in cui NON È UTILE MA DANNOSO vada avanti! Grazie! Non so quando rivedrò la mia famiglia ma so che questo è necessario!,Favour
1254769590577455104,2020-04-27,15:49:17,se ami l’italia dimettiti.,Contrast
1254765995064987648,2020-04-27,15:35:00,Fidanzati da 11 anni che abitano a 35 km di distanza e che prima del blocco si vedevano 3 gg alla settimana? Si possono considerare familiari? 🥰,Neutral
1254764861768085508,2020-04-27,15:30:30,L'unica cosa chiara di questo discorso è che non esiste una qualche strategia. Nessun proposito per una fase 2 che di fatto non esiste.  Se avete un minimo di orgoglio e amor di patria dovreste dimettervi e lasciare a qualcun altro. #CONTEDIMETTITI,Contrast
1254764822438260736,2020-04-27,15:30:20,Caro Presidente con la paura non si vince il virus ma bisogna prendere le dovute cautele e precauzioni e andare avanti. Con Controlli serrati e multe salate per chi viola le regole. Andiamo avanti senza paura,Neutral
1254759132290322436,2020-04-27,15:07:44,Alquanto deludente. Si direbbe che lei non abbia capito la situazione. Grave visto il ruolo che riveste.,Contrast
