id,datestamp,timestamp,tweet,label
1254921861017866242,2020-04-28,01:54:21,condivid egoist prudenz fase2 umil consiglioaddett comun lacun leiavvocatodovrebb supervision test prim legg valut insid mostr fianc,0
1254887194759761920,2020-04-27,23:36:36,non dar rett stolt proced prudenz numer non consent,0
1254880739335815171,2020-04-27,23:10:57, esprim solidariet vicin non è facil contest individu temp brevissim giust manovr salvaguard sal cittadin ital non brill semplic burocrat president,1
1254869315804966913,2020-04-27,22:25:33,graz,1
1254864305402662913,2020-04-27,22:05:39,scend piedistall avvocatodelpopol,-1
1254863601287884800,2020-04-27,22:02:51, può present pian neanc minim pens famigl bambin non import non lobby vergogn pers credibil destr approfitt sicur,-1
1254861940733521926,2020-04-27,21:56:15,tant cos chi president chiar figl person disabil bisogn assistt poss rec trov viv altra region chiar pratic sport raggiung dedic,0
1254859951006027777,2020-04-27,21:48:21,blocc non prend respons finanz italian governodellamiser,-1
1254858745865285634,2020-04-27,21:43:33,president è dimentic nom cognom non cant bell cia contedimett,-1
1254857575146950659,2020-04-27,21:38:54,graz comp non è facil parol aiut fiduc famigl bambin costru sicur è desider più vol ringraz,1
1254856885875937281,2020-04-27,21:36:10,pagliacc,-1
1254854611577405440,2020-04-27,21:27:08, vaccin iniett cos dà vergogn inform ben scienz stef montanar tarr ved non diment costitu garant liber scelt camp medic,-1
1254852403272265732,2020-04-27,21:18:21, ital covid 19 non logic distrugg famigl econom chiar cos non riprend più sospett fortement vol è fort risc ricord distruttor,-1
1254849738450624513,2020-04-27,21:07:46, rimett mot ital manten regol contrast isol pandem manten distanz,0
1254849729835552769,2020-04-27,21:07:44, vergogn continu regim sol scus sacrif ben non cred più vad vad franc apre chius macron tien frances contrar svend chiud,-1
1254846484417216512,2020-04-27,20:54:50, non sufficient rend ridicol strisc notiz mett fuoc cazz pot sfugg attent,-1
1254846266355351552,2020-04-27,20:53:58,neanc somar bocc scriv fesser scriv decret cart stracc asin contebuffon contebugiard contedimett,-1
1254841321862414336,2020-04-27,20:34:19, amic immaginar rientr congiunt,0
1254840474659180544,2020-04-27,20:30:57,benissim pens fas giustiz sfugg man poss scarcer malavit non pens consegut mort scort giustiz italian,0
1254837034075725825,2020-04-27,20:17:17, dev andar via vatten mi vomit,-1
1254835537166446592,2020-04-27,20:11:20, arrest domiciliar vogl uscir dobb lavor urgent non ammazz virus mor fam prend gir interess,-1
1254833274641354753,2020-04-27,20:02:21,emerg più chiar line cont temporegg differ auspic mett stud promett potenz fuoc fuff fritt zanyfac zanyfac zanyfac,-1
1254831172695339011,2020-04-27,19:53:59,premier compl discors equilibr buon sens convint unic ver statist livell vorre dicess nessun aiut azi italian sed paradis fiscal delocalizz produzion,1
1254829266593886208,2020-04-27,19:46:25,car premier cont vorre domand possibil andar far vis padr trov region più non ved manc graz,0
1254829212076322821,2020-04-27,19:46:12, stuf dpcm comit scientif che star tv terror dell task forc inutil che serv arricc andat zapp migrant cos accontent ministr,-1
1254825853244059648,2020-04-27,19:32:51, dimett casin casin pileofpo più cent ve intasc sa perc govern ital è ladr,-1
1254823256391135235,2020-04-27,19:22:32, disonor mander fattur ricord legg karm,-1
1254823035682652166,2020-04-27,19:21:39,parl sold aiut nocciolinem parol fatt ridicol attiv chius attiv eur badant redd cittadin ricordatel mand tass iva rest,-1
1254822604902412289,2020-04-27,19:19:57, vogl parl negoz vend intim non necessar perc ricover non bisogn pigiam slip canott magl intim tut riabilit non indispens vergogn,-1
1254822596727750656,2020-04-27,19:19:55,perc scuol paes riapr magg perc diseguagl,0
1254821961127079938,2020-04-27,19:17:23,cred debb affront problem scuol tant pers lavoroinvec cerc cas bambin e disabil fragil non esist iprovved ros paur cad govern polit ricatt,0
1254819791606513666,2020-04-27,19:08:46, mascherin vend govern perc produttor distributor potr vend rimett pool tecnic fagl indagin merc prim legg inutil,-1
1254818695718883334,2020-04-27,19:04:25, pens dimission,-1
1254818596846538753,2020-04-27,19:04:01, govern region potrebber riapr vogl assum respons sed civil penal increment curv contag mortal manlev cos govern,0
1254814829627559936,2020-04-27,18:49:03, part iva non poss permett rispond la domand è cors elabor nè fornitor nè gestor utenz chied pag,0
1254814794433138689,2020-04-27,18:48:54, dmand 600eur è in esit non dov pag entro pasqu grad semplic rispost tip inps fin sold stiam cerc fond necessar cos gen,0
1254814234161983489,2020-04-27,18:46:41, approv moss governom fas più delic non ide paur incert fase2 congiunt lockdownital fase1bis delusion datecirispost lavor,0
1254812985761107970,2020-04-27,18:41:43,vorre ved govern comport famos trump sapienton salvin fleb mojitos,0
1254811874769731586,2020-04-27,18:37:18, econom turism agricoltur neanc parol ah non costitu comit espert certific fall gen govern,-1
1254809273898610690,2020-04-27,18:26:58,ved ser è amar italian noi vogl govern perc grad prend decision concr non blater supposizion casacc altriment parl task forc espert virolog arriv,-1
1254805300697317377,2020-04-27,18:11:11,signor president delus profond graz non poss uscir più cas parrucc,-1
1254804111712759808,2020-04-27,18:06:28, vad congiunt non poss tocc anzi stargl metr distanz mascherin congiunt fase2 lockdownital 4magg,0
1254800600941936640,2020-04-27,17:52:30, solid poch dev sosten poter atting fond regional quantomen indirizzarliper cass integr progett util commission permanent region non tecnic non conosc territor,0
1254800506100355072,2020-04-27,17:52:08, fidanz non poss incontr per mafios condann bis poss uscir dimett incapac torn,-1
1254794836714164224,2020-04-27,17:29:36,buonaser attent dirett è vorre congratul prudenz necessar dar più possibil riapertur region sud presenz covid è spar far ripart azi,1
1254790873130258432,2020-04-27,17:13:51, fidanz region non ved sopratutt parl region divers lombard,0
1254788840146919424,2020-04-27,17:05:46,scus è possibil ved fidanz abit non ved,0
1254787369317761028,2020-04-27,16:59:56,president parent region potr rived,0
1254787107840614408,2020-04-27,16:58:53, maggior chiarezzasarebb opportun cominc intend congiunt il termin congiunt non vocabolar giurid codic civil conosc parent affin,0
1254786761068175367,2020-04-27,16:57:31,bisogn differenz region può serv contag riapr region situazion controll vedr proced contag non è corrett penalizz,0
1254784911921143808,2020-04-27,16:50:10,dimett,-1
1254784835303829504,2020-04-27,16:49:52, imbarazz min monolog sconclusion dat sbagl cifr sbagl disastr insomm certezz è pers occasion mostr coragg surriscald ulterior anim già dur prov,-1
1254778731190554624,2020-04-27,16:25:36,buonaser president premett fid sosten chied acceler elimin tropp burocraz favor erog cass integr straordinar bonus 600,1
1254777490817445892,2020-04-27,16:20:41, sa è davver president anomal sa vorrebber immeritat fortun vogl ben prim fier rappresent rappresent president italy growingheart iostocont,1
1254776225576321036,2020-04-27,16:15:39,bisogn prem que manager riusc far lavor equo in smart working pun favor amic garant stipendiofer tredicesim preg invit manager usar buon sens,0
1254771899579510786,2020-04-27,15:58:28,car president cont collabor espertonih decret mort svar migliai attiv italian precis com ben pettin ordin parrucchier chius tagl capell specc,-1
1254771463397142529,2020-04-27,15:56:44,potr ved ragazz,0
1254770368453021697,2020-04-27,15:52:23,graz polem non è util dannos vad avant graz non so rivedr famigl so è necessar,1
1254769590577455104,2020-04-27,15:49:17, ami dimett,-1
1254765995064987648,2020-04-27,15:35:00,fidanz abit km distanz prim blocc ved gg settiman poss consider familiar smilingfacewith3hearts,0
1254764861768085508,2020-04-27,15:30:30, chiar discors è non esist strateg propos fas non esist minim orgogl amor patr dovrest dimett lasc qualcun contedimett,-1
1254764822438260736,2020-04-27,15:30:20,car president paur non vinc virus bisogn prend dov cautel precauzion andar avant controll serr mult sal viol regol andiam avant paur,0
1254759132290322436,2020-04-27,15:07:44,alquant deludent direbb non cap situazion grav ruol rivest,-1
