id,datestamp,timestamp,tweet,label
1247670268358807557,2020-04-08,01:39:07,Presidente lei sta facendo un ottimo lavoro continui così. Ho solo una richiesta da farle in questo momento di emergenza anche scolastica proponga la stabilizzazione immediata dei precari sulla base dei titoli. Grazie e buon lavoro presidente,Favour
1247664740391936007,2020-04-08,01:17:09,Io ho la soluzione! Lo stato regala 500.000€ a persona e abbiamo risolto. Sicuramente ci sarà chi si lamenta che potevano essere di più.,Neutral
1247664300690485248,2020-04-08,01:15:24,La vostra burocrazia farà più danni e vittime del #COVID19,Contrast
1247662524822106117,2020-04-08,01:08:21,Ma raccontala a qualcun altro! #dimettiti presto o ti daranno dimettere.,Contrast
1247661541899546626,2020-04-08,01:04:26,Questo è solo un prestito! Non capisco l’utilità di questa misura.... sono senza parole,Contrast
1247639277128867840,2020-04-07,23:35:58,Avete sempre pianto miseria ci avete massacrato di tasse e ora saltano fuori 400 miliardi? Non sono certo gli eurobond perché ancora non è deciso nulla quindi dove li prendete?,Contrast
1247633314397241346,2020-04-07,23:12:16,Presidente se mi concede una diretta su Facebook le spiego che ad oggi non avete dato manco un euro agli italiani. E questo fuoco incrociato è una presa per i ......... Grazie,Contrast
1247628627979755521,2020-04-07,22:53:39,Fate ribrezzo.sciacalli sciagurati,Contrast
1247626863675146247,2020-04-07,22:46:38,Una stampa seria ti avrebbe messo al muro davanti a queste menzogne! Non state mettendo nemmeno un quattrino!!!,Contrast
1247625796082171904,2020-04-07,22:42:24,tutto sesso virtuale... qui alla base della piramide non bastano le parole. potenza di fuoco... corre... ma che film sta sognando? non quello degli italiani con le aziende chiuse,Contrast
1247625010681913344,2020-04-07,22:39:16,Signor presidente quando sI ripartirà é necessario che il paese riparta con l'economia VERDE dobbiamo salvare la terra e le sue creature e l'umanità intera. Le acque di Venezia devono rimanere limpide. #GretaThunberg #ambiente #COVID19,Neutral
1247623209635262465,2020-04-07,22:32:07,È il momento di fare sul serio. Ascoltare tutti e agire mettendo in campo tutto ciò che è possibile.  Partire da tutte le forze buone del paese terzo settore incluso.,Neutral
1247622636877864961,2020-04-07,22:29:50,È il migliore politico  del momento  difficile  come il Presidente Mattarella. Il Sig Renzi non avrebbe fatto per i cittadini è solo per sé. Questo pensiero è  giusto quando alcuni politici che non fanno non devono nepppure prendere i vitalizzi.Questa è La nostra Italia,Favour
1247617175528996865,2020-04-07,22:08:08,Prestate i soldi per farvi pagare le tasse. Così riprendete gli stessi denari 2 volte. E se le imprese non ce la fanno le banche si puppano tutto....  Geniale Semplicemente diabolico ma geniale...  LMV,Contrast
1247616560086253571,2020-04-07,22:05:42,Quando si rialza l'Italia corre. Si corre a nascondersi. E anche qualcun'altra farebbe bene a nascondersi.,Contrast
1247613855854768129,2020-04-07,21:54:57,#Giuseppi ancora non si è visto nulla da più di un mese  le “persone” come te dalle mie parti li chiamiamo #quaquaraqua,Contrast
1247610830444781568,2020-04-07,21:42:56,Grande potenza di fuoco però mi sa che manca la miccia!,Contrast
1247609490800816129,2020-04-07,21:37:36,💡 Riassunto del decreto liquidità "Ti chiudo l'azienda e ti presto i soldi per pagarmi le tasse"  Risultato ▶️ Chiuso e indebitato,Contrast
1247608504510230528,2020-04-07,21:33:41,Ma mi piacerebbe sapere da dove vengono questi soldi chiarire specificare al più presto non vorrei sorprese... MES.,Neutral
1247605643583905792,2020-04-07,21:22:19,400 miliardi di garanzia per dei PRESTITI. Non dai un cazzo di niente alle imprese che hai fatto chiudere forzatamente. Chi ha già dei finanziamenti e ha bisogno di altra liquidità verrà sperculato e deriso dalle banche le quali non gli daranno il un bel cazzo.Ero buono anch’io,Contrast
1247605531294007297,2020-04-07,21:21:52,Bravo @GiuseppeConteIT quindi chi é indebitato si deve indebitare e questa sarebbe la potenza di fuoco? #farabutto,Contrast
1247603873541500941,2020-04-07,21:15:17,Mi dispiace ma credo che lei non sia all’altezza..... poveri noi....😔😔😔,Contrast
1247603375761436672,2020-04-07,21:13:18,Tu non dovevi neanche essere li.... Le elezioni le ha vinte il centrodestra nel 2018. Appena finita l'emergenza levati dalle scatole.,Contrast
1247601892475232263,2020-04-07,21:07:25,Ottimo  Riassunto del decreto liquidità:   "Ti chiudo l'azienda e ti presto i soldi per pagarmi le tasse"  Risultato:  Chiuso e indebitato.,Contrast
1247597798457049093,2020-04-07,20:51:09,Chi critica negativamente un presidente così non lo merita!,Favour
1247594105196220416,2020-04-07,20:36:28,Vergognati un decreto semplicemente ridicolo che non ha il minimo sentore della realtà,Contrast
1247593667172368384,2020-04-07,20:34:44,Io devo ancora vedere 1€ della cassa integrazione @GiuseppeConteIT,Contrast
1247593176644321281,2020-04-07,20:32:47,Cazzo dove li avevi nascosti? 😄,Contrast
1247592877166931969,2020-04-07,20:31:35,Oggi mi hanno fermato i carabinieri a 200 metri da casa. Con il cane.. neanche il tempo di fare un giretto vicino a casa. Questa è repressione. Questa non è democrazia.. meno poteri alle regioni che si fa un gran casino,Contrast
1247589262960271361,2020-04-07,20:17:14,Basta blocco ci state massacrando non potete combattere un'epidemia distruggendo i cittadini moralmente fisicamente e economicamente. Ma non lo capite?,Contrast
1247586689658302467,2020-04-07,20:07:00,Io ancora non ho visto un centesimo.. Veda un po' lei quello che deve fare presidente. Il suo stipendio lo paghiamo anche noi piva eh...,Contrast
1247586371587518466,2020-04-07,20:05:44,Purtroppo invece di indebitare lo statoche non c'è perché non può stampare moneta propria e farla circolare come fa USA dandola a fondo perduto la Germania o altri stati UE che hanno la doppia moneta si fanno indebitare le aziende che con quei soldi pagheranno tasse poi?,Neutral
1247585940664713216,2020-04-07,20:04:01,E da dove li prendi 'sti soldi che fino a ieri non ce n'erano?,Contrast
1247579964259602432,2020-04-07,19:40:17,Ma quale potenza di fuoco. Tu sei un venditore di pentole peggio di #Renzi. Tutti questi miliardi non sono altro che un prestito che indebiterà le aziende per un futuro indefinito. E magari li dovranno usare a pagare le scadenze fiscali senza aver guadagnato 1 euro... Complimenti,Contrast
1247578243059892227,2020-04-07,19:33:26,#norimberga2020 Non ci affamerete traditori del popolo!,Contrast
1247577914780065793,2020-04-07,19:32:08,Conte parla e scrivi meno FAI DI PIÙ 💪gli italiani stanno morendo di Corona virus e di fame!!!! FATE PRESTO INCAPACI 😭😤😤😤,Contrast
1247577826854866944,2020-04-07,19:31:47,VERGOGNATEVI! FATE SCHIFO!!!!!,Contrast
1247574706045280256,2020-04-07,19:19:23,Dopo le parole e la propaganda quando metterete nero su bianco? Spiegateci come quando è a che prezzo dovremo restituire tutto questo!!! Ricordatevi che ci troviamo messi così perché avete sottovalutato l’emergenza!!,Contrast
1247569872554536962,2020-04-07,19:00:11,Il miglior venditore di pentole della storia!  Breve sunto del decreto di ieri: - Dare nuove risorse alle banche ✔️ - Indebitare ulteriormente le aziende italiane ✔️ - Risorse reali per le imprese 🖕 - Eliminare delle tasse per le imprese 🖕 #vergogna #antiitaliano #incapace,Contrast
1247566420579438593,2020-04-07,18:46:27,Grazie mille oer tutto cio che fa. Siamo tutti con te. Grazie di cuore. Dio tiascoltato.Andra tutto bene Sig. Conte,Favour
1247566391609380865,2020-04-07,18:46:21,palle !!! vergognatevi 🤮,Contrast
1247564012746915840,2020-04-07,18:36:53,Ma che modo di comunicare è? Scriva 750 miliardi di prestiti alle imprese!!! Potenza di fuoco... Nemmeno un venditore di pentole avrebbe osato tanto.,Contrast
1247563272372486146,2020-04-07,18:33:57,Non stai lavorando? Non sai come riprendere l’attività?  Tranquillo!!! Ti presto i soldi aggiungi pure altri debiti... Fa nulla che le banche magari (e dico magari) potranno proporti la sostituzione dei crediti in essere garantiti dallo stato più indebitato del pianeta. 🤡,Contrast
1247559295836667904,2020-04-07,18:18:09,Non é liquidità sono prestiti. Chiamate le cose con il loro nome. #NoMes #Italexit #CONTEDIMETTITI,Contrast
1247557671215140864,2020-04-07,18:11:41,Ma poi i crucchi cosa vogliono in cambio perché se pensano di fare come con la Grecia preferisco arrangiarmi. Meglio lottare e domostrare di cosa siamo veramente fatti noi ITALIANI ci siamo sempre rialzati più forti che mai. Ci siamo fatti mettere troppe volte o piedi in testa,Neutral
1247556254014164997,2020-04-07,18:06:04,E speriamo che vengano indirizzati ad Aziende meritevoli. La malavita non aspetta altro che mettere le mani su questo ricco bottino.,Neutral
1247555910039490561,2020-04-07,18:04:42,Da Italiano mi vergogno di essere governato da voi. Un avvocato che nessuno conosce che fa le conferenze a mezzanotte su Facebook Dimaio ex venditore di bibite Zingaretti che sa solo ridere di cosa non si capisce e una manica di incapaci a seguire. Ci portate alla rovina.,Contrast
1247553065080819714,2020-04-07,17:53:23,Ma se i ventilatori respiratori materiale sanitario arriverà a emergenza finita parole del Comissario Arcuri  figuriamoci quando arriveranno i soldi ...poveri noi povera Italia,Contrast
1247551132148346890,2020-04-07,17:45:42,Grazie king peró plz prendetevi cura degli imprenditori italiani!!! Non ci saranno più giovani imprenditori in Italia perché il rischio economico è troppo alto per favore create ambienti lavorativi sicuri nel paese se no siamo costretti ad andarcene tutti 😭😭🙏🏻🙏🏻,Neutral
1247542254283055105,2020-04-07,17:10:26,Presidente .. Sono stato assunto da una nuova azienda il 9 marzo ..la prego di modificare il decreto in modo che tutti i lavoratori possano essere coperti anche perché adesso sono a casa senza protezione..,Neutral
1247541550080389120,2020-04-07,17:07:38,Non c'è che dire gli italiani a questo suo tweet hanno espresso commenti di giubilo  per la soluzione dei nostri problemi...o forse no 🤔😂,Neutral
1247540502989172740,2020-04-07,17:03:28,Sparati pirlone!!!,Contrast
1247538710591111170,2020-04-07,16:56:21,veramente arrivano se le banche li erogano e se gli imprenditori si impegnano per renderli. lo Stato per l'ennesima volta non mette un soldo .. a parte che negli stipendi (lauti) che non meritate. se non c'è competenza abbiate almeno dignità e andate a casa.,Contrast
1247538278883971077,2020-04-07,16:54:38,😂😂😂😂😂Ma ci crede pure quando lo dice? Guardi che gli Italiani si sono svegliati..... #StopMES #CONTEDIMETTITI #GovernodellaVergogna,Contrast
1247537269054959616,2020-04-07,16:50:37,Ancora la gente aspetta i 600 euro 🤣🤣🤣🤣🤣 #GovernodellaVergogna,Contrast
1247533329865293825,2020-04-07,16:34:58,Bravo Presidente. Agli sciacalli sara' rimasto il torso in gola.,Favour
1247532753907642374,2020-04-07,16:32:41,Ad ogni AZIONE corrisponde una REAZIONE.  non dimenticarlo.,Contrast
1247531825762725889,2020-04-07,16:28:59,Non fate più ridere #Italexit #uscITA subito ds #Ue #CiSalviamodaSoli #NoMes #StopMes,Contrast
1247528671625146368,2020-04-07,16:16:27,MI HAI VERAMENTE STUFATO CON LA RETORICA VUOTA. Non c'è una lira per nessuno. Le banche come arbitri e mediatori a chi dare il prestito? Ma va la incompetente ed impostore vacuo.,Contrast
1247526997774888969,2020-04-07,16:09:48,Ma dov'è che sei?ad oggi un mese senza lavorare in 1€non c'è solo chiacchiere buffoni poltronari 😡😡😡😡😡😡😡,Contrast
1247526820024438787,2020-04-07,16:09:06,Buon lavoro Presidente. E' difficilissima lo sappiamo ma siamo con te e ci proveremo a sopravvivere in tutti i sensi. Attenzione alle mire della criminalità su questi soldi.,Favour
1247526488913534976,2020-04-07,16:07:47,Presidente così non si capisce..400 miliardi non vengono dati alle imprese ma le imprese devono chiedere un prestito alle banche e il prestito sarà garantito dallo Stato. Corretto?,Neutral
1247525565088714759,2020-04-07,16:04:07,Ma che arriva. Prima fate chiudere e poi consegnate le persone in difficoltà alle banche per farvi pagare le tasse. Lei e il suo governo siete indegni del popolo italiano.,Contrast
1247520702162329600,2020-04-07,15:44:47,Grazie sono fiero di essere italiano bene bravi,Favour
1247506926470119425,2020-04-07,14:50:03,Complimenti presidente! Ovviamente non c'è da "cantar vittoria" ma la direzione che sta prendendo è quella giusta! @GiuseppeConteIT non abbia paura di NESSUNO in Europa e L'Italia ne uscirà a testa come merita!,Favour
1247506549385371649,2020-04-07,14:48:33,Grazie Presidente! Grande determinazione grande coraggio grande senso dello Stato. Il nostro miglior PdC di sempre!  Grazie #M5S!!! #IoVotoM5S #iostoconconte #coronavirus #iorestoacasa,Favour
1247505142238384129,2020-04-07,14:42:58,Grandissimo Presidente ORGOGLIO ITALIANO 🇮🇹🇮🇹🇮🇹🇮🇹siamo tutti con te !!! Ripartiamo !!!!,Favour
1247500080220905473,2020-04-07,14:22:51,Lei è un eccellente Presidente del Consiglio uno dei migliori dalla fine della guerra. La stimo tanto sta costruendo un pezzo di Storia tra i migliori di questo Paese. E i suoi rozzi avversari non immaginavano cosa significasse avere a che fare con un universitario italiano. 😉,Favour
1247499214097186816,2020-04-07,14:19:24,bene avanti così l'importante non svendere i nostri asset strategici ai crucchi #Francesi # Olandesi che non vedono l'ora di acquisire a prezzo di saldo. Forza Italia 🇮🇹,Neutral
