id,datestamp,timestamp,tweet,label
1247670268358807557,2020-04-08,01:39:07,president ottim lavor continu cos richiest farl emergt scolast propong stabilizz immed precar bas titol graz buon lavor president,1
1247664740391936007,2020-04-08,01:17:09, soluzion regal 500 000 person risolt sicur sar lament pot più,0
1247664300690485248,2020-04-08,01:15:24, burocraz far più dann vittim covid19,-1
1247662524822106117,2020-04-08,01:08:21, raccontal qualcun dimett prest darann dimett,-1
1247661541899546626,2020-04-08,01:04:26, è prest non cap misur parol,-1
1247639277128867840,2020-04-07,23:35:58, piant miser massacr tass salt non eurobond perc non è decis prend,-1
1247633314397241346,2020-04-07,23:12:16,president conced dirett facebook spieg non dat manc eur italian fuoc incroc è graz,-1
1247628627979755521,2020-04-07,22:53:39,fat ribrezz sciacall sciagur,-1
1247626863675146247,2020-04-07,22:46:38, stamp ser mess mur menzogn non mett quattrin,-1
1247625796082171904,2020-04-07,22:42:24, sess virtual bas piramid non bast parol potenz fuoc corr film sogn non italian azi chius,-1
1247625010681913344,2020-04-07,22:39:16,signor president ripart è necessar ripart verd dobb salv terr creatur inter acque venez dev riman limpid gretathunberg ambient covid19,0
1247623209635262465,2020-04-07,22:32:07,è ser ascolt agir mett camp ciò è possibil part forz buon settor inclus,0
1247622636877864961,2020-04-07,22:29:50,è miglior polit difficil president mattarell renz non cittadin è sè pensier è giust polit non non dev nepppur prend vitalizz quest è ital,1
1247617175528996865,2020-04-07,22:08:08,prest sold farv pag tass cos riprend denar impres non ce banc pupp genial semplic diabol genial lmv,-1
1247616560086253571,2020-04-07,22:05:42, rialz corr corr nascond qualcun altra ben nascond,-1
1247613855854768129,2020-04-07,21:54:57,giusepp non è più mes person part chiam quaquaraqu,-1
1247610830444781568,2020-04-07,21:42:56,grand potenz fuoc per sa manc micc,-1
1247609490800816129,2020-04-07,21:37:36, lightbulb riassunt decret liquid ti chiud prest sold pag tass risult playbutton chius indebit,-1
1247608504510230528,2020-04-07,21:33:41, piac sap veng sold chiar specific più prest non vorre sorpres mes,0
1247605643583905792,2020-04-07,21:22:19, garanz prest non cazz impres chiud forzat già finanz bisogn altra liquid verr spercul deris banc non darann bel cazz ero anch io,-1
1247605531294007297,2020-04-07,21:21:52,brav è indebit indebit potenz fuoc farabutt,-1
1247603873541500941,2020-04-07,21:15:17, dispiac cred non pover,-1
1247603375761436672,2020-04-07,21:13:18, non dov neanc elezion vint centrodestr 2018 appen fin lev scatol,-1
1247601892475232263,2020-04-07,21:07:25,ottim riassunt decret liquid ti chiud prest sold pag tass risult chius indebit,-1
1247597798457049093,2020-04-07,20:51:09, critic negat president cos non mer,1
1247594105196220416,2020-04-07,20:36:28,vergogn decret semplic ridicol non minim sentor realt,-1
1247593667172368384,2020-04-07,20:34:44, ved 1 cass integr,-1
1247593176644321281,2020-04-07,20:32:47,cazz nascost grinningfacewithsmilingeyes,-1
1247592877166931969,2020-04-07,20:31:35, ferm carabinier metr cas can neanc girett cas è repression non è democraz poter region gran casin,-1
1247589262960271361,2020-04-07,20:17:14, blocc massacr non pot combatt distrugg cittadin moral fisic econom non cap,-1
1247586689658302467,2020-04-07,20:07:00, non centesim ved president stipend pagh piv eh,-1
1247586371587518466,2020-04-07,20:05:44, indebit statoc non perc non può stamp monet propr farl circol usa dandol fond perd german ue dopp monet indebit azi que sold pagh tass,0
1247585940664713216,2020-04-07,20:04:01, prend sti sold non ce n eran,-1
1247579964259602432,2020-04-07,19:40:17, potenz fuoc venditor pentol renz non prest indebit azi indefin dovrann usar pag scadenz fiscal guadagn eur compl,-1
1247578243059892227,2020-04-07,19:33:26,norimberga2020 non affam traditor popol,-1
1247577914780065793,2020-04-07,19:32:08,cont parl scriv più flexedbiceps gli italian mor coron virus fam fat prest incapac loudlycryingfac facewithsteamfromn facewithsteamfromn facewithsteamfromn,-1
1247577826854866944,2020-04-07,19:31:47,vergognat fat schif,-1
1247574706045280256,2020-04-07,19:19:23, parol propagand mett ner bianc spiegatec è prezz dovrem restitu ricordat trov mess cos perc sottovalut,-1
1247569872554536962,2020-04-07,19:00:11, miglior venditor pentol stor brev sunt decret dar nuov risors banc heavycheckmark indebit ulterior azi italian heavycheckmark risors real impres middlefinger elimin tass impres middlefinger vergogn antiital incapac,-1
1247566420579438593,2020-04-07,18:46:27,graz mill oer graz cuor dio tiascolt andra ben cont,1
1247566391609380865,2020-04-07,18:46:21,pall vergognat facevomiting,-1
1247564012746915840,2020-04-07,18:36:53, comunic è scriv prest impres potenz fuoc venditor pentol osat,-1
1247563272372486146,2020-04-07,18:33:57,non lavor non sai riprend tranquill prest sold aggiung deb banc e dic potrann proport sostitu cred garant più indebit pianet clownfac,-1
1247559295836667904,2020-04-07,18:18:09,non è liquid prest chiam cos nomes italexit contedimett,-1
1247557671215140864,2020-04-07,18:11:41, crucc vogl camb perc pens grec prefer arrang lott domostr ver fatt italian rialz più fort fatt mett tropp test,0
1247556254014164997,2020-04-07,18:06:04, sper veng indirizz azi meritevol malav non aspett mett man ricc bottin,0
1247555910039490561,2020-04-07,18:04:42, ital vergogn govern avvoc conosc confert mezzanott facebook dimai venditor bib zingarett sa rid non cap manic incapac segu port rovin,-1
1247553065080819714,2020-04-07,17:53:23, ventil respir material sanitar arriv emergt fin parol comissar arcur figuriamoc arriv sold pover pover ital,-1
1247551132148346890,2020-04-07,17:45:42,graz king plz prendet cur imprenditor italian non più giovan imprenditor ital perc risc econom è alto cre ambient lavor sicur costrett andarcen loudlycryingfac loudlycryingfac foldedhandslightskinton foldedhandslightskinton,0
1247542254283055105,2020-04-07,17:10:26,president assunt nuov azi marz la preg modific decret lavor poss cop perc cas protezion,0
1247541550080389120,2020-04-07,17:07:38,non italian tweet espress comment giubil soluzion problem o thinkingfac facewithtearsofjoy,0
1247540502989172740,2020-04-07,17:03:28,spar pirlon,-1
1247538710591111170,2020-04-07,16:56:21,ver arriv banc erog imprenditor impegn rend non mett sold stip laut non merit non compett almen dignit andat cas,-1
1247538278883971077,2020-04-07,16:54:38, facewithtearsofjoy facewithtearsofjoy facewithtearsofjoy facewithtearsofjoy facewithtearsofjoy ma cred guard italian svegl stopmes contedimett governodellavergogn,-1
1247537269054959616,2020-04-07,16:50:37, aspett eur rollingonthefloorlaughing rollingonthefloorlaughing rollingonthefloorlaughing rollingonthefloorlaughing rollingonthefloorlaughing governodellavergogn,-1
1247533329865293825,2020-04-07,16:34:58,brav president sciacall rimast tors gol,1
1247532753907642374,2020-04-07,16:32:41, azion corrispond reazion non dimentic,-1
1247531825762725889,2020-04-07,16:28:59,non fat più rid italexit uscit ds ue cisalviamodasol nomes stopmes,-1
1247528671625146368,2020-04-07,16:16:27, ver stuf retor vuot non lir banc arbitr mediator dar prest incompetent impostor vacu,-1
1247526997774888969,2020-04-07,16:09:48, mes lavor 1 non chiacc buffon poltronar poutingfac poutingfac poutingfac poutingfac poutingfac poutingfac poutingfac,-1
1247526820024438787,2020-04-07,16:09:06,buon lavor president difficilissim sapp prov sopravviv sens attenzion mir criminal sold,1
1247526488913534976,2020-04-07,16:07:47,president cos non cap 400 non veng dat impres impres dev chied prest banc prest sar garant corrett,0
1247525565088714759,2020-04-07,16:04:07, arriv prim fat chiud consegn difficolt banc farv pag tass govern indegn popol ital,-1
1247520702162329600,2020-04-07,15:44:47,graz fier ital ben brav,1
1247506926470119425,2020-04-07,14:50:03,compl president ovvi non cant vittor direzion prend è giust non paur europ uscir test mer,1
1247506549385371649,2020-04-07,14:48:33,graz president grand determin grand coragg grand sens miglior pdc graz m5s iovotom5s iostoconcont coronavirus iorestoacas,1
1247505142238384129,2020-04-07,14:42:58,grandissim president orgogl ital italy italy italy italy siam ripart,1
1247500080220905473,2020-04-07,14:22:51, è eccellent president miglior guerr stim costru pezz stor miglior rozz avversar non immagin signific universitar ital winkingfac,1
1247499214097186816,2020-04-07,14:19:24,ben avant cos non svend asset strateg crucc frances olandes non ved acquis prezz sald ital italy,0
