id,datestamp,timestamp,tweet,label
1262513396903264258,2020-05-19,00:40:24,Presidente @GiuseppeConteIT la prego di notare che tantissimi lavoratori del turismo hanno un contratto a tempo determinato e lavorano solo durante la stagione turistica! Non siamo stagionali?! Oltre al danno subito per i mesi di lavoro persoanche la beffa di essere emarginati?!,Contrast
1262480386770206722,2020-05-18,22:29:14,SigConte quando ci fa pagare la CIGD che aspettiamo da 3mesi??Quando bontà sua farà arrivare i soldi per mangiare??Non crede che è arrivata l’ora di smettere di raccontarci bugie e promesse che non mantenete??Le ricordo che lei ha chiesto scusama noi vogliamo i soldi della CIGD!,Contrast
1262463570547298304,2020-05-18,21:22:25,Ma quindi ci si può spostare da regione a regione o non ancora?,Neutral
1262460844039954442,2020-05-18,21:11:35,C'è chi si accontenta.... E non prova vergogna. Si parlo proprio di lei caro  presidente della repubblica libera delle banane....,Contrast
1262424755120062466,2020-05-18,18:48:10,Bravo Presidente. Ti sei comportato come nessun altro avrebbe saputo fare. Grazie,Favour
1262421427879280641,2020-05-18,18:34:57,Inutile fare decreti a raffica che poi non trovano applicazione.  Se lo fai per farti pubblicità lascia stare... tanto tra poco farai la fine che meriti. Ps. Rispondi ai giornalisti... è ora che smetti di percularci con falsi annunci.,Contrast
1262419884811616256,2020-05-18,18:28:49,#decretorilancio date i soldi che avete promesso a fondo perduto  agli autonomi!A nessuna altra categoria è chiesto di indebitarsi per almeno 25000 euro per poter mantenere la famiglia e tornare a lavorare.Vergogna ci avete lasciato con 600 euro!,Contrast
1262415571473358848,2020-05-18,18:11:41,Lei deve firmare solo una cosa: LE DIMISSIONI! #Contedimettiti,Contrast
1262398118483591169,2020-05-18,17:02:20,ma perchè tutte le critiche a conte arrivano da account che sembrano tutto tranne che quelli di persone reali?,Neutral
1262388667034873856,2020-05-18,16:24:46,Un po’di vergogna la prova ogni tanto?X averci ingannatox aver gestito malissimo il covid impedendo autopsie e aumentando i mortix averci ridotto sul lastricox averci tolto le libertà senza motivo. Me lo chiedo perché non dormo più la notte e non so come possa riuscirci lei.,Contrast
1262386942831988748,2020-05-18,16:17:55,Complimenti per tutto il lavoro svolto,Favour
1262365298361077761,2020-05-18,14:51:55,Il pallonaro che è... Ancora aspettiamo quelli di marzo... Tutti a casa dovete andare inutili,Contrast
1262358762574295040,2020-05-18,14:25:57,E lo dice su un social pieno di donne nude e uomini che si baciano? Lo trova serio?,Neutral
1262347174404382726,2020-05-18,13:39:54,Presidente scusi ma per le persone che assistono parenti portatori di handicap quanto verrà firmato il decreto per usufruire di ulteriori gg in aspettativa retribuita??? Mi creda la situazione non è più gestibile mia madre malata di Alzaihmer e non abita con me!!!,Neutral
1262343286519328770,2020-05-18,13:24:27,L'incompetenza ed inettitudine di questo #governo. Le imprese vogliono riaprire anche perché più sicuro un introito minimo che il nulla dato da questi inetti ed incapaci. Un dpcm ad 8 ore dall'apertura! Un dl sparito. Un mal governo senza eguali,Contrast
1262340466277842946,2020-05-18,13:13:14,Ma il dpcm per essere legge non dovrebbe passare dal parlamento? Me lo spieghi lei visto che insegna diritto!!! Avvocato del diavolo altro che del popolo!!!!,Contrast
1262339613617782785,2020-05-18,13:09:51,E le dimissioni.....???,Contrast
1262339396617080837,2020-05-18,13:08:59,E con questo che vuoi dire BUFFONE...? Che ti sei tolto le responsabilità demandandola alle regioni....? VATTENE DIMETTITI TU E TUTTA LA TUA SQUADRA DI GOVERNO INCLUSA LA TASK FORCE...... BUFFONE INCAPACE.....,Contrast
1262335476201140224,2020-05-18,12:53:25,Stronzi! Avete violato i diritti umani la pagherete per questo crimine #Contedimettiti,Contrast
1262334077933404160,2020-05-18,12:47:51,Stai distruggendo l'Italia infame cialtrone ce le stiamo segnando tutte siate maledetti.,Contrast
1262332678998810624,2020-05-18,12:42:18,Ma presidente.. Com'è che io residente a Reggio Calabria debbo aspettare il 3 giugno x andare a Messina mezz'ora di tempo.. A trovare mio figlio che nn sta tanto bene?,Neutral
1262331979611156481,2020-05-18,12:39:31,Ma il decreto maggio rilancio Italia quando sarà sulla gazzetta ufficiale?,Neutral
1262329472382128128,2020-05-18,12:29:33,Quando i governanti non fanno il bene del popolo vengono cacciati a pedate. È quello che faremo con voi!!,Contrast
1262328973792509952,2020-05-18,12:27:34,Mi devo fare una bella giocata al superenalotto con tutti i numeri che dai nri tuoi falsi decreti buffone,Contrast
1262320171206803456,2020-05-18,11:52:36,10 mila asili privati di cui abbiamo bisogno fuori dal decreto e senza risposte!!!!! Vergogna volete dettare legge anche sull'educazione e la crescita dei nostri figli. Dovete occuparvene,Contrast
1262317834631294976,2020-05-18,11:43:19,Grazie di esserci ! Tutta la mia stima ! 👏👏💕,Favour
1262310710014550017,2020-05-18,11:15:00,Sanatoria per i CLANDESTINI... Avete LEVATO IL BONUS AL PERSONALE SANITARIO... VERGOGNA! #CONTEDIMETTITI #governodimettetevitutti #Governodellavergogna,Contrast
1262306808007397377,2020-05-18,10:59:30,GLI ERRORI DI CONTE (e del @Quirinale) 1. DICHIARATO STATO DI EMERGENZA IN GENNAIO NON HA AVUTO IL CORAGGIO DI CHIUDERE LE FRONTIERE  2. NON HAI TENUTO CONTO DEI SUGGERIMENTI DELLA DESTRA CHE LO RICHIEDEVANO  3. HAI NOMINATO INCAPACI 3. HAI APERTO IN MODO SCELLERATO OGNI COSA ORA,Contrast
1262304374245732353,2020-05-18,10:49:49,Egregio signor Conte ma tutti questi decreti..e ancora non sono arrivati AIUTI concreti alle famiglie alle imprese!Ma esattamente voi guadagnate per.. ?Ho 29anni e mi vergogno di essere governata da voi. Sospendetevi i vostri stipendini...,Contrast
1262298033578000385,2020-05-18,10:24:38,Adesso firma le dimissioni grazie,Contrast
1262279311282888704,2020-05-18,09:10:14,Caro Presidente Giuseppe Conte premetto che sono assolutamente convinto della bontà di quasi tutti i provvedimenti per il rilancio del nostro Paese. Tuttavia sono profondamente deluso dalla ambigua attenzione riservata a noi infermieri.,Neutral
1262277968056979456,2020-05-18,09:04:54,Caro Presidente Giuseppe Conte premetto che sono assolutamente convinto della bontà di quasi tutti i provvedimenti per il rilancio del nostro Paese.,Favour
1262276660960866304,2020-05-18,08:59:42,Si dimetta!!!,Contrast
1262269672252194817,2020-05-18,08:31:56,Ammirazione per il lavoro svolto Devo però dissentire sulla faccenda  dei tamponi e dei controlli(( il pagamento non deve essere sulle spalle del cittadino Ma  sanità!!!) ' È un diritto per chi ha avuto una vicinanza con un condivirus... Grazie,Neutral
1262260934761996288,2020-05-18,07:57:13,Sempre più orgogliosa di essere italiana  e ancora più orgogliosa di avere un Presidente del Consiglio come lei  grazie avanti così adesso tocca noi con responsabilità e prudenza andiamo avanti .Sempre dalla sua parte Conte Forever ❤️,Favour
1262260766008377344,2020-05-18,07:56:32,Nemmeno i peggiori governi Berlusconi sono mai stati così imbarazzanti,Contrast
1262254106657411073,2020-05-18,07:30:05,Ci ha preso gusto eh a governare attraverso DPCM??? Se li goda perché la cuccagna non dura per sempre! #ConteDimettiti #DittaturaSanitaria #GovernoDellaVergogna #Falliti,Contrast
1262253065589096453,2020-05-18,07:25:57,Firma le dimissioni Pinocchio 🤥 e incapace,Contrast
1262248156118605825,2020-05-18,07:06:26,Quindi.. in sintesi .. cosa si può e cosa non si può? Fino a quando? Almeno in formula di previsione..,Neutral
1262243381683589123,2020-05-18,06:47:28,Quando sarà pubblicato sulla gazzetta ufficio? Quando arriveranno gli aiuti? Da febbraio non è arrivato nullaoggi riapertura per moltissimicon spese ulteriori per adeguare i locali e ancora soldi da spendere ma è possibile??? @GiuseppeConteIT @gualtierieurope,Neutral
1262235191290011651,2020-05-18,06:14:55,Firma le dimissioni stronzo!,Contrast
1262234475058081793,2020-05-18,06:12:04,Credevo stesse firmando la PODENZA DI FUOGO il BUFFONE.,Contrast
1262197446429544448,2020-05-18,03:44:56,Che Dio di stramaledica farabutto!,Contrast
1262171791184846851,2020-05-18,02:02:59,Miracolo vai a casa per favore che siamo stanchi di vederti lascia la poltrona a qualcuno che ha più competenze,Contrast
1262168726113222657,2020-05-18,01:50:48,Pagliaccio 🤡,Contrast
1262164661828452355,2020-05-18,01:34:39,Grazie Presidente,Favour
1262163959693672448,2020-05-18,01:31:52,Garantendo un largo anticipo alle aziende che devono ottemperare alle sue disposizioni. Ottimo lavoro.,Favour
1262158577290153984,2020-05-18,01:10:29,... firmare le dimissioni invece ? No eh ?,Contrast
1262158286389944327,2020-05-18,01:09:19,Bravo Giuseppe.,Favour
1262157665846923269,2020-05-18,01:06:51,Grazie mille ... da un “eroe” 😏,Favour
1262151865174757381,2020-05-18,00:43:48,Sarai menzionato nei libri di scuola per aver prodotto volutamente il maggior disastro economico della storia di questo paese. Complimenti un cazzo.,Contrast
1262145960475492353,2020-05-18,00:20:21,Restituiscici la nostra libertà. Fatto questo sparisci nel nulla dal quale sei arrivato.  #VogliamoVotare,Contrast
1262137523184295938,2020-05-17,23:46:49,Perche non ti decidi a dimetterti? Ci faresti un grande regalo,Contrast
1262136244504596483,2020-05-17,23:41:44,Incentiviamo il consumo o sarà solo nero. Subito credito d’imposta per chi acquista beni e servizi fino al 30.09.2020 con mezzi di pagamento tracciabili. Le attività che riaprono non fanno scontrini.,Neutral
1262132862968528897,2020-05-17,23:28:18,Ma gli Edili sono rimasti fuori? Lavorano molti ragazzi in nero,Neutral
1262129238746030080,2020-05-17,23:13:54,Ora dipende da noi bisogna agire con prudenza e responsabilità 💪💖🇮🇹,Neutral
1262129165295325187,2020-05-17,23:13:36,Te ne devi andare pagliaccio,Contrast
1262128824084574215,2020-05-17,23:12:15,Presidente apprezzo molto siano state consentite e normate le celebrazioni di tutte le religioni. Ma i matrimoni civili? Il 19 giugno potrò andare a teatro ma mia madre non potrà vedere il mio matrimonio... Le pare rispettato l’art.3 Cost?,Neutral
1262128632387993602,2020-05-17,23:11:29,Speriamo che i contagi non aumentino e ci troviamo a ritornare alla Fase 1 🙏🏽🙏🏽🙏🏽,Neutral
1262128613161304066,2020-05-17,23:11:25,Ha dimenticato di vietare di giocare con i ferri arrugginiti.  Ma la smetta con questa gigantesca pagliacciata pur di continuare a stare al potere.,Contrast
1262127730939908103,2020-05-17,23:07:54,I tuoi inutili DPCM tieniteli che non ci servono a niente. Invece affrettati a firmare le tue dimissioni. Così sì che farai davvero il bene del paese. #CONTEDIMETTITI #GovernodellaVergogna,Contrast
1262127720185683976,2020-05-17,23:07:52,Leggendo il DPCM non trovo nessun riferimento allo svolgimento dei matrimoni civili. È possibile celebrarli?,Neutral
1262125745767399426,2020-05-17,23:00:01,Un altro atto incostituzionale. Ne ha confezionati parecchi di scritti contro la democrazia.Tutti i nodi vengono al pettine. Prima o poi.,Contrast
1262124911012831232,2020-05-17,22:56:42,Già le lettere DPCM sembrano inneggiare ad una bestemmia! Così come la vostra dubbia capacità di governare! Una bestemmia! Voi che fate i geni e stilate decreti con mille cavilli per pararvi comunque le chiappe! Avete il mio totale dissenso! #FateSchifo,Contrast
1262124435806527488,2020-05-17,22:54:49,È un bel risultato ma non illudiamoci perchè purtroppo non è ancora finita. Al Presidente Conte vanno riconosciuti i giusti meriti ma  continuiamo ad ascoltarlo quando ci invita alla prudenza,Favour
1262123465110441984,2020-05-17,22:50:57,Bravo Giusé sempre operativo.,Favour
