id,datestamp,timestamp,tweet,label
1262513396903264258,2020-05-19,00:40:24,president preg not tantissim lavor turism contratt determin lavor stagion turist non stagional dann lavor persoanc beff emargin,-1
1262480386770206722,2020-05-18,22:29:14,sigcont pag cigd aspett 3mes quand bont far arriv sold mang non cred è arriv smett raccont bug promess non manten le ricord chiest scusam vogl sold cigd,-1
1262463570547298304,2020-05-18,21:22:25, può spost region region non,0
1262460844039954442,2020-05-18,21:11:35, accontent non prov vergogn parl car president repubbl liber banan,-1
1262424755120062466,2020-05-18,18:48:10,brav president comport sap graz,1
1262421427879280641,2020-05-18,18:34:57,inutil decret raffic non trov applic fart pubblic lasc star mer ps rispond giornal è smett percul fals annunc,-1
1262419884811616256,2020-05-18,18:28:49,decretorilanc dat sold fond perd autonom a altra categor è chiest indebit almen eur poter manten famigl torn lavor vergogn eur,-1
1262415571473358848,2020-05-18,18:11:41, firm dimission contedimett,-1
1262398118483591169,2020-05-18,17:02:20, perc critic cont arriv account sembr real,0
1262388667034873856,2020-05-18,16:24:46, vergogn prov averc ingannatox gest covid imped autops aument mortix averc ridott lastricox averc tolt libert mot chied perc non dorm più nott non so riusc,-1
1262386942831988748,2020-05-18,16:17:55,compl lavor svolt,1
1262365298361077761,2020-05-18,14:51:55, pallonar è aspett marz cas dov andar inutil,-1
1262358762574295040,2020-05-18,14:25:57, social donn nud uomin bac trov ser,0
1262347174404382726,2020-05-18,13:39:54,president scus assist parent portator handicap verr firm decret usufru ulterior gg aspett retribu cred situazion non è più gestibil madr mal alzaihmer non abit,0
1262343286519328770,2020-05-18,13:24:27, inettitudin govern impres vogl riapr perc più sicur intro minim dat inett incapac dpcm dl spar mal govern egual,-1
1262340466277842946,2020-05-18,13:13:14, dpcm legg non dovrebb pass parl spieg insegn diritt avvoc diavol popol,-1
1262339613617782785,2020-05-18,13:09:51, dimission,-1
1262339396617080837,2020-05-18,13:08:59, vuo buffon tolt respons demand region vatten dimett squadr govern inclus task forc buffon incapac,-1
1262335476201140224,2020-05-18,12:53:25,stronz viol diritt uman pagh crimin contedimett,-1
1262334077933404160,2020-05-18,12:47:51, distrugg infam cialtron ce segn maledett,-1
1262332678998810624,2020-05-18,12:42:18, president com è resident regg calabr debb aspett giugn andar messin mezz ora trov figl non ben,0
1262331979611156481,2020-05-18,12:39:31, decret magg rilanc ital sar gazzett ufficial,0
1262329472382128128,2020-05-18,12:29:33, govern non ben popol veng cacc ped è farem,-1
1262328973792509952,2020-05-18,12:27:34, bell gioc superenalott numer nri fals decret buffon,-1
1262320171206803456,2020-05-18,11:52:36, asil priv bisogn decret rispost vergogn vol dett legg cresc figl dov occup,-1
1262317834631294976,2020-05-18,11:43:19,graz esserc stim clappinghands clappinghands twohearts,1
1262310710014550017,2020-05-18,11:15:00,sanator clandestin lev bonus personal sanitar vergogn contedimett governodimettetevitutt governodellavergogn,-1
1262306808007397377,2020-05-18,10:59:30, error cont e 1 dichiar emergt gennai non coragg chiud front 2 non ten cont sugger destr richied 3 nomin incapac 3 apert sceller,-1
1262304374245732353,2020-05-18,10:49:49,egreg signor cont decret e non arriv aiut concret famigl impres ma esatt guadagn ho 29ann vergogn govern sospendet stipendin,-1
1262298033578000385,2020-05-18,10:24:38, firm dimission graz,-1
1262279311282888704,2020-05-18,09:10:14,car president giusepp cont premett assolut convint bont provved rilanc profond delus ambigu attenzion riserv infermier,0
1262277968056979456,2020-05-18,09:04:54,car president giusepp cont premett assolut convint bont provved rilanc,1
1262276660960866304,2020-05-18,08:59:42, dimett,-1
1262269672252194817,2020-05-18,08:31:56,ammir lavor svolt per dissent facc tampon controll pag non spall cittadin sanit è diritt vicin condivirus graz,0
1262260934761996288,2020-05-18,07:57:13, più orgogl italian più orgogl president graz avant cos tocc respons prudenz andiam avant sempr cont forever redheart,1
1262260766008377344,2020-05-18,07:56:32, peggior govern berluscon cos imbarazz,-1
1262254106657411073,2020-05-18,07:30:05, pres gust eh govern dpcm god perc cuccagn non dur contedimett dittaturasanitar governodellavergogn fall,-1
1262253065589096453,2020-05-18,07:25:57,firm dimission pinocc lyingfac incapac,-1
1262248156118605825,2020-05-18,07:06:26, sintes può non può almen formul prevision,0
1262243381683589123,2020-05-18,06:47:28, sar pubblic gazzett uffic arriv aiut febbrai non è arriv nullaogg riapertur moltissimicon spes ulterior adegu local sold spend è possibil,0
1262235191290011651,2020-05-18,06:14:55,firm dimission stronz,-1
1262234475058081793,2020-05-18,06:12:04,cred firm podenz fuog buffon,-1
1262197446429544448,2020-05-18,03:44:56, dio stramaled farabutt,-1
1262171791184846851,2020-05-18,02:02:59,miracol vai cas stanc ved lasc poltron più compett,-1
1262168726113222657,2020-05-18,01:50:48,pagliacc clownfac,-1
1262164661828452355,2020-05-18,01:34:39,graz president,1
1262163959693672448,2020-05-18,01:31:52,garant larg azi dev ottemper disposizion ottim lavor,1
1262158577290153984,2020-05-18,01:10:29,firm dimission eh,-1
1262158286389944327,2020-05-18,01:09:19,brav giusepp,1
1262157665846923269,2020-05-18,01:06:51,graz mill ero smirkingfac,1
1262151865174757381,2020-05-18,00:43:48, menzion libr scuol prodott volut disastr econom stor compl cazz,-1
1262145960475492353,2020-05-18,00:20:21,restituisc libert spar arriv vogliamovot,-1
1262137523184295938,2020-05-17,23:46:49, non decid dimett grand regal,-1
1262136244504596483,2020-05-17,23:41:44,incentiv consum sar ner cred acquist ben serviz 30 09 2020 mezz pag tracciabil attiv riapr non scontrin,0
1262132862968528897,2020-05-17,23:28:18, edil rimast lavor ragazz ner,0
1262129238746030080,2020-05-17,23:13:54, dip bisogn agir prudenz respons flexedbiceps sparklingheart italy,0
1262129165295325187,2020-05-17,23:13:36, dev andar pagliacc,-1
1262128824084574215,2020-05-17,23:12:15,president apprezz consent norm celebr religion matrimon civil giugn potr andar teatr madr non potr ved matrimon par rispett cost,0
1262128632387993602,2020-05-17,23:11:29,sper contag non aumentin trov ritorn fas foldedhandsmediumskinton foldedhandsmediumskinton foldedhandsmediumskinton,0
1262128613161304066,2020-05-17,23:11:25, dimentic viet gioc ferr arruggin smett gigantesc pagliacc pur continu star pot,-1
1262127730939908103,2020-05-17,23:07:54, inutil dpcm tienitel non serv affrett firm dimission cos sì davver ben contedimett governodellavergogn,-1
1262127720185683976,2020-05-17,23:07:52,legg dpcm non trov rifer svolg matrimon civil è possibil celebr,0
1262125745767399426,2020-05-17,23:00:01, atto incostituzional confezion scritt democraz tutt nod veng pettin prim,-1
1262124911012831232,2020-05-17,22:56:42,già lett dpcm sembr innegg bestemm cos dubb capac govern bestemm fat gen stil decret mill cavill par chiapp total dissens fateschif,-1
1262124435806527488,2020-05-17,22:54:49,è bel risult non illudiamoc perc non è fin president cont vann riconosc giust mer continuiam ascolt invit prudenz,1
1262123465110441984,2020-05-17,22:50:57,brav gius oper,1
