id,datestamp,timestamp,tweet,label
1261081898572484610,2020-05-15,01:52:09,Se un dipendente si ammala dopo il lavoro (fare spesa trombare il partner al parco a casa di altri) perché deve essere infortunio sul lavoro?!? Ma bisogna essere degli stupidi imbecilli per pensare una caxxata simile!?!?!?,Contrast
1261078473445199874,2020-05-15,01:38:32,RIAPRI LE REGIONI CHE TI VENIAMO A PRENDERE. .  MENTECATTO......        CONTE IL BUFFONE....,Contrast
1261069382500917248,2020-05-15,01:02:24,Cazzaro di merda!!! Sondaggi non truccati da voi sinistrati vi danno già fuori da palazzo Chigi!!!! Ci vediamo il 2 giugno con i gilet arancioni e lo facciamo cadere sto governo di pagliacci!!! Pure le forze dell'ordine sono stufi pure loro di voi pagliacci,Contrast
1261065917850619905,2020-05-15,00:48:38,Ma Lei forse nn sa  la cassa integrazione nn abbiamo vista ancora un euro dal 9 marzo.,Contrast
1261062455435890689,2020-05-15,00:34:53,E il decreto deve essere ancora approvato e soprattutto si passano altri giorni per modificare proposte di legge davvero insignificanti nel periodo in cui siamo.. siamo stufi di sentire queste cazzate quando i soldi non arriveranno c raccontate le stesse cose da due mesi.. BASTA,Contrast
1261059708170964992,2020-05-15,00:23:58,Il personale sanitario dopo le belle parole e le promesse rimane ancora una volta a bocca asciutta ..... VERGOGNATEVI !,Contrast
1261058961362608130,2020-05-15,00:21:00,Hai rotto il cazzo giuseppi,Contrast
1261055369788432390,2020-05-15,00:06:44,Credo sia il governo peggiore della storia italiana ...tutte misure contro gli italiani ...vergogna,Contrast
1261041766935003143,2020-05-14,23:12:40,Incapaceambollosoe comunistaandate a casasiete bravi solo a fare le multeImbecilli,Contrast
1261015675348410369,2020-05-14,21:29:00,Ma vattela a piglià ntel culo Conte da Foggia... ma basta ammorbare l’aria..come ti vedo incominciano gli sforzi...indovina quali?,Contrast
1261012909129433088,2020-05-14,21:18:00,Andate a casasiete la vergogna e la rovina dell’Italia!,Contrast
1261012021132353536,2020-05-14,21:14:28,Sei più finito delle mascherine antivirus,Contrast
1261009478834622466,2020-05-14,21:04:22,Ascoltati Sara Cunial sei un criminale spietato e senza cuore. Vediamo se farai vaccinare i tuoi figli sciacallo,Contrast
1261007685488689155,2020-05-14,20:57:15,Vergogna avete abbandonato i comuni italiani ad un disastro annunciato!!senza fondi per le cose essenziali neanche nel medioevo succedeva questo ma cosa aspettate a dimettervi!!!!AIUTOOOOOOOOOOO,Contrast
1260997507116605444,2020-05-14,20:16:48,Domanda cosa avreste fatto al posto di Conte? Chi avreste messo al suo posto per risolvere i problemi di 80anni di mala politica. Vi sto chiedendo questo perché Twitter è diventato non un social network ma un covo di profili falsi che si insultano a vicenda.,Neutral
1260993969514840066,2020-05-14,20:02:45,finiscila di prendere in giro gli italiani perché alla fine si incazzano,Contrast
1260990899527585792,2020-05-14,19:50:33,Potete prolungare lo stato d emergenza quanto volete tanto a roma veniamo lo stesso buffone,Contrast
1260990378896953345,2020-05-14,19:48:29,Troppa inesperienza in un momento così importante per l Italia invece di fare tante parole  troppe troppe davvero passa il testimone a qualcuno che sappia rilanciare l economia del paese senza assumere 600 persone che provano a fare il tuo lavoro non aggiungo altro,Contrast
1260978941201920001,2020-05-14,19:03:02,patetici e #ipocriti come le lacrime della @TeresaBellanova che piange per i clandestini e se ne fotte degli imrpenditori suicidi e dei milioni di tialiani che eprderanno aiuto sanitari e sociali mangiati dalla schiera di clandestini. #vergognatevi #antiitaliani,Contrast
1260977081082576899,2020-05-14,18:55:38,Grazie! fiera di averti come Presidente orgoglio italiano!,Favour
1260971397565775872,2020-05-14,18:33:03,Quando andrete fuori dalle scatole sarà pur sempre tardi.,Contrast
1260958719090872324,2020-05-14,17:42:40,NAZZISTA MALEDETTO ASSASSINO #TERRORISTA #SATANISTA SEI L'#ANTICRISTO MA NON RIUSCIRAI A FARCI STAR ZITTI LA #DEMOCRAZIA NON MORIRA' SE OSI CONTINUARE LA FINTA EMRGENZA PER IL FINTO #VIRUS LA PAGHERAI CARA,Contrast
1260944027286999044,2020-05-14,16:44:17,Perche' come fate a sapere che uno in casa non organizzera' compleanni pranzi cene o qualsivoglia festa con 20 o piu'persone? Mi scusi ma se questa e' COERENZA.. A me sembra ingenuo pensare che i furbetti non ne approfitteranno..,Neutral
1260943173842591745,2020-05-14,16:40:54,Mi scusi signor presidente  una domanda .Ma come e' possibile andare a trovare amici e  parenti liberamente e nello stesso tempo dire che in casa e' comunque vietato fare feste riunioni e assembramenti di ogni genere.Quindi  si andra' di casa in casa a controllare giusto?,Neutral
1260941676656427011,2020-05-14,16:34:57,Non ripartirà nulla perché avete distrutto la serenità d’animo,Contrast
1260941242713681920,2020-05-14,16:33:14,Sig. Presidente la vera sfida sarà sburocratizzare questo paese. Metta al lavoro una task force di giuristi di diritto amm.vo funzionari di enti locali e ministeri etc eliminando le sovrapposizioni di competenze e tutte quelle norme autoreferenziali che fanno solo perdere tempo.,Neutral
1260938196587819011,2020-05-14,16:21:07,Per le aziende che hanno cominciato a lavorare nel 2020 e dopo due mesi di lavoro sono state bloccate causa covid 19 cosa fanno?,Neutral
1260936609035431937,2020-05-14,16:14:49,#decretorilancio  Caro Presidente lei parla di rilancio ma i 600 euro dell'inps non si sono visti la proroga per i pagamenti dei contributi nemmeno. Continuo come niente fosse a pagare l'affitto le bollette e la rata dell'auto. La smetta di offendere la nostra intelligenza.,Contrast
1260934014296195078,2020-05-14,16:04:30,Bravissimo Presidente!!! Avanti tutta!!!! Grazie!,Favour
1260931198345293829,2020-05-14,15:53:19,Non si preoccupi con calma in piazza di Spagna non ci sono albergatori che hanno finito i soldi hanno continuato a pagare mutui e affitti nonostante fatturato 0. Stia tranquillo sono solo ologrammi come i miliardi che avete millantato di aver immesso.,Contrast
1260930212818087939,2020-05-14,15:49:24,Faccio seguito al messaggio precedente per fare presente che le persone in tirocinio non possono usufruire di cassa integrazione ne di bonus  e vista la situazione di non trovare lavoro. trattasi di giovani senza speranza di una vita dignitosa. Confido in un suo interessamento.,Neutral
1260929359617101824,2020-05-14,15:46:00,Presidente purtroppo questa maggioranza di governo è troppo divisa su tutto e vengono fuori misure poco efficaci e confuse che  accontentano si tutte le forze di maggioranza ma lasciano scontenti tutti gli Italiani. Scelte non compromessi erano necessari. #decretorilancio,Neutral
1260928616810139648,2020-05-14,15:43:03,Egregio Presidente buongiorno volevo segnalarle che nell'elenco degli aiuti previsti per i cittadini mancano provvedimenti in merito alle assunzioni con contratto di tirocinio attualmente sospeso per emergenza Covid 19  come da DGR 2-1114 del 13.03.2020 .,Neutral
1260926632812052480,2020-05-14,15:35:10,Grande Presidente! 💐 Bravissimi tutti 👏👏👏 È la prima volta della mia vita che sono politicamente fiera di essere italiana... Continuate a farci sognare ❤ PS: tanto attenti in Europa... 🦊💪🍀,Favour
1260917813952290816,2020-05-14,15:00:08,avanti cosi raddrizziamo questa Italia togliere tante burocrazie che sono servite solo a far sparire soldi,Favour
1260916892006522880,2020-05-14,14:56:28,Le vostre conferenze stampa ma soprattutto i contenuti sono come le mie sedute in bagno: alla fine tiro l'acqua e sparisce tutto.,Contrast
1260913906823892992,2020-05-14,14:44:36,@GiuseppeConteIT in Europa riaprono i confini in Italia i congiunti fuori regione non possono vedersi da mesi. Però riapriamo qualsiasi cosa e consentiamo libero spostamento all’interno della regione. Posso vedere un amico a 200km ma non il congiunto a 3km di distanza. Ridicoli,Contrast
1260913197911093248,2020-05-14,14:41:47,Rilancia sto cazzo !!! Assassino del popolo Italiano!!!,Contrast
1260910894588059649,2020-05-14,14:32:38,Un Governo controllato da Renzi. Vergogna avete tradito gli italiani. Mai più #m5s.,Contrast
1260910680330436608,2020-05-14,14:31:47,Che vergogna! Avete pensato a clandestini e nn a italiani presto senza lavoro con cassa integrazione di marzo ancora da avere! Spero in una rivoluzione vergogna,Contrast
1260907907757080578,2020-05-14,14:20:46,DIMETTITI,Contrast
1260907839083741184,2020-05-14,14:20:30,Spacciatore di puttanate quotidiane dimettiti!!,Contrast
1260903473593364480,2020-05-14,14:03:09,Lo chiamano #CuraItalia : che fine ha fatto chi si è davvero preso cura di voi? Che fine ha fatto il bonus per Infermieri ed operatori sanitari impegnati in emergenza?  Vergognosi.,Contrast
1260902410278576128,2020-05-14,13:58:55,Però pensi anche a chi vorrebbe solo riabbracciare chi ama in italia e in Svizzera. Questo fa parte della salute dei cittadini. Il rilancio deve partire da qui. Il distacco uccide come il virus,Neutral
1260900651984396289,2020-05-14,13:51:56,Vai a fare in culo stronzo !! Il prolungamento del rischio pandemia fino a gennaio mettitelo in culo!! Gi italiani nn staranno più al tuo giochetto e scenderanno in piazza!! Preparati il 2 giugno !! CONTE sei solo un un perfido corrotto e venduto!! Criminale hai vita breve !!,Contrast
1260900143425085440,2020-05-14,13:49:55,Presidente lei ha chiesto alle banche un atto d'amore per aiutare gli italiani. Anch'io le chiedo un atto d'amore. Si dimetta. La prego.,Contrast
1260899383941500930,2020-05-14,13:46:54,Caro Presidente eviti di approvare la riapertura da regione a regione fino a quando non saremo a casi 0. Altrimenti sarebbe come buttare al vento tutti i sacrifici fatti. La prego 🙏,Neutral
1260898664320585729,2020-05-14,13:44:02,Devono ancora arrivare i #600euro. Quelli di Aprile sì. Sinceramente: basta. Se ne vada. Lei è indecoroso. #decretorilancio #decretorilancioperifondelli,Contrast
1260898005688991744,2020-05-14,13:41:25,Ma la finisci di sparare stronzate?? La finisci di chiacchierare e BASTA??? Ora ormai puoi andare a vendere le pentole con Mastrotta....  Vogliamo i fatti cazzo!!! Prima noi italiani stronzi!!! Ma ce la fai a dormire la notte?? Sei #vergognoso! #contedimettiti!!,Contrast
1260893509881602048,2020-05-14,13:23:33,Ho letto il testo della manovra c'è praticamente tutto o comunque molto moltissimo. Ottimo lavoro,Favour
1260891916239069184,2020-05-14,13:17:13,Guardi io spero che qualcosa vada per il verso giusto perché qui nella realtà va tutto male! Ma male davvero! Qui la sensazione e’che ha impiegato un attimo a chiudere tutto ma che nulla partirà!autocertificazione indegna parole sempre vuote,Contrast
1260889078603624453,2020-05-14,13:05:57,Ma non vi fate MINIMAMENTE schifo che non avete inviato nemmeno UN EURO alle famiglie in ginocchio da mesi? Vorrei tanto vedere le vostre buste paga come verranno pagate puntuali. Che schifo.,Contrast
1260888711946014721,2020-05-14,13:04:29,Tante balle ancora  come se già non ne avessimo  ma di concreto da questo governo niente come sempre  la gente è stufa  guardate i commenti e rendetevene conto,Contrast
1260885352383987717,2020-05-14,12:51:08,Egregio signor presidente del consiglio e governo io capisco che non è colpa ne vostra ne nostra se ci troviamo in questa situazione si emergenzama almeno date la possibilità alle famiglie ed imprese di vivere dignitosamente,Neutral
1260880864847806471,2020-05-14,12:33:18,A me se il mio titolare non mi anticipava lo stipendio con cazzo mangiavo se aspettavo Voi morivo di fame!! MERDEEEEEE Dimettervi no?? #GovernodellaVergogna,Contrast
1260875409555677185,2020-05-14,12:11:38,Schifoso figlio di puttana ci stai affossando nella merda... Ma vai tranquillo che prima o poi ti prendiamo pezzo di merda,Contrast
1260875051181752322,2020-05-14,12:10:12,Dovete fare qualcosa per gli affitti imporre dei limiti non è più possibile pagare 1000 e a Roma o Milano per 60 m2 e a Viterbo 200 Non si può campare con bollette da 150 e senza lavoro. O ribaltate il sistema o non ce la faremo mai! Servono misure drastiche ed efficaci di VITA,Neutral
1260874669416120322,2020-05-14,12:08:41,Da domani tutti i cassaintegrati italiani che ad oggi non hanno ricevuto un euro possono tutti andare a mangiare a casa del nostro  presidente.... Mi fai pena.... Sei un miserabile.... Ma la bellanova fa la lacrimuccia e noi intanto moriamo di fame #CONTEDIMETTITI,Contrast
1260872947851505666,2020-05-14,12:01:51,Il decreto è un ginepraio di 258 articoli degno di una enciclopedia! Farraginoso e incomprensibile che mette in difficoltà i Commercialisti figuriamoci la gente comune! Tante Chiacchiere e tanto inchiostro ma c'è bisogno di liquidità non da oggi ma da...ieri! Scherzate col fuoco!,Contrast
1260872833820917761,2020-05-14,12:01:24,30 anni a rubare soldi ai cittadini e noi vi abbiamo fatto fare ora che abbiamo bisogno noi siete con il culo a terra. Troppo comodo! Vergognosi. Volete stare in Europa? Allora prendete esempio dai paesi che funzionano meglio di noi (praticamente tutti),Contrast
1260872659333713922,2020-05-14,12:00:42,TRADITORE!!!,Contrast
1260870709741584384,2020-05-14,11:52:57,Vergognatevi dovete andare a casa pezzi di merda,Contrast
1260869966775156738,2020-05-14,11:50:00,Una vergogna. E i #congiuntifuoriregione ?,Contrast
1260856515965136897,2020-05-14,10:56:33,#DlRilancio #universita @GiuseppeConteIT complimenti per l’iniziativa ma per favore prima di immettere tt qst denaro nel sistema universitario è necessario un drastico cambiamento! Stop ad un sistema basato sul numero di citazioni e pubblicazioni! È un disastro! #meritocrazia,Neutral
1260850207358685185,2020-05-14,10:31:29,Bene. Più di quanto fatto in tanti anni.  Nella speranza che la comunità italiana la smetta di lamentarsi e inizi ad attivarsi per costruire il futuro.  🇮🇹,Favour
1260848016229126144,2020-05-14,10:22:47,Grazie Presidente. Io sono una malata oncologica sotto chemio e sapere che Lei ci guida è una grande consolazione. Buon lavoro,Favour
1260845895433826305,2020-05-14,10:14:21,Una manovra colossale! 👏🏼👏🏼👏🏼👏🏼👏🏼,Favour
1260840442683408384,2020-05-14,09:52:41,Presidente qui bisogna fermare il disastro in Lombardia.... non ci lasci soli! Questa gente sta distrugendo una regione... lo stato deve intervenire! Dallo spreco in fiera qu tamponi di lusso passando per le rsa; hanno violentato una regione! Vanno cacciati !,Neutral
1260835729086861313,2020-05-14,09:33:57,Un rilancio con fatti non si poteva fare di meglio come ripartenza. I braccianti cosa che non possono fare tutti per cui hanno dato una mano agli agricoltori altrimenti molta roba marciva sui campi. L’opposizione sa fare solo casino invece dovrebbe collaborare in momenti diffic,Favour
