id,datestamp,timestamp,tweet,label
1261081898572484610,2020-05-15,01:52:09, dipendent ammal lavor far spes tromb partner parc cas perc infortun lavor bisogn stupid imbecill pens caxx simil,-1
1261078473445199874,2020-05-15,01:38:32,riapr region ven prend mentecatt cont buffon,-1
1261069382500917248,2020-05-15,01:02:24,cazzar merd sondagg non trucc sinistr dann già palazz chig ved giugn gilet arancion cad govern pagliacc forz stuf pagliacc,-1
1261065917850619905,2020-05-15,00:48:38, non sa cass integr non vist eur marz,-1
1261062455435890689,2020-05-15,00:34:53, decret approv pass modific propost legg davver insignific period stuf sent cazz sold non arriv raccont cos,-1
1261059708170964992,2020-05-15,00:23:58, personal sanitar bell parol promess riman bocc asciutt vergognat,-1
1261058961362608130,2020-05-15,00:21:00, rott cazz giusepp,-1
1261055369788432390,2020-05-15,00:06:44,cred govern peggior stor italian tutt misur italian vergogn,-1
1261041766935003143,2020-05-14,23:12:40,incapaceambolloso comunistaand casas brav multeimbecill,-1
1261015675348410369,2020-05-14,21:29:00, vattel pigl ntel cul cont fogg ammorb ved incominc sforz indovin,-1
1261012909129433088,2020-05-14,21:18:00,andat casas vergogn rovin,-1
1261012021132353536,2020-05-14,21:14:28, più fin mascherin antivirus,-1
1261009478834622466,2020-05-14,21:04:22,ascolt cunial criminal spiet cuor ved vaccin figl sciacall,-1
1261007685488689155,2020-05-14,20:57:15,vergogn abbandon comun italian disastr annunc senz fond cos essenzial neanc med succed aspett dimett aiutoooooooooo,-1
1260997507116605444,2020-05-14,20:16:48,domand cont mess risolv problem 80ann mal polit chied perc twitter è non social network cov profil fals insult vic,0
1260993969514840066,2020-05-14,20:02:45,finiscil prend gir italian perc incazz,-1
1260990899527585792,2020-05-14,19:50:33,pot prolung emergt vol rom ven buffon,-1
1260990378896953345,2020-05-14,19:48:29,tropp inesperit cos import ital tant parol tropp tropp davver pass testimon sapp rilanc econom assum prov lavor non aggiung,-1
1260978941201920001,2020-05-14,19:03:02,patet ipocr lacrim piang clandestin fott imrpenditor suicid tialian eprderann aiut sanitar social mang schier clandestin vergognat antiitalian,-1
1260977081082576899,2020-05-14,18:55:38,graz fier avert president orgogl ital,1
1260971397565775872,2020-05-14,18:33:03, andret scatol sar pur tard,-1
1260958719090872324,2020-05-14,17:42:40,nazzist maledett assassin terror satan non riusc farc star zitt democraz non morir continu fint emrgenz fint virus pagh car,-1
1260944027286999044,2020-05-14,16:44:17, fat sap cas non organizzer compleann pranz cen qualsivogl fest scus coerenz ingenu pens furbett non approfitt,0
1260943173842591745,2020-05-14,16:40:54, scus signor president domand ma possibil andar trov amic parent liber cas viet fest riunion assembr gen quind andra cas cas controll giust,0
1260941676656427011,2020-05-14,16:34:57,non ripart perc distrutt seren,-1
1260941242713681920,2020-05-14,16:33:14, president ver sfid sar sburocratizz mett lavor task forc giurist diritt amm vo funzionar enti local minister etc elimin sovrapposizion compett norm autoreferenzial perd,0
1260938196587819011,2020-05-14,16:21:07, azi cominc lavor lavor blocc caus covid,0
1260936609035431937,2020-05-14,16:14:49,decretorilanc car president parl rilanc eur non vist prorog pag contrib continu pag bollett rat smett offend intelligt,-1
1260934014296195078,2020-05-14,16:04:30,bravissim president avant graz,1
1260931198345293829,2020-05-14,15:53:19,non preoccup calm piazz spagn non alberg fin sold continu pag mutu affitt fattur 0 tranquill ologramm millant immess,-1
1260930212818087939,2020-05-14,15:49:24, messagg precedent present tirocin non poss usufru cass integr bonus vist situazion non trov lavor trattas giovan speranz dignit confid interess,0
1260929359617101824,2020-05-14,15:46:00,president maggior govern è divis veng misur efficac confus accontent forz maggior lasc scontent italian scelt non compromess necessar decretorilanc,0
1260928616810139648,2020-05-14,15:43:03,egreg president buongiorn vol segnal aiut previst cittadin manc provved mer assunzion contratt tirocin attual sospes emergt covid dgr 2 1114 13 03 2020,0
1260926632812052480,2020-05-14,15:35:10,grand president bouquet bravissim clappinghands clappinghands clappinghands è prim polit fier italian continu farc sogn redheart ps attent europ foxfac flexedbiceps fourleafclover,1
1260917813952290816,2020-05-14,15:00:08,avant raddrizz ital togl tant burocraz serv far spar sold,1
1260916892006522880,2020-05-14,14:56:28, confert stamp conten sed bagn tir spar,-1
1260913906823892992,2020-05-14,14:44:36, europ riapr confin ital congiunt region non poss ved per riapr qualsias consent liber spost region poss ved amic 200km non congiunt 3km distanz ridicol,-1
1260913197911093248,2020-05-14,14:41:47,rilanc cazz assassin popol ital,-1
1260910894588059649,2020-05-14,14:32:38, govern controll renz vergogn trad italian più m5s,-1
1260910680330436608,2020-05-14,14:31:47, vergogn pens clandestin non italian prest lavor cass integr marz sper rivolu vergogn,-1
1260907907757080578,2020-05-14,14:20:46,dimett,-1
1260907839083741184,2020-05-14,14:20:30,spacciator puttan quotidian dimett,-1
1260903473593364480,2020-05-14,14:03:09, chiam curaital è davver pres cur bonus infermier oper sanitar impegn emergt vergogn,-1
1260902410278576128,2020-05-14,13:58:55,per pens vorrebb riabbracc ama ital svizzer sal cittadin rilanc part distacc uccid virus,0
1260900651984396289,2020-05-14,13:51:56,vai cul stronz prolung risc pandem gennai mettitel cul gi italian non più giochett scend piazz prepar giugn cont perfid corrott vend criminal brev,-1
1260900143425085440,2020-05-14,13:49:55,president chiest banc atto aiut italian anch io chied atto dimett preg,-1
1260899383941500930,2020-05-14,13:46:54,car president evit approv riapertur region region non cas 0 butt vent sacrif fatt preg foldedhands,0
1260898664320585729,2020-05-14,13:44:02,dev arriv 600eur april sì sincer vad è indecor decretorilanc decretorilancioperifondell,-1
1260898005688991744,2020-05-14,13:41:25, fin spar stronz fin chiacchier orma puo andar vend pentol mastrott vogl fatt cazz prim italian stronz ce dorm nott vergogn contedimett,-1
1260893509881602048,2020-05-14,13:23:33, lett test manovr pratic ottim lavor,1
1260891916239069184,2020-05-14,13:17:13,guard sper vad giust perc realt davver sensazion impieg attim chiud part autocertif indegn parol vuot,-1
1260889078603624453,2020-05-14,13:05:57, non fat minim schif non invi eur famigl ginocc vorre ved bust pag verrann pag puntual schif,-1
1260888711946014721,2020-05-14,13:04:29,tant ball già non concret govern è stuf guard comment rendeteven cont,-1
1260885352383987717,2020-05-14,12:51:08,egreg signor president govern cap non è colp trov situazion emergenzam almen dat possibil famigl impres viv dignit,0
1260880864847806471,2020-05-14,12:33:18, titol non anticip stipend cazz mang aspett mor fam merdeeeee dimett governodellavergogn,-1
1260875409555677185,2020-05-14,12:11:38,schifos figl puttan affoss merd vai tranquill prim prend pezz merd,-1
1260875051181752322,2020-05-14,12:10:12,dov affitt imporr lim non è più possibil pag rom mil m2 viterb non può camp bollett lavor ribalt sistem non ce farem serv misur drastic efficac,0
1260874669416120322,2020-05-14,12:08:41, doman cassaintegr italian non ricev eur poss andar mang cas president pen miser bellanov lacrimucc mor fam contedimett,-1
1260872947851505666,2020-05-14,12:01:51, decret è gineprai articol degn encicloped farragin incomprens mett difficolt commercial figuriamoc comun tant chiacc inchiostr bisogn liquid non scherz fuoc,-1
1260872833820917761,2020-05-14,12:01:24, rub sold cittadin bisogn cul terr comod vergogn vol star europ prend paes funzion pratic,-1
1260872659333713922,2020-05-14,12:00:42,traditor,-1
1260870709741584384,2020-05-14,11:52:57,vergognat dov andar cas pezz merd,-1
1260869966775156738,2020-05-14,11:50:00, vergogn congiuntifuoriregion,-1
1260856515965136897,2020-05-14,10:56:33,dlrilanc univers compl prim immett tutt qst denar sistem universitar è necessar drastic camb stop sistem bas numer citazion pubblic è disastr meritocraz,0
1260850207358685185,2020-05-14,10:31:29,ben più tant speranz comun italian smett lament iniz attiv costru italy,1
1260848016229126144,2020-05-14,10:22:47,graz president mal oncolog chem sap guid è grand consol buon lavor,1
1260845895433826305,2020-05-14,10:14:21, manovr colossal clappinghandsmedium lightskinton clappinghandsmedium lightskinton clappinghandsmedium lightskinton clappinghandsmedium lightskinton clappinghandsmedium lightskinton,1
1260840442683408384,2020-05-14,09:52:41,president bisogn ferm disastr lombard non lasc sol distrug region interven sprec fier qu tampon luss pass rsa violent region vann cacc,0
1260835729086861313,2020-05-14,09:33:57, rilanc fatt non pot ripartt bracciant non poss dat man agricoltor rob marc camp sa casin dovrebb collabor moment diffic,1
